1,1,0.99994,0.99457,0.97123,0.95636,0.9371,0.83213,0.82584,0.79677,0.78811,0.78538,0.76095,0.71788,0.67846,0.66621,0.4768,0.47489,0.43842,0.3802,0.28259,0.192,0.11584,0.033385,0.029036,0.026622,0.0092808,0.007057,0.0054038,0.0016108,0.00023337,0.000039558,0.000015103,0.000011417,0.0000095855,0.0000058908,0.0000037498,0.0000021644,0.0000020829,0.0000011151,0.0000010749,0.00000090939,0.00000059111,0.00000044512,0.000000224,0.000000060794,0.000000029,0.0000000075041,0.0000000054369,0.00000000154,0.0000000014155,0.0000000011726,5.9348E-10,4.0901E-10,6.7382E-11,2.4142E-11,2.1997E-11,6.7969E-12,5.4743E-13,5.4639E-13,1.1446E-13,8.4005E-15,9.6667E-16,2.6855E-16,2.3244E-16,3.5202E-17,3.3081E-17,2.0446E-17,1.6207E-17,1.1135E-17,2.7956E-18,1.1561E-18,8.0243E-19,6.6141E-19,5.5988E-19,2.7651E-19,8.7405E-20,8.0844E-20,4.0485E-20,3.2558E-20,2.5209E-20,6.0441E-22,3.253E-22,3.1832E-25,5.2825E-26,5.0236E-26,3.5083E-26,4.6524E-28,2.4588E-29,2.2999E-30,3.7531E-31,2.4473E-31,2.8218E-33,1.4317E-33,7.9972E-36,4.0863E-36,1.1378E-37,3.9719E-39,3.5106E-42,7.0672E-43,3.7324E-43
1,0.99994,1,0.99564,0.97372,0.9594,0.9407,0.83756,0.83134,0.80255,0.79397,0.79126,0.76701,0.72419,0.68492,0.6727,0.48309,0.48118,0.44453,0.38594,0.28748,0.1958,0.11846,0.034338,0.029883,0.027408,0.0095926,0.0073011,0.0055957,0.0016744,0.00024392,0.000041531,0.000015892,0.000012021,0.000010097,0.0000062116,0.0000039579,0.0000022873,0.0000022013,0.00000118,0.0000011376,0.00000096274,0.00000062633,0.00000047191,0.00000023777,0.000000064703,0.000000030947,0.000000008,0.0000000058119,0.0000000016498,0.0000000015166,0.0000000012567,6.3681E-10,4.3914E-10,7.2557E-11,2.6038E-11,2.3727E-11,7.3448E-12,5.9376E-13,5.9263E-13,1.2443E-13,9.1645E-15,1.0576E-15,2.943E-16,2.5477E-16,3.8676E-17,3.6349E-17,2.2478E-17,1.7824E-17,1.2251E-17,3.081E-18,1.2755E-18,8.8568E-19,7.3019E-19,6.1823E-19,3.0558E-19,9.6723E-20,8.947E-20,4.4841E-20,3.607E-20,2.7936E-20,6.7259E-22,3.6224E-22,3.5707E-25,5.9362E-26,5.6455E-26,3.944E-26,5.2525E-28,2.7837E-29,2.6097E-30,4.2656E-31,2.7826E-31,3.2213E-33,1.6354E-33,9.1759E-36,4.6912E-36,1.3102E-37,4.5862E-39,4.0764E-42,8.2164E-43,4.3415E-43
1,0.99458,0.99564,1,0.99061,0.98127,0.96771,0.88162,0.87609,0.85015,0.84231,0.83983,0.81746,0.77724,0.73969,0.72788,0.53837,0.53641,0.49851,0.43714,0.33173,0.23078,0.14306,0.043577,0.038111,0.035061,0.012698,0.009745,0.0075274,0.0023284,0.00035552,0.000062916,0.00002455,0.000018672,0.000015737,0.0000097729,0.0000062803,0.0000036665,0.0000035312,0.0000019143,0.0000018467,0.0000015675,0.0000010275,0.000000778,0.00000039663,0.00000011029,0.000000053378,0.000000014122,0.000000010288,0.000000003,0.000000002739,0.0000000022759,0.0000000011646,8.0742E-10,1.368E-10,4.9777E-11,4.5416E-11,1.4278E-11,1.1918E-12,1.1896E-12,2.546E-13,1.9341E-14,2.2879E-15,6.4578E-16,5.5994E-16,8.6765E-17,8.1598E-17,5.0721E-17,4.0318E-17,2.7824E-17,7.0993E-18,2.966E-18,2.0672E-18,1.7077E-18,1.4483E-18,7.21E-19,2.3087E-19,2.1372E-19,1.0785E-19,8.6944E-20,6.7508E-20,1.6848E-21,9.1272E-22,9.5815E-25,1.6181E-25,1.5395E-25,1.0789E-25,1.4904E-27,8.0924E-29,7.7329E-30,1.2823E-30,8.3933E-31,1.0058E-32,5.1328E-33,2.9938E-35,1.5381E-35,4.4087E-37,1.5804E-38,1.4744E-41,3.0042E-42,1.5942E-42
1,0.97123,0.97372,0.99061,1,0.99837,0.99296,0.93569,0.9314,0.91073,0.90432,0.90228,0.88357,0.84881,0.81522,0.80446,0.6214,0.61941,0.58072,0.51674,0.40301,0.28924,0.1858,0.060882,0.053634,0.049562,0.018877,0.014663,0.011458,0.0037213,0.00060887,0.00011404,0.000045795,0.000035114,0.000029743,0.000018727,0.000012186,0.0000072214,0.000006962,0.0000038374,0.0000037054,0.000003159,0.000002094,0.000001597,0.0000008283,0.00000023774,0.00000011709,0.000000032,0.000000023445,0.000000007,0.0000000064283,0.000000005363,0.0000000027844,0.0000000019455,3.4201E-10,1.2701E-10,1.161E-10,3.7338E-11,3.2672E-12,3.2611E-12,7.1791E-13,5.7077E-14,7.001E-15,2.018E-15,1.7539E-15,2.8009E-16,2.6367E-16,1.6514E-16,1.3175E-16,9.1453E-17,2.3837E-17,1.0093E-17,7.0736E-18,5.8603E-18,4.9826E-18,2.5067E-18,8.1643E-19,7.5667E-19,3.8571E-19,3.1192E-19,2.4309E-19,6.3963E-21,3.495E-21,4.0247E-24,6.9551E-25,6.6216E-25,4.6616E-25,6.7962E-27,3.8238E-28,3.7581E-29,6.3652E-30,4.187E-30,5.2792E-32,2.7146E-32,1.6762E-34,8.6743E-35,2.5828E-36,9.5885E-38,9.6062E-41,1.9886E-41,1.0619E-41
1,0.95636,0.9594,0.98127,0.99837,1,0.9981,0.95381,0.95011,0.93198,0.92627,0.92444,0.90756,0.87559,0.84415,0.83398,0.65592,0.65395,0.61534,0.55088,0.43454,0.31595,0.20599,0.069575,0.061478,0.056916,0.022136,0.017282,0.013568,0.004497,0.00075724,0.00014522,0.000059015,0.000045403,0.000038539,0.000024404,0.000015963,0.0000095186,0.0000091807,0.0000050954,0.0000049221,0.0000042038,0.0000027995,0.0000021415,0.0000011187,0.00000032535,0.0000001614,0.000000044613,0.000000032834,0.0000000098761,0.0000000091138,0.0000000076162,0.000000004,0.0000000027886,4.978E-10,1.8644E-10,1.7055E-10,5.5372E-11,4.9409E-12,4.9319E-12,1.0985E-12,8.9004E-14,1.1083E-14,3.2226E-15,2.8035E-15,4.5337E-16,4.2696E-16,2.6826E-16,2.1434E-16,1.4914E-16,3.922E-17,1.67E-17,1.173E-17,9.73E-18,8.2813E-18,4.1846E-18,1.3726E-18,1.2727E-18,6.5149E-19,5.2755E-19,4.1177E-19,1.1075E-20,6.0732E-21,7.268E-24,1.2681E-24,1.2076E-24,8.5176E-25,1.2699E-26,7.2515E-28,7.2106E-29,1.2321E-29,8.1213E-30,1.0459E-31,5.3948E-32,3.4109E-34,1.7705E-34,5.356E-36,2.0175E-37,2.082E-40,4.3384E-41,2.3228E-41
1,0.9371,0.9407,0.96771,0.99296,0.9981,1,0.97025,0.96722,0.95201,0.94712,0.94555,0.9308,0.90219,0.87338,0.86395,0.69287,0.69093,0.6527,0.58819,0.46971,0.34634,0.22945,0.080083,0.070996,0.065859,0.026201,0.020567,0.016231,0.0054988,0.00095516,0.00018791,0.000077355,0.00005973,0.000050815,0.000032377,0.000021298,0.000012785,0.000012337,0.0000068985,0.0000066667,0.0000057051,0.0000038183,0.0000029304,0.0000015427,0.0000004551,0.00000022754,0.000000063778,0.000000047091,0.000000014341,0.000000013245,0.000000011089,0.0000000058298,0.0000000041009,7.4433E-10,2.8134E-10,2.5757E-10,8.4484E-11,7.7002E-12,7.6862E-12,1.7338E-12,1.4338E-13,1.8148E-14,5.3269E-15,4.639E-15,7.6044E-16,7.1646E-16,4.5168E-16,3.6148E-16,2.5219E-16,6.6956E-17,2.8683E-17,2.0197E-17,1.6775E-17,1.4293E-17,7.2568E-18,2.3985E-18,2.2251E-18,1.1442E-18,9.2786E-19,7.2543E-19,1.9981E-20,1.0999E-20,1.3722E-23,2.4191E-24,2.3044E-24,1.6287E-24,2.4878E-26,1.4435E-27,1.4536E-28,2.5076E-29,1.6566E-29,2.1826E-31,1.1297E-31,7.3281E-34,3.8162E-34,1.1744E-35,4.4939E-37,4.7884E-40,1.0049E-40,5.3957E-41
1,0.83213,0.83756,0.88162,0.93569,0.95381,0.97025,1,0.99992,0.9977,0.99649,0.99606,0.9912,0.97861,0.963,0.95741,0.8298,0.82813,0.79469,0.73513,0.6165,0.48064,0.3394,0.13498,0.12123,0.11336,0.049348,0.039586,0.03189,0.011789,0.0023175,0.00050463,0.00021869,0.00017133,0.00014707,0.000096044,0.000064612,0.000039837,0.000038512,0.000022183,0.000021475,0.000018521,0.000012645,0.0000098314,0.0000053379,0.0000016666,0.00000085963,0.00000025467,0.00000019048,0.000000061,0.000000056475,0.000000047624,0.000000025694,0.000000018328,0.0000000035538,0.0000000013931,0.0000000012796,4.3717E-10,4.335E-11,4.3274E-11,1.0267E-11,9.2102E-13,1.244E-13,3.7909E-14,3.3152E-14,5.7358E-15,5.4135E-15,3.4594E-15,2.7866E-15,1.9646E-15,5.4185E-16,2.3776E-16,1.6908E-16,1.4116E-16,1.2082E-16,6.2505E-17,2.1297E-17,1.9798E-17,1.0366E-17,8.4538E-18,6.6534E-18,2.0144E-19,1.1261E-19,1.6578E-22,3.0457E-23,2.9046E-23,2.0697E-23,3.4814E-25,2.1528E-26,2.2797E-27,4.0844E-28,2.7223E-28,3.9283E-30,2.0611E-30,1.4804E-32,7.8101E-33,2.5732E-34,1.0482E-35,1.2688E-38,2.7395E-39,1.4875E-39
1,0.82584,0.83134,0.87609,0.9314,0.95011,0.96722,0.99992,1,0.99846,0.99745,0.99708,0.99276,0.98106,0.96621,0.96084,0.83604,0.83439,0.80133,0.74226,0.62401,0.48787,0.34562,0.13836,0.12435,0.11632,0.050867,0.040849,0.032942,0.012232,0.0024195,0.00052955,0.00023008,0.00018039,0.00015492,0.00010129,0.000068221,0.000042119,0.000040721,0.000023491,0.000022743,0.000019623,0.000013411,0.000010433,0.0000056735,0.0000017764,0.00000091774,0.00000027265,0.00000020406,0.000000065458,0.000000060661,0.000000051173,0.000000027644,0.000000019734,0.0000000038391,0.0000000015077,0.0000000013851,4.7418E-10,4.722E-11,4.7138E-11,1.1212E-11,1.0099E-12,1.3685E-13,4.1784E-14,3.6549E-14,6.3407E-15,5.985E-15,3.8272E-15,3.0839E-15,2.1753E-15,6.0112E-16,2.6408E-16,1.8789E-16,1.5691E-16,1.3433E-16,6.9561E-17,2.3738E-17,2.2069E-17,1.1566E-17,9.4348E-18,7.4279E-18,2.2597E-19,1.2641E-19,1.8767E-22,3.455E-23,3.2951E-23,2.349E-23,3.9703E-25,2.463E-26,2.6148E-27,4.6938E-28,3.1299E-28,4.5372E-30,2.3822E-30,1.7199E-32,9.0794E-33,3.0016E-34,1.2267E-35,1.4943E-38,3.2311E-39,1.7554E-39
1,0.79677,0.80255,0.85015,0.91073,0.93198,0.95201,0.9977,0.99846,1,0.99987,0.99978,0.99788,0.99023,0.97886,0.97452,0.86292,0.86138,0.83017,0.77353,0.65752,0.52057,0.37413,0.15425,0.13904,0.1303,0.058149,0.046926,0.038018,0.014397,0.0029285,0.0006558,0.00028826,0.00022674,0.00019512,0.00012829,0.00008684,0.000053938,0.000052171,0.000030297,0.000029344,0.000025363,0.000017412,0.000013586,0.0000074394,0.0000023594,0.0000012275,0.00000036925,0.00000027716,0.000000089907,0.00000008338,0.000000070453,0.000000038283,0.000000027414,0.0000000054134,0.0000000021436,0.000000002,6.8087E-10,6.9105E-11,6.8985E-11,1.6596E-11,1.5226E-12,2.0937E-13,6.4469E-14,5.6445E-14,9.9123E-15,9.36E-15,6.0036E-15,4.8447E-15,3.4255E-15,9.5476E-16,4.2172E-16,3.0072E-16,2.5143E-16,2.1546E-16,1.1205E-16,3.85E-17,3.5811E-17,1.8844E-17,1.5391E-17,1.2136E-17,3.7715E-19,2.1172E-19,3.2628E-22,6.0629E-23,5.7838E-23,4.1307E-23,7.1353E-25,4.4905E-26,4.8216E-27,8.7296E-28,5.8325E-28,8.6305E-30,4.5452E-30,3.3579E-32,1.7778E-32,5.9686E-34,2.4738E-35,3.1016E-38,6.7494E-39,3.6762E-39
1,0.78811,0.79397,0.84231,0.90432,0.92627,0.94712,0.99649,0.99745,0.99987,1,0.99999,0.9988,0.99233,0.98198,0.97795,0.87035,0.86884,0.83822,0.78237,0.66716,0.53013,0.38259,0.15909,0.14352,0.13457,0.060407,0.048817,0.039603,0.015083,0.0030928,0.00069721,0.00030749,0.00024209,0.00020845,0.00013728,0.00009306,0.000057902,0.000056012,0.000032591,0.000031569,0.0000273,0.000018766,0.000014655,0.0000080409,0.0000025596,0.0000013344,0.00000040286,0.00000030264,0.000000098488,0.000000091358,0.00000007723,0.000000042,0.00000003013,0.000000006,0.0000000023717,0.0000000021808,7.5549E-10,7.7101E-11,7.6968E-11,1.8577E-11,1.7135E-12,2.3662E-13,7.3037E-14,6.3964E-14,1.1272E-14,1.0645E-14,6.8341E-15,5.5173E-15,3.9037E-15,1.0907E-15,4.8254E-16,3.4431E-16,2.8797E-16,2.4685E-16,1.2853E-16,4.4251E-17,4.1165E-17,2.1687E-17,1.772E-17,1.3978E-17,4.3709E-19,2.4561E-19,3.8262E-22,7.1289E-23,6.8013E-23,4.8599E-23,8.4479E-25,5.3387E-26,5.7512E-27,1.0438E-27,6.9783E-28,1.0387E-29,5.4753E-30,4.072E-32,2.1577E-32,7.2763E-34,3.0282E-35,3.8282E-38,8.3462E-39,4.5492E-39
1,0.78538,0.79126,0.83983,0.90228,0.92444,0.94555,0.99606,0.99708,0.99978,0.99999,1,0.99903,0.99294,0.9829,0.97897,0.87263,0.87114,0.84071,0.7851,0.67016,0.53312,0.38524,0.16062,0.14494,0.13592,0.061126,0.049421,0.040109,0.015303,0.0031459,0.00071062,0.00031373,0.00024708,0.00021279,0.0001402,0.000095087,0.000059196,0.000057265,0.00003334,0.000032296,0.000027933,0.000019209,0.000015005,0.0000082381,0.0000026254,0.0000013695,0.00000041394,0.00000031105,0.00000010133,0.000000094,0.000000079472,0.00000004328,0.000000031,0.000000006162,0.0000000024476,0.0000000022508,7.8038E-10,7.9778E-11,7.964E-11,1.9242E-11,1.7778E-12,2.4582E-13,7.5934E-14,6.6507E-14,1.1733E-14,1.1081E-14,7.1159E-15,5.7455E-15,4.066E-15,1.137E-15,5.0324E-16,3.5915E-16,3.0042E-16,2.5754E-16,1.3415E-16,4.6214E-17,4.2993E-17,2.2658E-17,1.8516E-17,1.4607E-17,4.5766E-19,2.5725E-19,4.0211E-22,7.4983E-23,7.1539E-23,5.1127E-23,8.9047E-25,5.6348E-26,6.0763E-27,1.1037E-27,7.3797E-28,1.1005E-29,5.8026E-30,4.3244E-32,2.2921E-32,7.7401E-34,3.2253E-35,4.088E-38,8.9177E-39,4.8619E-39
1,0.76095,0.76701,0.81746,0.88357,0.90756,0.9308,0.9912,0.99276,0.99788,0.9988,0.99903,1,0.99719,0.99002,0.98695,0.89207,0.89067,0.86198,0.80876,0.69643,0.55958,0.40902,0.17457,0.1579,0.14828,0.067772,0.055007,0.044809,0.017366,0.0036499,0.00083963,0.00037412,0.00029541,0.00025481,0.00016864,0.00011483,0.000071831,0.000069511,0.000040686,0.000039424,0.000034146,0.000023565,0.00001845,0.000010186,0.0000032794,0.0000017203,0.00000052513,0.00000039552,0.00000013,0.00000012066,0.00000010215,0.000000055886,0.000000040169,0.0000000080719,0.0000000032273,0.000000003,0.000000001,1.0764E-10,1.0745E-10,2.6198E-11,2.456E-12,3.4358E-13,1.0685E-13,9.3653E-14,1.6683E-14,1.5761E-14,1.0146E-14,8.2013E-15,5.8148E-15,1.6372E-15,7.2775E-16,5.2029E-16,4.3561E-16,3.7374E-16,1.9534E-16,6.766E-17,6.2967E-17,3.3293E-17,2.7234E-17,2.1511E-17,6.8548E-19,3.8637E-19,6.2213E-22,1.1687E-22,1.1153E-22,7.9822E-23,1.4145E-24,9.0534E-26,9.8512E-27,1.8016E-27,1.2065E-27,1.8288E-29,9.6663E-30,7.3367E-32,3.8977E-32,1.3324E-33,5.6148E-35,7.2812E-38,1.5965E-38,8.7214E-39
1,0.71788,0.72419,0.77724,0.84881,0.87559,0.90219,0.97861,0.98106,0.99023,0.99233,0.99294,0.99719,1,0.99778,0.99621,0.92204,0.92082,0.89543,0.84688,0.74023,0.60499,0.45091,0.20027,0.18187,0.17121,0.08043,0.065715,0.053868,0.02144,0.0046797,0.0011104,0.00050258,0.00039861,0.00034477,0.0002299,0.00015762,0.000099404,0.000096247,0.000056848,0.000055113,0.000047849,0.000033224,0.000026115,0.000014554,0.0000047675,0.0000025248,0.00000078387,0.00000059272,0.00000019777,0.00000018375,0.0000001559,0.000000086,0.000000062058,0.000000012725,0.0000000051444,0.0000000047383,0.0000000016755,1.7843E-10,1.7813E-10,4.4102E-11,4.2386E-12,6.0482E-13,1.9026E-13,1.6697E-13,3.0239E-14,2.8582E-14,1.8475E-14,1.4964E-14,1.0644E-14,3.0318E-15,1.3576E-15,9.7353E-16,8.1637E-16,7.0137E-16,3.6869E-16,1.289E-16,1.2003E-16,6.3815E-17,5.2292E-17,4.1387E-17,1.3575E-18,7.6874E-19,1.302E-21,2.4769E-22,2.3644E-22,1.6965E-22,3.096E-24,2.0205E-25,2.2325E-26,4.1303E-27,2.7736E-27,4.3226E-29,2.2942E-29,1.7963E-31,9.5809E-32,3.3441E-33,1.4364E-34,1.9366E-37,4.2831E-38,2.3479E-38
1,0.67846,0.68492,0.73969,0.81522,0.84415,0.87338,0.963,0.96621,0.97886,0.98198,0.9829,0.99002,0.99778,1,0.99979,0.94503,0.94398,0.92187,0.8781,0.77777,0.64535,0.48938,0.22519,0.20522,0.19361,0.093202,0.076599,0.063141,0.025733,0.0058082,0.0014167,0.00065019,0.00051771,0.00044888,0.00030132,0.00020785,0.00013203,0.0001279,0.000076156,0.000073867,0.000064267,0.000044865,0.00003539,0.000019889,0.0000066159,0.0000035334,0.0000011136,0.000000845,0.00000028575,0.00000026573,0.0000002259,0.00000012545,0.000000090898,0.000000019,0.0000000077476,0.0000000071422,0.0000000025537,2.7823E-10,2.7777E-10,6.9718E-11,6.85E-12,9.9481E-13,3.1613E-13,2.7776E-13,5.1044E-14,4.8271E-14,3.1316E-14,2.541E-14,1.8125E-14,5.2164E-15,2.3511E-15,1.6904E-15,1.4196E-15,1.2211E-15,6.4516E-16,2.2742E-16,2.119E-16,1.1321E-16,9.2908E-17,7.3665E-17,2.479E-18,1.4097E-18,2.4972E-21,4.8041E-22,4.5874E-22,3.2987E-22,6.1795E-24,4.103E-25,4.5959E-26,8.5903E-27,5.7825E-27,9.2368E-29,4.9205E-29,3.9607E-31,2.1199E-31,7.5374E-33,3.293E-34,4.5958E-37,1.0243E-37,5.632E-38
1,0.66621,0.6727,0.72788,0.80446,0.83398,0.86395,0.95741,0.96084,0.97452,0.97795,0.97897,0.98695,0.99621,0.99979,1,0.95135,0.95036,0.92931,0.88712,0.78897,0.65769,0.5014,0.23324,0.21278,0.20088,0.09743,0.080219,0.066238,0.027191,0.006201,0.0015253,0.00070305,0.00056047,0.00048632,0.00032712,0.00022607,0.00014393,0.00013945,0.000083236,0.000080745,0.000070297,0.000049156,0.000038817,0.00002187,0.0000073096,0.000003914,0.0000012393,0.00000094136,0.00000031964,0.00000029733,0.00000025292,0.00000014076,0.00000010211,0.000000021432,0.0000000087776,0.000000008094,0.0000000029038,3.1861E-10,3.1808E-10,8.0172E-11,7.9306E-12,1.158E-12,3.6914E-13,3.2445E-13,5.9892E-14,5.6646E-14,3.6791E-14,2.9868E-14,2.1324E-14,6.1565E-15,2.7804E-15,2.0007E-15,1.6809E-15,1.4464E-15,7.654E-16,2.7049E-16,2.5207E-16,1.3487E-16,1.1074E-16,8.7853E-17,2.9798E-18,1.6967E-18,3.0473E-21,5.8824E-22,5.6176E-22,4.0423E-22,7.6334E-24,5.0953E-25,5.7313E-26,1.0746E-26,7.2392E-27,1.1652E-28,6.2139E-29,5.0444E-31,2.7029E-31,9.6649E-33,4.2445E-34,5.987E-37,1.3375E-37,7.3611E-38
1,0.4768,0.48309,0.53837,0.6214,0.65592,0.69287,0.8298,0.83604,0.86292,0.87035,0.87263,0.89207,0.92204,0.94503,0.95135,1,0.99999,0.99775,0.98504,0.9329,0.83546,0.69133,0.38035,0.35284,0.33653,0.18324,0.15514,0.13153,0.060403,0.016148,0.0045256,0.0022283,0.0018098,0.0015886,0.0011029,0.00078448,0.0005169,0.00050201,0.00031129,0.00030264,0.00026614,0.00019093,0.0001533,0.000089866,0.000032307,0.000018006,0.0000061216,0.0000047277,0.0000017106,0.0000015979,0.0000013719,0.00000078933,0.000000583,0.0000001332,0.00000005717,0.00000005294,0.00000002,0.0000000024471,0.0000000024432,6.5704E-10,7.2163E-11,1.1454E-11,3.8315E-12,3.3858E-12,6.6989E-13,6.3502E-13,4.1967E-13,3.4356E-13,2.486E-13,7.5377E-14,3.5108E-14,2.5585E-14,2.1639E-14,1.8727E-14,1.0153E-14,3.7311E-15,3.4861E-15,1.9091E-15,1.5789E-15,1.2633E-15,4.8388E-17,2.8101E-17,6.2438E-20,1.2709E-20,1.2154E-20,8.8383E-21,1.8891E-22,1.3685E-23,1.642E-24,3.2325E-25,2.2025E-25,3.9844E-27,2.1624E-27,2.0011E-29,1.0902E-29,4.2554E-31,2.0254E-32,3.3653E-35,7.7976E-36,4.354E-36
1,0.47489,0.48118,0.53641,0.61941,0.65395,0.69093,0.82813,0.83439,0.86138,0.86884,0.87114,0.89067,0.92082,0.94398,0.95036,0.99999,1,0.99797,0.9856,0.93404,0.8371,0.69328,0.38208,0.35451,0.33816,0.18435,0.15612,0.1324,0.060873,0.016301,0.0045746,0.002254,0.001831,0.0016074,0.0011164,0.00079427,0.00052353,0.00050846,0.00031541,0.00030666,0.0002697,0.00019353,0.00015542,0.000091146,0.000032792,0.000018284,0.0000062207,0.000004805,0.0000017398,0.0000016251,0.0000013954,0.00000080316,0.00000059329,0.00000013568,0.000000058263,0.000000054,0.000000020407,0.0000000024981,0.0000000024942,6.712E-10,7.3797E-11,1.1723E-11,3.9237E-12,3.4675E-12,6.8654E-13,6.5081E-13,4.3019E-13,3.522E-13,2.5489E-13,7.7323E-14,3.6026E-14,2.6258E-14,2.2209E-14,1.9222E-14,1.0424E-14,3.8321E-15,3.5806E-15,1.9613E-15,1.6223E-15,1.2981E-15,4.9783E-17,2.8916E-17,6.4392E-20,1.3114E-20,1.2542E-20,9.1211E-21,1.952E-22,1.4153E-23,1.6993E-24,3.347E-25,2.2807E-25,4.1311E-27,2.2423E-27,2.0779E-29,1.1323E-29,4.4236E-31,2.1072E-32,3.5072E-35,8.1295E-36,4.5399E-36
1,0.43842,0.44453,0.49851,0.58072,0.61534,0.6527,0.79469,0.80133,0.83017,0.83822,0.84071,0.86198,0.89543,0.92187,0.92931,0.99775,0.99797,1,0.99434,0.95437,0.8678,0.73071,0.4166,0.38784,0.37072,0.20689,0.17619,0.15023,0.07065,0.019537,0.0056291,0.0028108,0.002292,0.0020167,0.0014096,0.0010088,0.00066956,0.00065059,0.0004067,0.00039559,0.00034862,0.00025146,0.00020262,0.00011978,0.000043734,0.000024583,0.000008485,0.0000065761,0.0000024118,0.0000022548,0.0000019397,0.000001124,0.00000083327,0.00000019386,0.000000084,0.000000077888,0.000000029773,0.0000000037253,0.0000000037195,0.000000001,1.1388E-10,1.8399E-11,6.2182E-12,5.5012E-12,1.1046E-12,1.0476E-12,6.9489E-13,5.6988E-13,4.1354E-13,1.267E-13,5.94E-14,4.3405E-14,3.6762E-14,3.1855E-14,1.7359E-14,6.4323E-15,6.0134E-15,3.3094E-15,2.7413E-15,2.1973E-15,8.6363E-17,5.0364E-17,1.1708E-19,2.4101E-20,2.3057E-20,1.6804E-20,3.6873E-22,2.718E-23,3.3064E-24,6.5765E-25,4.4918E-25,8.3304E-27,4.5377E-27,4.3178E-29,2.3607E-29,9.3877E-31,4.5452E-32,7.8195E-35,1.8259E-35,1.0227E-35
1,0.3802,0.38594,0.43714,0.51674,0.55088,0.58819,0.73513,0.74226,0.77353,0.78237,0.7851,0.80876,0.84688,0.8781,0.88712,0.98504,0.9856,0.99434,1,0.98038,0.91325,0.79055,0.47695,0.44655,0.42831,0.24854,0.21367,0.18381,0.089776,0.026193,0.0078865,0.0040266,0.0033041,0.0029186,0.0020619,0.00149,0.0010005,0.00097292,0.00061607,0.00059969,0.00053028,0.00038581,0.00031262,0.0001873,0.000070088,0.000039932,0.000014118,0.000011003,0.0000041227,0.0000038598,0.0000033309,0.0000019518,0.0000014559,0.00000034854,0.0000001535,0.00000014247,0.000000055428,0.0000000071936,0.0000000071824,0.000000002,2.3285E-10,3.8693E-11,1.3291E-11,1.178E-11,2.4213E-12,2.2981E-12,1.5333E-12,1.261E-12,9.1925E-13,2.8633E-13,1.3564E-13,9.9541E-14,8.4497E-14,7.3359E-14,4.0304E-14,1.5133E-14,1.416E-14,7.8539E-15,6.5217E-15,5.2425E-15,2.1468E-16,1.2603E-16,3.1478E-19,6.5965E-20,6.3139E-20,4.6178E-20,1.0565E-21,8.0059E-23,9.9536E-24,2.0126E-24,1.3799E-24,2.6621E-26,1.4586E-26,1.4507E-28,7.9761E-29,3.2669E-30,1.6253E-31,2.9549E-34,6.9852E-35,3.9315E-35
1,0.28259,0.28748,0.33173,0.40301,0.43454,0.46971,0.6165,0.62401,0.65752,0.66716,0.67016,0.69643,0.74023,0.77777,0.78897,0.9329,0.93404,0.95437,0.98038,1,0.97458,0.88839,0.59577,0.56371,0.54418,0.33967,0.29719,0.25995,0.13627,0.043947,0.014367,0.0076468,0.0063489,0.0056491,0.0040714,0.002996,0.0020557,0.0020021,0.0012986,0.0012658,0.0011264,0.00083287,0.00068199,0.00041895,0.00016414,0.000095909,0.000035464,0.00002793,0.000010893,0.000010225,0.0000088757,0.0000053112,0.0000040066,0.0000010119,0.000000459,0.00000042716,0.00000017176,0.000000023868,0.000000023832,0.0000000069183,8.5968E-10,1.5057E-10,5.3317E-11,4.7415E-11,1.0181E-11,9.6771E-12,6.528E-12,5.3971E-12,3.9678E-12,1.2746E-12,6.1568E-13,4.5544E-13,3.8824E-13,3.3829E-13,1.8872E-13,7.2624E-14,6.8067E-14,3.831E-14,3.1958E-14,2.5828E-14,1.1419E-15,6.7874E-16,1.9386E-18,4.2005E-19,4.0243E-19,2.9628E-19,7.3293E-21,5.8477E-22,7.5727E-23,1.5789E-23,1.0903E-23,2.2643E-25,1.2544E-25,1.355E-27,7.5285E-28,3.2588E-29,1.7055E-30,3.4381E-33,8.3166E-34,4.7236E-34
1,0.192,0.1958,0.23078,0.28924,0.31595,0.34634,0.48064,0.48787,0.52057,0.53013,0.53312,0.55958,0.60499,0.64535,0.65769,0.83546,0.8371,0.8678,0.91325,0.97458,1,0.96687,0.73147,0.70047,0.68121,0.46206,0.41246,0.36769,0.20892,0.07553,0.027118,0.015135,0.012735,0.011426,0.0084242,0.0063286,0.004451,0.0043422,0.0028947,0.0028261,0.0025331,0.0019077,0.0015809,0.00099924,0.00041255,0.00024809,0.00009655,0.000076948,0.000031412,0.000029575,0.000025844,0.000015839,0.000012104,0.0000032493,0.0000015243,0.0000014228,0.00000059405,0.000000089229,0.0000000891,0.000000027099,0.0000000036302,6.751E-10,2.4748E-10,2.2094E-10,4.9865E-11,4.7472E-11,3.2427E-11,2.697E-11,2.002E-11,6.6618E-12,3.29E-12,2.4559E-12,2.1036E-12,1.8406E-12,1.0448E-12,4.1351E-13,3.883E-13,2.2222E-13,1.8635E-13,1.5153E-13,7.3105E-15,4.4075E-15,1.4668E-17,3.3016E-18,3.1665E-18,2.3489E-18,6.3513E-20,5.3743E-21,7.2903E-22,1.5742E-22,1.096E-22,2.4754E-24,1.3887E-24,1.6481E-26,9.2672E-27,4.2721E-28,2.3689E-29,5.3718E-32,1.3339E-32,7.6555E-33
1,0.11584,0.11846,0.14306,0.1858,0.20599,0.22945,0.3394,0.34562,0.37413,0.38259,0.38524,0.40902,0.45091,0.48938,0.5014,0.69133,0.69328,0.73071,0.79055,0.88839,0.96687,1,0.8684,0.84312,0.82686,0.61683,0.56336,0.51325,0.31978,0.13175,0.052657,0.031027,0.026511,0.024011,0.01817,0.013977,0.010112,0.0098839,0.0067988,0.0066498,0.0060098,0.0046223,0.0038833,0.0025357,0.0011116,0.00069081,0.00028505,0.00023029,0.000099049,0.000093577,0.0000824,0.0000519,0.00004025,0.000011586,0.0000056488,0.0000052909,0.0000023061,0.00000037865,0.00000037812,0.00000012129,0.000000017708,0.0000000035269,0.0000000013451,0.0000000012062,2.8821E-10,2.7489E-10,1.9047E-10,1.5951E-10,1.1972E-10,4.1474E-11,2.1008E-11,1.5847E-11,1.3648E-11,1.1998E-11,6.9473E-12,2.8394E-12,2.6721E-12,1.5587E-12,1.3149E-12,1.0767E-12,5.7404E-14,3.5175E-14,1.3944E-16,3.2783E-17,3.1479E-17,2.3553E-17,7.0512E-19,6.3816E-20,9.129E-21,2.0517E-21,1.4419E-21,3.5851E-23,2.0403E-23,2.6966E-25,1.5372E-25,7.6158E-27,4.5117E-28,1.1705E-30,2.9952E-31,1.7395E-31
1,0.033385,0.034338,0.043577,0.060882,0.069575,0.080083,0.13498,0.13836,0.15425,0.15909,0.16062,0.17457,0.20027,0.22519,0.23324,0.38035,0.38208,0.4166,0.47695,0.59577,0.73147,0.8684,1,0.9986,0.99636,0.90298,0.8643,0.82322,0.61937,0.3334,0.16595,0.10927,0.096337,0.088963,0.071002,0.057329,0.043941,0.043123,0.031627,0.03105,0.028539,0.022916,0.019799,0.01382,0.0068484,0.0045527,0.0021175,0.001759,0.00084193,0.00080101,0.00071645,0.00047723,0.00038146,0.00012665,0.000066814,0.000063024,0.000029997,0.00000591,0.0000059026,0.0000021115,0.00000036756,0.00000008424,0.000000034843,0.000000031528,0.0000000084654,0.0000000081047,0.0000000057824,0.0000000049112,0.0000000037704,0.0000000014183,7.5668E-10,5.8306E-10,5.0783E-10,4.5077E-10,2.7186E-10,1.1866E-10,1.1216E-10,6.803E-11,5.8096E-11,4.8259E-11,3.1567E-12,1.9995E-12,1.1338E-14,2.914E-15,2.8051E-15,2.1361E-15,7.8764E-17,8.1803E-18,1.3046E-18,3.1821E-19,2.2796E-19,6.8994E-21,4.0436E-21,6.6618E-23,3.9054E-23,2.2422E-24,1.5208E-25,5.197E-28,1.414E-28,8.4139E-29
1,0.029036,0.029883,0.038111,0.053634,0.061478,0.070996,0.12123,0.12435,0.13904,0.14352,0.14494,0.1579,0.18187,0.20522,0.21278,0.35284,0.35451,0.38784,0.44655,0.56371,0.70047,0.84312,0.9986,1,0.99947,0.92355,0.88814,0.84968,0.65143,0.36013,0.18323,0.12198,0.10788,0.099819,0.08009,0.06498,0.050093,0.04918,0.036301,0.035652,0.032824,0.02647,0.022933,0.016115,0.0080839,0.0054102,0.0025465,0.0021214,0.0010262,0.00097704,0.00087526,0.00058627,0.00047003,0.0001583,0.000084168,0.00007945,0.000038149,0.0000076537,0.0000076443,0.0000027644,0.00000048974,0.00000011382,0.000000047461,0.000000043,0.000000011677,0.000000011183,0.000000008,0.0000000068061,0.000000005237,0.000000002,0.0000000010652,8.2251E-10,7.172E-10,6.3722E-10,3.8587E-10,1.6953E-10,1.6032E-10,9.7617E-11,8.3464E-11,6.9431E-11,4.6351E-12,2.9458E-12,1.731E-14,4.4888E-15,4.322E-15,3.2971E-15,1.2412E-16,1.3069E-17,2.107E-18,5.1815E-19,3.7191E-19,1.1479E-20,6.7472E-21,1.1363E-22,6.6802E-23,3.892E-24,2.6756E-25,9.3983E-28,2.5728E-28,1.5346E-28
1,0.026622,0.027408,0.035061,0.049562,0.056916,0.065859,0.11336,0.11632,0.1303,0.13457,0.13592,0.14828,0.17121,0.19361,0.20088,0.33653,0.33816,0.37072,0.42831,0.54418,0.68121,0.82686,0.99636,0.99947,1,0.93508,0.9018,0.8651,0.67093,0.37702,0.1944,0.1303,0.11546,0.10696,0.086099,0.070062,0.054201,0.053226,0.039442,0.038745,0.035709,0.028873,0.025057,0.017679,0.0089353,0.0060046,0.0028471,0.0023757,0.0011568,0.0011018,0.00098799,0.00066404,0.00053337,0.00018121,0.00009681,0.000091423,0.000044134,0.0000089536,0.0000089427,0.0000032555,0.000000583,0.00000013666,0.000000057265,0.000000051892,0.000000014197,0.000000013601,0.0000000097494,0.0000000082991,0.0000000063947,0.0000000024375,0.0000000013113,0.000000001,8.847E-10,7.865E-10,4.7746E-10,2.1062E-10,1.9922E-10,1.2159E-10,1.0404E-10,8.6625E-11,5.8556E-12,3.729E-12,2.2396E-14,5.8394E-15,5.6233E-15,4.2945E-15,1.6374E-16,1.7386E-17,2.8215E-18,6.9735E-19,5.0112E-19,1.5654E-20,9.2177E-21,1.5734E-22,9.2654E-23,5.447E-24,3.7757E-25,1.3487E-27,3.706E-28,2.2139E-28
1,0.0092808,0.0095926,0.012698,0.018877,0.022136,0.026201,0.049348,0.050867,0.058149,0.060407,0.061126,0.067772,0.08043,0.093202,0.09743,0.18324,0.18435,0.20689,0.24854,0.33967,0.46206,0.61683,0.90298,0.92355,0.93508,1,0.99611,0.98532,0.87034,0.58812,0.35281,0.2553,0.23117,0.21703,0.18123,0.15249,0.12276,0.12089,0.093632,0.092214,0.085985,0.071618,0.063367,0.046813,0.025748,0.018126,0.0093338,0.0079398,0.0041618,0.0039833,0.0036105,0.0025221,0.0020684,0.00077546,0.00043743,0.00041511,0.00021293,0.000048985,0.000048929,0.000019203,0.0000038825,0.0000010026,0.00000044431,0.00000040514,0.00000012013,0.00000011538,0.000000084395,0.000000072541,0.000000056774,0.000000022906,0.000000012772,0.00000001,0.0000000088122,0.0000000078865,0.0000000049239,0.0000000022728,0.0000000021564,0.0000000013521,0.0000000011667,0.000000001,7.6358E-11,4.9753E-11,3.8249E-13,1.0605E-13,1.023E-13,7.9081E-14,3.4811E-15,4.0644E-16,7.1094E-17,1.8592E-17,1.3538E-17,4.8432E-19,2.9102E-19,5.7829E-21,3.4719E-21,2.2595E-22,1.7195E-23,7.4275E-26,2.1291E-26,1.2934E-26
1,0.007057,0.0073011,0.009745,0.014663,0.017282,0.020567,0.039586,0.040849,0.046926,0.048817,0.049421,0.055007,0.065715,0.076599,0.080219,0.15514,0.15612,0.17619,0.21367,0.29719,0.41246,0.56336,0.8643,0.88814,0.9018,0.99611,1,0.9965,0.90823,0.64161,0.3992,0.29424,0.26782,0.25225,0.21252,0.18026,0.14652,0.14437,0.11302,0.11138,0.10415,0.087368,0.077663,0.058013,0.032565,0.023183,0.012178,0.010407,0.0055529,0.0053209,0.0048354,0.0034094,0.0028102,0.0010788,0.00061658,0.0005858,0.00030492,0.000072301,0.000072221,0.000028863,0.0000060085,0.0000015883,0.00000071338,0.00000065147,0.000000197,0.00000018929,0.00000013913,0.00000011987,0.000000094165,0.000000038515,0.000000021661,0.000000017056,0.000000015,0.00000001347,0.0000000084668,0.000000004,0.0000000037515,0.0000000023675,0.000000002,0.0000000017254,1.3894E-10,9.1027E-11,7.4268E-13,2.0899E-13,2.0168E-13,1.5636E-13,7.1255E-15,8.5119E-16,1.516E-16,4.0189E-17,2.9358E-17,1.0851E-18,6.5524E-19,1.3506E-20,8.1463E-21,5.4331E-22,4.2285E-23,1.9121E-25,5.5375E-26,3.3774E-26
1,0.0054038,0.0055957,0.0075274,0.011458,0.013568,0.016231,0.03189,0.032942,0.038018,0.039603,0.040109,0.044809,0.053868,0.063141,0.066238,0.13153,0.1324,0.15023,0.18381,0.25995,0.36769,0.51325,0.82322,0.84968,0.8651,0.98532,0.9965,1,0.93891,0.69182,0.44558,0.33422,0.30572,0.28882,0.24538,0.20973,0.17203,0.16962,0.13413,0.13226,0.124,0.10473,0.09351,0.070589,0.040397,0.029065,0.015559,0.013355,0.0072467,0.0069516,0.0063329,0.0045047,0.0037307,0.0014648,0.00084764,0.00080623,0.00042551,0.00010383,0.00010372,0.00004217,0.0000090256,0.0000024392,0.0000011096,0.0000010148,0.00000031248,0.0000003005,0.00000022189,0.00000019159,0.00000015105,0.000000062588,0.000000035489,0.000000028,0.000000024746,0.000000022216,0.000000014054,0.0000000066267,0.0000000062964,0.000000004,0.0000000034636,0.0000000029259,2.4332E-10,1.6025E-10,1.3833E-12,3.9477E-13,3.8111E-13,2.963E-13,1.3953E-14,1.7033E-15,3.0861E-16,8.2874E-17,6.0721E-17,2.315E-18,1.4044E-18,2.9969E-20,1.8157E-20,1.2394E-21,9.8539E-23,4.6536E-25,1.3607E-25,8.3314E-26
1,0.0016108,0.0016744,0.0023284,0.0037213,0.004497,0.0054988,0.011789,0.012232,0.014397,0.015083,0.015303,0.017366,0.02144,0.025733,0.027191,0.060403,0.060873,0.07065,0.089776,0.13627,0.20892,0.31978,0.61937,0.65143,0.67093,0.87034,0.90823,0.93891,1,0.88102,0.65708,0.53083,0.49585,0.47455,0.41779,0.36883,0.31445,0.31087,0.2566,0.25365,0.24051,0.20907,0.19019,0.15012,0.093246,0.070178,0.040696,0.035589,0.020741,0.01999,0.018403,0.013589,0.011483,0.0049603,0.0030256,0.0028914,0.0016185,0.00044611,0.00044567,0.00019489,0.000046918,0.000013927,0.0000066883,0.0000061538,0.0000020486,0.0000019751,0.0000014872,0.0000012962,0.0000010375,0.00000045423,0.00000026665,0.00000021369,0.00000019,0.00000017169,0.00000011161,0.000000055,0.000000052404,0.000000034154,0.000000029832,0.000000025444,0.0000000024258,0.0000000016335,1.7911E-11,5.4252E-12,5.2462E-12,4.1271E-12,2.2338E-13,2.9897E-14,5.8251E-15,1.6523E-15,1.2262E-15,5.3315E-17,3.2984E-17,8.1558E-19,5.0344E-19,3.7924E-20,3.3006E-21,1.8739E-23,5.7089E-24,3.5526E-24
1,0.00023337,0.00024392,0.00035552,0.00060887,0.00075724,0.00095516,0.0023175,0.0024195,0.0029285,0.0030928,0.0031459,0.0036499,0.0046797,0.0058082,0.006201,0.016148,0.016301,0.019537,0.026193,0.043947,0.07553,0.13175,0.3334,0.36013,0.37702,0.58812,0.64161,0.69182,0.88102,1,0.91821,0.82406,0.79297,0.77299,0.71573,0.66154,0.59573,0.59118,0.51856,0.5144,0.49563,0.44877,0.41922,0.35247,0.24592,0.19728,0.12814,0.11506,0.074203,0.071994,0.067265,0.052374,0.045544,0.022522,0.014803,0.014242,0.0086653,0.0028386,0.0028361,0.0013752,0.00039112,0.00013261,0.000068773,0.000063821,0.000023729,0.00002296,0.000017774,0.0000157,0.000012838,0.000006077,0.0000037472,0.0000030642,0.0000027538,0.0000025112,0.0000016967,0.00000088966,0.00000085138,0.00000057579,0.00000050878,0.00000043987,0.000000050901,0.000000035371,5.4444E-10,1.7944E-10,1.7392E-10,1.3913E-10,9.1739E-12,1.3988E-12,3.0211E-13,9.2607E-14,6.9986E-14,3.6661E-15,2.3321E-15,7.1053E-17,4.5038E-17,3.9013E-18,3.8599E-19,2.8451E-21,9.1866E-22,5.8499E-22
1,0.000039558,0.000041531,0.000062916,0.00011404,0.00014522,0.00018791,0.00050463,0.00052955,0.0006558,0.00069721,0.00071062,0.00083963,0.0011104,0.0014167,0.0015253,0.0045256,0.0045746,0.0056291,0.0078865,0.014367,0.027118,0.052657,0.16595,0.18323,0.1944,0.35281,0.3992,0.44558,0.65708,0.91821,1,0.9784,0.96472,0.95469,0.92136,0.88429,0.83292,0.82912,0.76446,0.76052,0.74246,0.69516,0.66368,0.58772,0.45107,0.38131,0.27185,0.24944,0.17481,0.17053,0.16128,0.13116,0.11677,0.064525,0.045091,0.043619,0.02842,0.010727,0.010719,0.0056573,0.001845,0.00069769,0.00038538,0.00036015,0.00014662,0.00014229,0.00011269,0.00010063,0.000083749,0.000042264,0.000027134,0.000022559,0.000020452,0.000018791,0.000013104,0.0000072317,0.0000069443,0.0000048412,0.0000043187,0.0000037756,0.00000051221,0.00000036523,0.0000000074261,0.0000000026232,0.0000000025475,0.000000002066,1.6019E-10,2.7185E-11,6.3889E-12,2.0872E-12,1.601E-12,9.7721E-14,6.3599E-14,2.2999E-15,1.4899E-15,1.4474E-16,1.5909E-17,1.4529E-19,4.9205E-20,3.1931E-20
1,0.000015103,0.000015892,0.00002455,0.000045795,0.000059015,0.000077355,0.00021869,0.00023008,0.00028826,0.00030749,0.00031373,0.00037412,0.00050258,0.00065019,0.00070305,0.0022283,0.002254,0.0028108,0.0040266,0.0076468,0.015135,0.031027,0.10927,0.12198,0.1303,0.2553,0.29424,0.33422,0.53083,0.82406,0.9784,1,0.99826,0.99545,0.98102,0.95967,0.9247,0.92193,0.87175,0.86853,0.85356,0.81283,0.78462,0.71328,0.5745,0.49868,0.37268,0.34573,0.25269,0.24719,0.23522,0.19555,0.17617,0.10298,0.074228,0.072005,0.048567,0.019695,0.019681,0.010842,0.0037893,0.0015143,0.00086355,0.00080991,0.00034521,0.00033551,0.00026878,0.00024135,0.00020266,0.00010564,0.000069223,0.000058035,0.000052848,0.00004874,0.000034539,0.00001956,0.000018815,0.00001332,0.00001194,0.000010497,0.0000015434,0.000001115,0.000000026098,0.0000000095477,0.0000000092812,0.0000000075796,6.3786E-10,1.1427E-10,2.8029E-11,9.4567E-12,7.3089E-12,4.8199E-13,3.1734E-13,1.2515E-14,8.1973E-15,8.4386E-16,9.7827E-17,9.9564E-19,3.4544E-19,2.2632E-19
1,0.000011417,0.000012021,0.000018672,0.000035114,0.000045403,0.00005973,0.00017133,0.00018039,0.00022674,0.00024209,0.00024708,0.00029541,0.00039861,0.00051771,0.00056047,0.0018098,0.001831,0.002292,0.0033041,0.0063489,0.012735,0.026511,0.096337,0.10788,0.11546,0.23117,0.26782,0.30572,0.49585,0.79297,0.96472,0.99826,1,0.99933,0.9907,0.97436,0.9449,0.94249,0.89756,0.89462,0.88085,0.84284,0.81613,0.74744,0.61027,0.53371,0.4042,0.37613,0.2782,0.27235,0.25962,0.21717,0.19631,0.11658,0.084776,0.082301,0.056058,0.023197,0.023181,0.012926,0.0046068,0.0018699,0.001076,0.0010102,0.00043619,0.00042411,0.00034086,0.00030656,0.00025806,0.00013576,0.000089471,0.000075188,0.000068554,0.000063293,0.000045055,0.000025702,0.000024736,0.000017588,0.000015787,0.000013901,0.0000020908,0.0000015161,0.000000036926,0.000000013643,0.000000013266,0.000000010855,9.3492E-10,1.7007E-10,4.2223E-11,1.4376E-11,1.1134E-11,7.5047E-13,4.9571E-13,2.0034E-14,1.3163E-14,1.3775E-15,1.621E-16,1.7011E-18,5.9424E-19,3.9038E-19
1,0.0000095855,0.000010097,0.000015737,0.000029743,0.000038539,0.000050815,0.00014707,0.00015492,0.00019512,0.00020845,0.00021279,0.00025481,0.00034477,0.00044888,0.00048632,0.0015886,0.0016074,0.0020167,0.0029186,0.0056491,0.011426,0.024011,0.088963,0.099819,0.10696,0.21703,0.25225,0.28882,0.47455,0.77299,0.95469,0.99545,0.99933,1,0.99499,0.98185,0.95595,0.95377,0.91231,0.90956,0.8966,0.86045,0.83478,0.76804,0.63239,0.55563,0.42427,0.39556,0.29473,0.28868,0.27547,0.23133,0.20954,0.12567,0.091876,0.089237,0.061151,0.025623,0.025606,0.014385,0.0051894,0.0021268,0.0012306,0.0011561,0.00050321,0.0004894,0.00039413,0.0003548,0.00029914,0.00015826,0.00010467,0.000088094,0.000080382,0.000074263,0.000053012,0.000030379,0.000029246,0.00002085,0.00001873,0.00001651,0.0000025183,0.0000018302,0.000000045686,0.000000017,0.000000016517,0.000000013532,0.0000000011822,2.1711E-10,5.4304E-11,1.8593E-11,1.442E-11,9.8514E-13,6.5204E-13,2.6754E-14,1.7612E-14,1.8618E-15,2.2115E-16,2.3651E-18,8.2968E-19,5.4596E-19
1,0.0000058908,0.0000062116,0.0000097729,0.000018727,0.000024404,0.000032377,0.000096044,0.00010129,0.00012829,0.00013728,0.0001402,0.00016864,0.0002299,0.00030132,0.00032712,0.0011029,0.0011164,0.0014096,0.0020619,0.0040714,0.0084242,0.01817,0.071002,0.08009,0.086099,0.18123,0.21252,0.24538,0.41779,0.71573,0.92136,0.98102,0.9907,0.99499,1,0.99585,0.98021,0.97871,0.94757,0.94537,0.93488,0.9045,0.88217,0.82192,0.69259,0.6163,0.48135,0.45115,0.34299,0.33639,0.32195,0.27323,0.24891,0.15335,0.1138,0.11068,0.077113,0.033442,0.03342,0.019166,0.0071472,0.0030078,0.0017673,0.001663,0.00073998,0.00072018,0.00058319,0.0005264,0.00044572,0.0002395,0.00015996,0.00013517,0.0001236,0.0001144,0.00008229,0.000047745,0.000046003,0.000033038,0.000029749,0.000026293,0.0000041683,0.0000030483,0.000000081412,0.000000030778,0.000000029946,0.000000024615,0.0000000022368,4.2157E-10,1.0763E-10,3.7426E-11,2.913E-11,2.0654E-12,1.3746E-12,5.8797E-14,3.8911E-14,4.2293E-15,5.1536E-16,5.8056E-18,2.0603E-18,1.362E-18
1,0.0000037498,0.0000039579,0.0000062803,0.000012186,0.000015963,0.000021298,0.000064612,0.000068221,0.00008684,0.00009306,0.000095087,0.00011483,0.00015762,0.00020785,0.00022607,0.00078448,0.00079427,0.0010088,0.00149,0.002996,0.0063286,0.013977,0.057329,0.06498,0.070062,0.15249,0.18026,0.20973,0.36883,0.66154,0.88429,0.95967,0.97436,0.98185,0.99585,1,0.9941,0.99326,0.97231,0.97067,0.96268,0.93832,0.91955,0.86661,0.74579,0.67136,0.53524,0.50406,0.39031,0.38327,0.3678,0.31515,0.28859,0.18221,0.13706,0.13346,0.094402,0.042241,0.042214,0.024666,0.0094804,0.004087,0.002435,0.002295,0.0010418,0.0010146,0.00082575,0.00074714,0.00063509,0.00034612,0.00023324,0.00019781,0.00018122,0.00016801,0.00012171,0.000071416,0.000068862,0.000049788,0.000044925,0.000039803,0.0000065356,0.0000048069,0.00000013651,0.000000052405,0.000000051,0.000000042057,0.000000004,7.6436E-10,1.9882E-10,7.0114E-11,5.4753E-11,4.0153E-12,2.6859E-12,1.1931E-13,7.9341E-14,8.8447E-15,1.1031E-15,1.3028E-17,4.6726E-18,3.1018E-18
1,0.0000021644,0.0000022873,0.0000036665,0.0000072214,0.0000095186,0.000012785,0.000039837,0.000042119,0.000053938,0.000057902,0.000059196,0.000071831,0.000099404,0.00013203,0.00014393,0.0005169,0.00052353,0.00066956,0.0010005,0.0020557,0.004451,0.010112,0.043941,0.050093,0.054201,0.12276,0.14652,0.17203,0.31445,0.59573,0.83292,0.9247,0.9449,0.95595,0.98021,0.9941,1,0.99997,0.99181,0.9909,0.98614,0.96969,0.95577,0.91312,0.80579,0.73544,0.60088,0.56911,0.45044,0.44294,0.42643,0.36959,0.34055,0.22139,0.16924,0.16503,0.11886,0.055206,0.055172,0.032965,0.013135,0.0058275,0.0035301,0.0033332,0.0015497,0.0015104,0.0012367,0.0011221,0.00095828,0.00053114,0.00036174,0.00030813,0.00028295,0.00026284,0.00019199,0.00011418,0.0001102,0.000080315,0.000072651,0.000064559,0.000011054,0.0000081852,0.00000025013,0.000000097788,0.000000095233,0.000000078802,0.0000000077449,0.0000000015373,4.0887E-10,1.4662E-10,1.1495E-10,8.7761E-12,5.9059E-12,2.7446E-13,1.8356E-13,2.109E-14,2.7042E-15,3.3791E-17,1.2272E-17,8.1873E-18
1,0.0000020829,0.0000022013,0.0000035312,0.000006962,0.0000091807,0.000012337,0.000038512,0.000040721,0.000052171,0.000056012,0.000057265,0.000069511,0.000096247,0.0001279,0.00013945,0.00050201,0.00050846,0.00065059,0.00097292,0.0020021,0.0043422,0.0098839,0.043123,0.04918,0.053226,0.12089,0.14437,0.16962,0.31087,0.59118,0.82912,0.92193,0.94249,0.95377,0.97871,0.99326,0.99997,1,0.99274,0.99187,0.98735,0.97147,0.9579,0.91603,0.80975,0.73976,0.60543,0.57365,0.45471,0.44719,0.43062,0.37352,0.34431,0.22429,0.17164,0.1674,0.12071,0.056211,0.056177,0.033617,0.013428,0.0059694,0.0036202,0.0034187,0.0015921,0.0015518,0.0012711,0.0011536,0.00098546,0.00054684,0.00037271,0.00031757,0.00029166,0.00027097,0.00019804,0.00011789,0.00011379,0.000082975,0.000075071,0.000066722,0.000011457,0.0000084879,0.00000026069,0.00000010205,0.000000099385,0.000000082258,0.0000000081084,0.0000000016126,4.2955E-10,1.5422E-10,1.2094E-10,9.2589E-12,6.2334E-12,2.9058E-13,1.9442E-13,2.2384E-14,2.8756E-15,3.6074E-17,1.3113E-17,8.751E-18
1,0.0000011151,0.00000118,0.0000019143,0.0000038374,0.0000050954,0.0000068985,0.000022183,0.000023491,0.000030297,0.000032591,0.00003334,0.000040686,0.000056848,0.000076156,0.000083236,0.00031129,0.00031541,0.0004067,0.00061607,0.0012986,0.0028947,0.0067988,0.031627,0.036301,0.039442,0.093632,0.11302,0.13413,0.2566,0.51856,0.76446,0.87175,0.89756,0.91231,0.94757,0.97231,0.99181,0.99274,1,0.99998,0.99925,0.99284,0.98522,0.95654,0.86946,0.80656,0.67831,0.64679,0.52529,0.51743,0.50002,0.43927,0.40772,0.27435,0.21375,0.2088,0.1536,0.074553,0.07451,0.045707,0.019002,0.0087212,0.0053874,0.005098,0.002438,0.0023783,0.001961,0.0017855,0.0015331,0.00086681,0.0005978,0.00051182,0.00047127,0.0004388,0.00032369,0.00019559,0.00018897,0.00013902,0.00012613,0.00011247,0.000020231,0.000015102,0.00000050314,0.000000201,0.00000019585,0.00000016275,0.00000001682,0.0000000034515,9.4239E-10,3.4469E-10,2.7149E-10,2.1735E-11,1.473E-11,7.2196E-13,4.8612E-13,5.7875E-14,7.6673E-15,1.024E-16,3.7745E-17,2.5329E-17
1,0.0000010749,0.0000011376,0.0000018467,0.0000037054,0.0000049221,0.0000066667,0.000021475,0.000022743,0.000029344,0.000031569,0.000032296,0.000039424,0.000055113,0.000073867,0.000080745,0.00030264,0.00030666,0.00039559,0.00059969,0.0012658,0.0028261,0.0066498,0.03105,0.035652,0.038745,0.092214,0.11138,0.13226,0.25365,0.5144,0.76052,0.86853,0.89462,0.90956,0.94537,0.97067,0.9909,0.99187,0.99998,1,0.99949,0.99365,0.98639,0.95852,0.87267,0.81025,0.68249,0.65101,0.52947,0.52159,0.50415,0.44323,0.41155,0.27746,0.21639,0.21139,0.1557,0.075751,0.075707,0.046508,0.01938,0.0089111,0.0055106,0.0052152,0.0024979,0.0024368,0.0020101,0.0018305,0.0015722,0.00088988,0.00061414,0.00052596,0.00048436,0.00045104,0.0003329,0.00020133,0.00019452,0.00014319,0.00012993,0.00011588,0.0000209,0.000015608,0.00000052246,0.000000209,0.00000020362,0.00000016924,0.00000001754,0.0000000036056,0.000000001,3.61E-10,2.844E-10,2.2827E-11,1.5477E-11,7.6075E-13,5.1244E-13,6.1127E-14,8.1125E-15,1.0874E-16,4.0114E-17,2.6928E-17
1,0.00000090939,0.00000096274,0.0000015675,0.000003159,0.0000042038,0.0000057051,0.000018521,0.000019623,0.000025363,0.0000273,0.000027933,0.000034146,0.000047849,0.000064267,0.000070297,0.00026614,0.0002697,0.00034862,0.00053028,0.0011264,0.0025331,0.0060098,0.028539,0.032824,0.035709,0.085985,0.10415,0.124,0.24051,0.49563,0.74246,0.85356,0.88085,0.8966,0.93488,0.96268,0.98614,0.98735,0.99925,0.99949,1,0.99672,0.9911,0.96694,0.88682,0.82672,0.70138,0.67014,0.54853,0.54059,0.52301,0.46134,0.42915,0.2918,0.22865,0.22347,0.16546,0.081384,0.081338,0.050294,0.02118,0.0098208,0.0061027,0.0057787,0.0027871,0.0027197,0.0022473,0.0020483,0.0017616,0.001002,0.00069368,0.00059484,0.00054816,0.00051075,0.00037789,0.00022944,0.00022174,0.0001636,0.00014856,0.00013261,0.000024213,0.000018118,0.00000061961,0.00000024912,0.0000002428,0.000000202,0.0000000212,0.0000000043942,0.0000000012093,4.4499E-10,3.5098E-10,2.8505E-11,1.936E-11,9.6427E-13,6.5061E-13,7.8297E-14,1.0476E-14,1.4275E-16,5.2855E-17,3.5532E-17
1,0.00000059111,0.00000062633,0.0000010275,0.000002094,0.0000027995,0.0000038183,0.000012645,0.000013411,0.000017412,0.000018766,0.000019209,0.000023565,0.000033224,0.000044865,0.000049156,0.00019093,0.00019353,0.00025146,0.00038581,0.00083287,0.0019077,0.0046223,0.022916,0.02647,0.028873,0.071618,0.087368,0.10473,0.20907,0.44877,0.69516,0.81283,0.84284,0.86045,0.9045,0.93832,0.96969,0.97147,0.99284,0.99365,0.99672,1,0.99861,0.98424,0.91973,0.86626,0.74846,0.71818,0.59751,0.5895,0.57168,0.5086,0.47529,0.3303,0.26195,0.25629,0.19233,0.097265,0.097211,0.061117,0.026438,0.012524,0.0078795,0.0074715,0.0036683,0.0035816,0.0029728,0.0027153,0.0023434,0.0013498,0.00094185,0.00081027,0.00074797,0.00069796,0.00051961,0.00031866,0.00030818,0.00022874,0.0002081,0.00018616,0.000035067,0.000026373,0.00000095256,0.00000038823,0.00000037853,0.00000031581,0.00000003421,0.0000000072412,0.000000002,7.5494E-10,5.9719E-10,4.9978E-11,3.4097E-11,1.7563E-12,1.1901E-12,1.4648E-13,2.0007E-14,2.8433E-16,1.0627E-16,7.1704E-17
1,0.00000044512,0.00000047191,0.000000778,0.000001597,0.0000021415,0.0000029304,0.0000098314,0.000010433,0.000013586,0.000014655,0.000015005,0.00001845,0.000026115,0.00003539,0.000038817,0.0001533,0.00015542,0.00020262,0.00031262,0.00068199,0.0015809,0.0038833,0.019799,0.022933,0.025057,0.063367,0.077663,0.09351,0.19019,0.41922,0.66368,0.78462,0.81613,0.83478,0.88217,0.91955,0.95577,0.9579,0.98522,0.98639,0.9911,0.99861,1,0.99215,0.93848,0.88984,0.77802,0.74861,0.62947,0.62146,0.60361,0.54,0.50615,0.35676,0.28516,0.27919,0.21135,0.10883,0.10878,0.069132,0.030431,0.014618,0.0092712,0.0087991,0.0043704,0.0042687,0.0035534,0.0032501,0.0028113,0.0016326,0.0011451,0.00098717,0.00091228,0.0008521,0.00063693,0.00039317,0.00038041,0.00028344,0.00025818,0.00023129,0.000044461,0.000033548,0.0000012555,0.00000051625,0.00000050347,0.00000042078,0.000000046534,0.00000001,0.0000000028243,0.0000000010609,8.4079E-10,7.1751E-11,4.9094E-11,2.5847E-12,1.7563E-12,2.1935E-13,3.0366E-14,4.435E-16,1.6677E-16,1.128E-16
1,0.000000224,0.00000023777,0.00000039663,0.0000008283,0.0000011187,0.0000015427,0.0000053379,0.0000056735,0.0000074394,0.0000080409,0.0000082381,0.000010186,0.000014554,0.000019889,0.00002187,0.000089866,0.000091146,0.00011978,0.0001873,0.00041895,0.00099924,0.0025357,0.01382,0.016115,0.017679,0.046813,0.058013,0.070589,0.15012,0.35247,0.58772,0.71328,0.74744,0.76804,0.82192,0.86661,0.91312,0.91603,0.95654,0.95852,0.96694,0.98424,0.99215,1,0.97371,0.93806,0.84372,0.81719,0.70471,0.6969,0.67939,0.61588,0.58141,0.42387,0.34517,0.33851,0.26164,0.14066,0.14059,0.091683,0.042072,0.020892,0.013506,0.012846,0.0065588,0.0064119,0.0053744,0.0049321,0.004289,0.0025397,0.0018033,0.0015625,0.0014478,0.0013554,0.0010229,0.00064132,0.00062115,0.0004671,0.0004267,0.00038356,0.000077383,0.000058849,0.0000023968,0.0000010065,0.00000098216,0.00000082429,0.000000095757,0.000000021227,0.0000000061602,0.0000000023592,0.0000000018782,1.679E-10,1.1569E-10,6.4163E-12,4.3887E-12,5.6756E-13,8.1123E-14,1.2645E-15,4.8245E-16,3.282E-16
1,0.000000060794,0.000000064703,0.00000011029,0.00000023774,0.00000032535,0.0000004551,0.0000016666,0.0000017764,0.0000023594,0.0000025596,0.0000026254,0.0000032794,0.0000047675,0.0000066159,0.0000073096,0.000032307,0.000032792,0.000043734,0.000070088,0.00016414,0.00041255,0.0011116,0.0068484,0.0080839,0.0089353,0.025748,0.032565,0.040397,0.093246,0.24592,0.45107,0.5745,0.61027,0.63239,0.69259,0.74579,0.80579,0.80975,0.86946,0.87267,0.88682,0.91973,0.93848,0.97371,1,0.992,0.93988,0.92141,0.83235,0.82565,0.81039,0.75271,0.71997,0.55848,0.47063,0.46297,0.37178,0.21635,0.21625,0.14786,0.073243,0.038658,0.025888,0.02472,0.013277,0.013001,0.011037,0.010191,0.0089496,0.0054925,0.0039888,0.0034883,0.003248,0.0030535,0.0023456,0.0015132,0.0014685,0.0011232,0.0010315,0.00093298,0.00020572,0.00015872,0.0000075519,0.0000032966,0.0000032203,0.0000027235,0.00000034636,0.00000008151,0.000000024799,0.0000000098413,0.0000000079005,7.6926E-10,5.3683E-10,3.2766E-11,2.2686E-11,3.1279E-12,4.7415E-13,8.331E-15,3.2643E-15,2.2442E-15
1,0.000000029,0.000000030947,0.000000053378,0.00000011709,0.0000001614,0.00000022754,0.00000085963,0.00000091774,0.0000012275,0.0000013344,0.0000013695,0.0000017203,0.0000025248,0.0000035334,0.000003914,0.000018006,0.000018284,0.000024583,0.000039932,0.000095909,0.00024809,0.00069081,0.0045527,0.0054102,0.0060046,0.018126,0.023183,0.029065,0.070178,0.19728,0.38131,0.49868,0.53371,0.55563,0.6163,0.67136,0.73544,0.73976,0.80656,0.81025,0.82672,0.86626,0.88984,0.93806,0.992,1,0.97492,0.96214,0.89161,0.8859,0.87278,0.82156,0.79151,0.63525,0.54549,0.53752,0.44081,0.26792,0.26781,0.18794,0.097089,0.052989,0.036179,0.034621,0.01912,0.01874,0.01602,0.014841,0.013104,0.008202,0.0060307,0.0053009,0.004949,0.0046634,0.0036173,0.0023705,0.0023028,0.0017778,0.0016375,0.0014861,0.00034407,0.00026758,0.000013867,0.0000061834,0.0000060438,0.000005133,0.00000068607,0.00000016685,0.000000052096,0.000000021082,0.000000017,0.000000001735,0.0000000012193,7.8437E-11,5.4672E-11,7.808E-12,1.2224E-12,2.2938E-14,9.1206E-15,6.3069E-15
1,0.0000000075041,0.000000008,0.000000014122,0.000000032,0.000000044613,0.000000063778,0.00000025467,0.00000027265,0.00000036925,0.00000040286,0.00000041394,0.00000052513,0.00000078387,0.0000011136,0.0000012393,0.0000061216,0.0000062207,0.000008485,0.000014118,0.000035464,0.00009655,0.00028505,0.0021175,0.0025465,0.0028471,0.0093338,0.012178,0.015559,0.040696,0.12814,0.27185,0.37268,0.4042,0.42427,0.48135,0.53524,0.60088,0.60543,0.67831,0.68249,0.70138,0.74846,0.77802,0.84372,0.93988,0.97492,1,0.99863,0.96834,0.96502,0.95705,0.92252,0.90024,0.76764,0.68158,0.67363,0.57346,0.37656,0.37643,0.27667,0.154,0.089208,0.06304,0.060556,0.035141,0.034497,0.029859,0.027827,0.024807,0.016079,0.012086,0.010719,0.010056,0.0095143,0.0075086,0.0050597,0.0049244,0.0038652,0.0035786,0.0032677,0.00082511,0.00065077,0.000039255,0.000018179,0.000017787,0.00001522,0.0000022223,0.00000057294,0.00000018734,0.00000007849,0.000000063817,0.0000000070787,0.000000005,3.5579E-10,2.5096E-10,3.8153E-11,6.3264E-12,1.3343E-13,5.4453E-14,3.8044E-14
1,0.0000000054369,0.0000000058119,0.000000010288,0.000000023445,0.000000032834,0.000000047091,0.00000019048,0.00000020406,0.00000027716,0.00000030264,0.00000031105,0.00000039552,0.00000059272,0.000000845,0.00000094136,0.0000047277,0.000004805,0.0000065761,0.000011003,0.00002793,0.000076948,0.00023029,0.001759,0.0021214,0.0023757,0.0079398,0.010407,0.013355,0.035589,0.11506,0.24944,0.34573,0.37613,0.39556,0.45115,0.50406,0.56911,0.57365,0.64679,0.65101,0.67014,0.71818,0.74861,0.81719,0.92141,0.96214,0.99863,1,0.97996,0.97728,0.97071,0.94087,0.92088,0.79639,0.71264,0.70482,0.60524,0.40465,0.40451,0.30053,0.17021,0.099975,0.071216,0.068471,0.040195,0.039473,0.034264,0.031977,0.028571,0.01867,0.014105,0.012537,0.011774,0.01115,0.0088351,0.0059924,0.0058347,0.0045974,0.0042617,0.003897,0.0010041,0.0007945,0.00004965,0.000023196,0.000022702,0.000019459,0.0000029003,0.000000758,0.00000025051,0.00000010581,0.000000086192,0.0000000097481,0.000000007,5.0219E-10,3.552E-10,5.4793E-11,9.2077E-12,1.9956E-13,8.1934E-14,5.7382E-14
1,0.00000000154,0.0000000016498,0.000000003,0.000000007,0.0000000098761,0.000000014341,0.000000061,0.000000065458,0.000000089907,0.000000098488,0.00000010133,0.00000013,0.00000019777,0.00000028575,0.00000031964,0.0000017106,0.0000017398,0.0000024118,0.0000041227,0.000010893,0.000031412,0.000099049,0.00084193,0.0010262,0.0011568,0.0041618,0.0055529,0.0072467,0.020741,0.074203,0.17481,0.25269,0.2782,0.29473,0.34299,0.39031,0.45044,0.45471,0.52529,0.52947,0.54853,0.59751,0.62947,0.70471,0.83235,0.89161,0.96834,0.97996,1,0.99991,0.99909,0.98911,0.97924,0.89392,0.82414,0.81728,0.72561,0.51978,0.51963,0.40233,0.24358,0.15088,0.11083,0.10692,0.065601,0.064516,0.056626,0.053129,0.047877,0.032277,0.024869,0.022284,0.021016,0.019977,0.016075,0.011177,0.010902,0.0087176,0.0081186,0.0074642,0.002078,0.0016651,0.00011916,0.000057582,0.000056409,0.000048675,0.0000078504,0.0000021614,0.00000074438,0.00000032431,0.00000026611,0.000000032423,0.000000023397,0.000000001836,0.0000000013125,2.1409E-10,3.7868E-11,9.1096E-13,3.8282E-13,2.7058E-13
1,0.0000000014155,0.0000000015166,0.000000002739,0.0000000064283,0.0000000091138,0.000000013245,0.000000056475,0.000000060661,0.00000008338,0.000000091358,0.000000094,0.00000012066,0.00000018375,0.00000026573,0.00000029733,0.0000015979,0.0000016251,0.0000022548,0.0000038598,0.000010225,0.000029575,0.000093577,0.00080101,0.00097704,0.0011018,0.0039833,0.0053209,0.0069516,0.01999,0.071994,0.17053,0.24719,0.27235,0.28868,0.33639,0.38327,0.44294,0.44719,0.51743,0.52159,0.54059,0.5895,0.62146,0.6969,0.82565,0.8859,0.96502,0.97728,0.99991,1,0.99957,0.99096,0.98181,0.89945,0.83087,0.8241,0.73327,0.52765,0.5275,0.40953,0.24903,0.15479,0.11393,0.10994,0.06765,0.066537,0.058443,0.054853,0.049459,0.033411,0.025777,0.023109,0.021801,0.020727,0.016696,0.011628,0.011342,0.009079,0.0084577,0.0077787,0.0021766,0.0017456,0.00012604,0.000061039,0.000059799,0.000051624,0.0000083692,0.0000023122,0.00000079844,0.00000034858,0.00000028616,0.000000035,0.000000025301,0.000000002,0.0000000014281,2.338E-10,4.1495E-11,1.0051E-12,4.2301E-13,2.9917E-13
1,0.0000000011726,0.0000000012567,0.0000000022759,0.000000005363,0.0000000076162,0.000000011089,0.000000047624,0.000000051173,0.000000070453,0.00000007723,0.000000079472,0.00000010215,0.0000001559,0.0000002259,0.00000025292,0.0000013719,0.0000013954,0.0000019397,0.0000033309,0.0000088757,0.000025844,0.0000824,0.00071645,0.00087526,0.00098799,0.0036105,0.0048354,0.0063329,0.018403,0.067265,0.16128,0.23522,0.25962,0.27547,0.32195,0.3678,0.42643,0.43062,0.50002,0.50415,0.52301,0.57168,0.60361,0.67939,0.81039,0.87278,0.95705,0.97071,0.99909,0.99957,1,0.99447,0.98694,0.91132,0.84552,0.83896,0.75014,0.54527,0.54512,0.42577,0.26144,0.16377,0.12109,0.1169,0.072401,0.071225,0.062662,0.058858,0.053137,0.03606,0.0279,0.025042,0.023639,0.022487,0.018154,0.01269,0.012381,0.0099321,0.0092587,0.0085222,0.0024118,0.0019377,0.00014272,0.000069459,0.000068057,0.00005881,0.0000096449,0.000002685,0.00000093279,0.00000040909,0.00000033618,0.000000041612,0.000000030099,0.0000000024041,0.0000000017224,2.843E-10,5.0837E-11,1.2503E-12,5.2801E-13,3.7394E-13
1,5.9348E-10,6.3681E-10,0.0000000011646,0.0000000027844,0.000000004,0.0000000058298,0.000000025694,0.000000027644,0.000000038283,0.000000042,0.00000004328,0.000000055886,0.000000086,0.00000012545,0.00000014076,0.00000078933,0.00000080316,0.000001124,0.0000019518,0.0000053112,0.000015839,0.0000519,0.00047723,0.00058627,0.00066404,0.0025221,0.0034094,0.0045047,0.013589,0.052374,0.13116,0.19555,0.21717,0.23133,0.27323,0.31515,0.36959,0.37352,0.43927,0.44323,0.46134,0.5086,0.54,0.61588,0.75271,0.82156,0.92252,0.94087,0.98911,0.99096,0.99447,1,0.99838,0.94836,0.89374,0.88805,0.80801,0.60894,0.60879,0.48589,0.30894,0.19899,0.14951,0.1446,0.091652,0.090231,0.079845,0.075208,0.068202,0.047046,0.036776,0.033149,0.031361,0.02989,0.024326,0.017228,0.016823,0.0136,0.012709,0.011731,0.0034573,0.002796,0.00022107,0.00010951,0.00010736,0.000093094,0.000015911,0.000004552,0.0000016158,0.00000072024,0.00000059414,0.000000076465,0.000000055632,0.0000000046419,0.0000000033442,5.6836E-10,1.0439E-10,2.7116E-12,1.1592E-12,8.2488E-13
1,4.0901E-10,4.3914E-10,8.0742E-10,0.0000000019455,0.0000000027886,0.0000000041009,0.000000018328,0.000000019734,0.000000027414,0.00000003013,0.000000031,0.000000040169,0.000000062058,0.000000090898,0.00000010211,0.000000583,0.00000059329,0.00000083327,0.0000014559,0.0000040066,0.000012104,0.00004025,0.00038146,0.00047003,0.00053337,0.0020684,0.0028102,0.0037307,0.011483,0.045544,0.11677,0.17617,0.19631,0.20954,0.24891,0.28859,0.34055,0.34431,0.40772,0.41155,0.42915,0.47529,0.50615,0.58141,0.71997,0.79151,0.90024,0.92088,0.97924,0.98181,0.98694,0.99838,1,0.96453,0.91668,0.91153,0.83722,0.64339,0.64323,0.51941,0.33653,0.22005,0.16677,0.16145,0.10362,0.10205,0.090588,0.085455,0.077683,0.05406,0.042495,0.03839,0.036364,0.034694,0.028359,0.020226,0.01976,0.016041,0.01501,0.013876,0.0041799,0.0033925,0.00027871,0.00013939,0.00013668,0.00011875,0.000020753,0.0000060253,0.0000021639,0.000000973,0.0000008043,0.00000010571,0.000000077154,0.0000000065913,0.0000000047629,8.2235E-10,1.5325E-10,4.0998E-12,1.7641E-12,1.2586E-12
1,6.7382E-11,7.2557E-11,1.368E-10,3.4201E-10,4.978E-10,7.4433E-10,0.0000000035538,0.0000000038391,0.0000000054134,0.000000006,0.000000006162,0.0000000080719,0.000000012725,0.000000019,0.000000021432,0.0000001332,0.00000013568,0.00000019386,0.00000034854,0.0000010119,0.0000032493,0.000011586,0.00012665,0.0001583,0.00018121,0.00077546,0.0010788,0.0014648,0.0049603,0.022522,0.064525,0.10298,0.11658,0.12567,0.15335,0.18221,0.22139,0.22429,0.27435,0.27746,0.2918,0.3303,0.35676,0.42387,0.55848,0.63525,0.76764,0.79639,0.89392,0.89945,0.91132,0.94836,0.96453,1,0.98905,0.98702,0.94783,0.79875,0.79861,0.68144,0.48262,0.3388,0.26752,0.26018,0.17713,0.17479,0.15747,0.14961,0.13756,0.099806,0.080541,0.07355,0.070066,0.067176,0.056053,0.041329,0.040468,0.033507,0.031546,0.029376,0.0098135,0.0080997,0.00079753,0.00041726,0.00040966,0.0003591,0.000069736,0.000021707,0.0000082362,0.0000038602,0.0000032219,0.00000046777,0.00000034651,0.000000033094,0.000000024255,0.0000000045121,9.0043E-10,2.7692E-11,1.2291E-11,8.8781E-12
1,2.4142E-11,2.6038E-11,4.9777E-11,1.2701E-10,1.8644E-10,2.8134E-10,0.0000000013931,0.0000000015077,0.0000000021436,0.0000000023717,0.0000000024476,0.0000000032273,0.0000000051444,0.0000000077476,0.0000000087776,0.00000005717,0.000000058263,0.000000084,0.0000001535,0.000000459,0.0000015243,0.0000056488,0.000066814,0.000084168,0.00009681,0.00043743,0.00061658,0.00084764,0.0030256,0.014803,0.045091,0.074228,0.084776,0.091876,0.1138,0.13706,0.16924,0.17164,0.21375,0.21639,0.22865,0.26195,0.28516,0.34517,0.47063,0.54549,0.68158,0.71264,0.82414,0.83087,0.84552,0.89374,0.91668,0.98905,1,0.99991,0.98411,0.87262,0.8725,0.7675,0.57096,0.41683,0.33667,0.32827,0.23089,0.22808,0.20716,0.19759,0.18284,0.13574,0.11114,0.1021,0.097566,0.093794,0.079158,0.059446,0.05828,0.048784,0.046087,0.043089,0.01524,0.012696,0.0013815,0.000741,0.00072801,0.00064131,0.000132,0.000042698,0.0000167,0.0000080083,0.0000067201,0.0000010307,0.00000076981,0.000000078188,0.000000057755,0.000000011196,0.0000000023203,7.7064E-11,3.4797E-11,2.5305E-11
1,2.1997E-11,2.3727E-11,4.5416E-11,1.161E-10,1.7055E-10,2.5757E-10,0.0000000012796,0.0000000013851,0.000000002,0.0000000021808,0.0000000022508,0.000000003,0.0000000047383,0.0000000071422,0.000000008094,0.00000005294,0.000000054,0.000000077888,0.00000014247,0.00000042716,0.0000014228,0.0000052909,0.000063024,0.00007945,0.000091423,0.00041511,0.0005858,0.00080623,0.0028914,0.014242,0.043619,0.072005,0.082301,0.089237,0.11068,0.13346,0.16503,0.1674,0.2088,0.21139,0.22347,0.25629,0.27919,0.33851,0.46297,0.53752,0.67363,0.70482,0.81728,0.8241,0.83896,0.88805,0.91153,0.98702,0.99991,1,0.98637,0.87862,0.87851,0.77489,0.579,0.42419,0.34331,0.33482,0.23618,0.23333,0.21209,0.20236,0.18736,0.13938,0.11427,0.10503,0.1004,0.096539,0.081558,0.061349,0.060152,0.0504,0.047628,0.044546,0.015836,0.013203,0.0014497,0.0007793,0.00076568,0.0006748,0.00013962,0.000045318,0.000017774,0.0000085404,0.00000717,0.0000011051,0.000000826,0.000000084361,0.000000062358,0.000000012133,0.000000002523,8.4376E-11,3.8158E-11,2.7766E-11
1,6.7969E-12,7.3448E-12,1.4278E-11,3.7338E-11,5.5372E-11,8.4484E-11,4.3717E-10,4.7418E-10,6.8087E-10,7.5549E-10,7.8038E-10,0.000000001,0.0000000016755,0.0000000025537,0.0000000029038,0.00000002,0.000000020407,0.000000029773,0.000000055428,0.00000017176,0.00000059405,0.0000023061,0.000029997,0.000038149,0.000044134,0.00021293,0.00030492,0.00042551,0.0016185,0.0086653,0.02842,0.048567,0.056058,0.061151,0.077113,0.094402,0.11886,0.12071,0.1536,0.1557,0.16546,0.19233,0.21135,0.26164,0.37178,0.44081,0.57346,0.60524,0.72561,0.73327,0.75014,0.80801,0.83722,0.94783,0.98411,0.98637,1,0.94286,0.94277,0.86034,0.67911,0.5198,0.43146,0.42198,0.30869,0.30533,0.28007,0.2684,0.25026,0.19103,0.15916,0.14727,0.14126,0.13625,0.11657,0.089506,0.087881,0.074535,0.070705,0.066425,0.02517,0.021203,0.002603,0.0014387,0.0014147,0.0012536,0.0002768,0.000093785,0.00003805,0.000018756,0.000015841,0.0000025961,0.0000019582,0.00000021422,0.00000015974,0.000000032541,0.0000000070586,2.5724E-10,1.1858E-10,8.6945E-11
1,5.4743E-13,5.9376E-13,1.1918E-12,3.2672E-12,4.9409E-12,7.7002E-12,4.335E-11,4.722E-11,6.9105E-11,7.7101E-11,7.9778E-11,1.0764E-10,1.7843E-10,2.7823E-10,3.1861E-10,0.0000000024471,0.0000000024981,0.0000000037253,0.0000000071936,0.000000023868,0.000000089229,0.00000037865,0.00000591,0.0000076537,0.0000089536,0.000048985,0.000072301,0.00010383,0.00044611,0.0028386,0.010727,0.019695,0.023197,0.025623,0.033442,0.042241,0.055206,0.056211,0.074553,0.075751,0.081384,0.097265,0.10883,0.14066,0.21635,0.26792,0.37656,0.40465,0.51978,0.52765,0.54527,0.60894,0.64339,0.79875,0.87262,0.87862,0.94286,1,1,0.97912,0.86587,0.72562,0.63469,0.62437,0.49249,0.48832,0.45647,0.44144,0.41766,0.33622,0.28968,0.27174,0.26256,0.25482,0.22384,0.17932,0.17656,0.15357,0.14684,0.13923,0.060204,0.051815,0.008015,0.0046925,0.0046215,0.0041423,0.0010463,0.00038746,0.00016863,0.000087639,0.000074939,0.000013944,0.000010719,0.0000013519,0.0000010265,0.00000023,0.000000054446,0.0000000023706,0.000000001137,8.468E-10
1,5.4639E-13,5.9263E-13,1.1896E-12,3.2611E-12,4.9319E-12,7.6862E-12,4.3274E-11,4.7138E-11,6.8985E-11,7.6968E-11,7.964E-11,1.0745E-10,1.7813E-10,2.7777E-10,3.1808E-10,0.0000000024432,0.0000000024942,0.0000000037195,0.0000000071824,0.000000023832,0.0000000891,0.00000037812,0.0000059026,0.0000076443,0.0000089427,0.000048929,0.000072221,0.00010372,0.00044567,0.0028361,0.010719,0.019681,0.023181,0.025606,0.03342,0.042214,0.055172,0.056177,0.07451,0.075707,0.081338,0.097211,0.10878,0.14059,0.21625,0.26781,0.37643,0.40451,0.51963,0.5275,0.54512,0.60879,0.64323,0.79861,0.8725,0.87851,0.94277,1,1,0.97917,0.86599,0.72577,0.63484,0.62453,0.49264,0.48847,0.45661,0.44158,0.4178,0.33634,0.2898,0.27185,0.26267,0.25493,0.22394,0.1794,0.17665,0.15365,0.14691,0.1393,0.06024,0.051847,0.0080213,0.0046964,0.0046253,0.0041458,0.0010473,0.00038785,0.00016881,0.000087735,0.000075022,0.00001396,0.000010732,0.0000013537,0.0000010279,0.00000023032,0.000000054526,0.0000000023744,0.0000000011388,8.482E-10
1,1.1446E-13,1.2443E-13,2.546E-13,7.1791E-13,1.0985E-12,1.7338E-12,1.0267E-11,1.1212E-11,1.6596E-11,1.8577E-11,1.9242E-11,2.6198E-11,4.4102E-11,6.9718E-11,8.0172E-11,6.5704E-10,6.712E-10,0.000000001,0.000000002,0.0000000069183,0.000000027099,0.00000012129,0.0000021115,0.0000027644,0.0000032555,0.000019203,0.000028863,0.00004217,0.00019489,0.0013752,0.0056573,0.010842,0.012926,0.014385,0.019166,0.024666,0.032965,0.033617,0.045707,0.046508,0.050294,0.061117,0.069132,0.091683,0.14786,0.18794,0.27667,0.30053,0.40233,0.40953,0.42577,0.48589,0.51941,0.68144,0.7675,0.77489,0.86034,0.97912,0.97917,1,0.94662,0.83754,0.75592,0.74624,0.61579,0.61146,0.57809,0.5621,0.5365,0.44586,0.39193,0.3707,0.35974,0.35045,0.31272,0.25697,0.25346,0.2238,0.215,0.205,0.095937,0.083636,0.014858,0.0090039,0.008876,0.0080102,0.0021931,0.00085653,0.00038878,0.00020856,0.00017966,0.00003607,0.000028045,0.0000038519,0.0000029564,0.0000007013,0.00000017493,0.000000008473,0.0000000041614,0.0000000031286
1,8.4005E-15,9.1645E-15,1.9341E-14,5.7077E-14,8.9004E-14,1.4338E-13,9.2102E-13,1.0099E-12,1.5226E-12,1.7135E-12,1.7778E-12,2.456E-12,4.2386E-12,6.85E-12,7.9306E-12,7.2163E-11,7.3797E-11,1.1388E-10,2.3285E-10,8.5968E-10,0.0000000036302,0.000000017708,0.00000036756,0.00000048974,0.000000583,0.0000038825,0.0000060085,0.0000090256,0.000046918,0.00039112,0.001845,0.0037893,0.0046068,0.0051894,0.0071472,0.0094804,0.013135,0.013428,0.019002,0.01938,0.02118,0.026438,0.030431,0.042072,0.073243,0.097089,0.154,0.17021,0.24358,0.24903,0.26144,0.30894,0.33653,0.48262,0.57096,0.579,0.67911,0.86587,0.86599,0.94662,1,0.9657,0.91678,0.91017,0.80773,0.80395,0.77406,0.75927,0.73498,0.643,0.58382,0.55958,0.54685,0.53594,0.49054,0.41995,0.41536,0.3758,0.36379,0.34997,0.18605,0.16559,0.036772,0.023557,0.023259,0.021222,0.0066163,0.0028156,0.0013676,0.00077208,0.0006731,0.00015276,0.00012097,0.000019062,0.000014888,0.0000038717,0.0000010508,0.000000060434,0.000000030839,0.00000002354
1,9.6667E-16,1.0576E-15,2.2879E-15,7.001E-15,1.1083E-14,1.8148E-14,1.244E-13,1.3685E-13,2.0937E-13,2.3662E-13,2.4582E-13,3.4358E-13,6.0482E-13,9.9481E-13,1.158E-12,1.1454E-11,1.1723E-11,1.8399E-11,3.8693E-11,1.5057E-10,6.751E-10,0.0000000035269,0.00000008424,0.00000011382,0.00000013666,0.0000010026,0.0000015883,0.0000024392,0.000013927,0.00013261,0.00069769,0.0015143,0.0018699,0.0021268,0.0030078,0.004087,0.0058275,0.0059694,0.0087212,0.0089111,0.0098208,0.012524,0.014618,0.020892,0.038658,0.052989,0.089208,0.099975,0.15088,0.15479,0.16377,0.19899,0.22005,0.3388,0.41683,0.42419,0.5198,0.72562,0.72577,0.83754,0.9657,1,0.98842,0.98571,0.92703,0.92444,0.90311,0.89207,0.87331,0.79597,0.74159,0.71838,0.70597,0.69522,0.64933,0.57438,0.56934,0.52522,0.51153,0.49562,0.29169,0.26393,0.070031,0.046898,0.04636,0.042674,0.014757,0.0067247,0.0034478,0.0020273,0.0017844,0.00044657,0.00035884,0.000063094,0.00004997,0.000013983,0.0000040593,0.00000026775,0.00000014087,0.00000010883
1,2.6855E-16,2.943E-16,6.4578E-16,2.018E-15,3.2226E-15,5.3269E-15,3.7909E-14,4.1784E-14,6.4469E-14,7.3037E-14,7.5934E-14,1.0685E-13,1.9026E-13,3.1613E-13,3.6914E-13,3.8315E-12,3.9237E-12,6.2182E-12,1.3291E-11,5.3317E-11,2.4748E-10,0.0000000013451,0.000000034843,0.000000047461,0.000000057265,0.00000044431,0.00000071338,0.0000011096,0.0000066883,0.000068773,0.00038538,0.00086355,0.001076,0.0012306,0.0017673,0.002435,0.0035301,0.0036202,0.0053874,0.0055106,0.0061027,0.0078795,0.0092712,0.013506,0.025888,0.036179,0.06304,0.071216,0.11083,0.11393,0.12109,0.14951,0.16677,0.26752,0.33667,0.34331,0.43146,0.63469,0.63484,0.75592,0.91678,0.98842,1,0.99985,0.97239,0.97072,0.95633,0.94846,0.93457,0.8722,0.82483,0.80391,0.79258,0.78268,0.73962,0.66672,0.66172,0.61731,0.60334,0.58699,0.36637,0.33467,0.098421,0.06762,0.066892,0.061885,0.02272,0.010771,0.0056978,0.0034301,0.0030357,0.00080388,0.00065143,0.00012203,0.000097425,0.000028442,0.000008584,0.00000061285,0.00000032816,0.00000025531
1,2.3244E-16,2.5477E-16,5.5994E-16,1.7539E-15,2.8035E-15,4.639E-15,3.3152E-14,3.6549E-14,5.6445E-14,6.3964E-14,6.6507E-14,9.3653E-14,1.6697E-13,2.7776E-13,3.2445E-13,3.3858E-12,3.4675E-12,5.5012E-12,1.178E-11,4.7415E-11,2.2094E-10,0.0000000012062,0.000000031528,0.000000043,0.000000051892,0.00000040514,0.00000065147,0.0000010148,0.0000061538,0.000063821,0.00036015,0.00080991,0.0010102,0.0011561,0.001663,0.002295,0.0033332,0.0034187,0.005098,0.0052152,0.0057787,0.0074715,0.0087991,0.012846,0.02472,0.034621,0.060556,0.068471,0.10692,0.10994,0.1169,0.1446,0.16145,0.26018,0.32827,0.33482,0.42198,0.62437,0.62453,0.74624,0.91017,0.98571,0.99985,1,0.97617,0.97462,0.96107,0.9536,0.94031,0.87988,0.83347,0.81289,0.80172,0.79195,0.74936,0.67693,0.67194,0.62764,0.61368,0.59732,0.37527,0.34317,0.10208,0.070337,0.069585,0.064414,0.023807,0.011337,0.0060176,0.0036322,0.0032165,0.00085715,0.00069526,0.00013116,0.00010481,0.000030743,0.0000093188,0.00000067121,0.00000036012,0.00000028039
1,3.5202E-17,3.8676E-17,8.6765E-17,2.8009E-16,4.5337E-16,7.6044E-16,5.7358E-15,6.3407E-15,9.9123E-15,1.1272E-14,1.1733E-14,1.6683E-14,3.0239E-14,5.1044E-14,5.9892E-14,6.6989E-13,6.8654E-13,1.1046E-12,2.4213E-12,1.0181E-11,4.9865E-11,2.8821E-10,0.0000000084654,0.000000011677,0.000000014197,0.00000012013,0.000000197,0.00000031248,0.0000020486,0.000023729,0.00014662,0.00034521,0.00043619,0.00050321,0.00073998,0.0010418,0.0015497,0.0015921,0.002438,0.0024979,0.0027871,0.0036683,0.0043704,0.0065588,0.013277,0.01912,0.035141,0.040195,0.065601,0.06765,0.072401,0.091652,0.10362,0.17713,0.23089,0.23618,0.30869,0.49249,0.49264,0.61579,0.80773,0.92703,0.97239,0.97617,1,0.99997,0.99807,0.99608,0.99143,0.95985,0.92894,0.91401,0.90565,0.89819,0.86431,0.80227,0.79782,0.75734,0.74425,0.72872,0.4982,0.46188,0.15931,0.11388,0.11278,0.10517,0.042365,0.021355,0.011856,0.0074028,0.0066077,0.00191,0.0015681,0.00032404,0.00026196,0.000081667,0.000026179,0.0000021131,0.0000011628,0.00000091454
1,3.3081E-17,3.6349E-17,8.1598E-17,2.6367E-16,4.2696E-16,7.1646E-16,5.4135E-15,5.985E-15,9.36E-15,1.0645E-14,1.1081E-14,1.5761E-14,2.8582E-14,4.8271E-14,5.6646E-14,6.3502E-13,6.5081E-13,1.0476E-12,2.2981E-12,9.6771E-12,4.7472E-11,2.7489E-10,0.0000000081047,0.000000011183,0.000000013601,0.00000011538,0.00000018929,0.0000003005,0.0000019751,0.00002296,0.00014229,0.00033551,0.00042411,0.0004894,0.00072018,0.0010146,0.0015104,0.0015518,0.0023783,0.0024368,0.0027197,0.0035816,0.0042687,0.0064119,0.013001,0.01874,0.034497,0.039473,0.064516,0.066537,0.071225,0.090231,0.10205,0.17479,0.22808,0.23333,0.30533,0.48832,0.48847,0.61146,0.80395,0.92444,0.97072,0.97462,0.99997,1,0.99849,0.99668,0.99233,0.96179,0.93146,0.91676,0.90851,0.90114,0.86763,0.80606,0.80164,0.76136,0.74832,0.73285,0.5024,0.46598,0.1615,0.11559,0.11447,0.10677,0.043131,0.021781,0.012111,0.00757,0.0067586,0.0019588,0.0016088,0.00033343,0.00026966,0.000084233,0.000027051,0.0000021915,0.000001207,0.00000094959
1,2.0446E-17,2.2478E-17,5.0721E-17,1.6514E-16,2.6826E-16,4.5168E-16,3.4594E-15,3.8272E-15,6.0036E-15,6.8341E-15,7.1159E-15,1.0146E-14,1.8475E-14,3.1316E-14,3.6791E-14,4.1967E-13,4.3019E-13,6.9489E-13,1.5333E-12,6.528E-12,3.2427E-11,1.9047E-10,0.0000000057824,0.000000008,0.0000000097494,0.000000084395,0.00000013913,0.00000022189,0.0000014872,0.000017774,0.00011269,0.00026878,0.00034086,0.00039413,0.00058319,0.00082575,0.0012367,0.0012711,0.001961,0.0020101,0.0022473,0.0029728,0.0035534,0.0053744,0.011037,0.01602,0.029859,0.034264,0.056626,0.058443,0.062662,0.079845,0.090588,0.15747,0.20716,0.21209,0.28007,0.45647,0.45661,0.57809,0.77406,0.90311,0.95633,0.96107,0.99807,0.99849,1,0.99965,0.99762,0.9752,0.94955,0.93662,0.92928,0.92267,0.89211,0.83447,0.83028,0.79175,0.77918,0.7642,0.53512,0.49804,0.17913,0.1294,0.12818,0.11977,0.049441,0.025326,0.014242,0.0089778,0.0080315,0.0023756,0.0019571,0.00041499,0.00033659,0.00010676,0.000034769,0.0000028985,0.0000016065,0.0000012671
1,1.6207E-17,1.7824E-17,4.0318E-17,1.3175E-16,2.1434E-16,3.6148E-16,2.7866E-15,3.0839E-15,4.8447E-15,5.5173E-15,5.7455E-15,8.2013E-15,1.4964E-14,2.541E-14,2.9868E-14,3.4356E-13,3.522E-13,5.6988E-13,1.261E-12,5.3971E-12,2.697E-11,1.5951E-10,0.0000000049112,0.0000000068061,0.0000000082991,0.000000072541,0.00000011987,0.00000019159,0.0000012962,0.0000157,0.00010063,0.00024135,0.00030656,0.0003548,0.0005264,0.00074714,0.0011221,0.0011536,0.0017855,0.0018305,0.0020483,0.0027153,0.0032501,0.0049321,0.010191,0.014841,0.027827,0.031977,0.053129,0.054853,0.058858,0.075208,0.085455,0.14961,0.19759,0.20236,0.2684,0.44144,0.44158,0.5621,0.75927,0.89207,0.94846,0.9536,0.99608,0.99668,0.99965,1,0.99909,0.98066,0.95733,0.9453,0.93841,0.93219,0.90315,0.84757,0.84349,0.80592,0.79361,0.7789,0.55099,0.51366,0.18808,0.13646,0.1352,0.12644,0.052737,0.0272,0.015378,0.0097341,0.0087164,0.0026035,0.0021481,0.00046051,0.00037403,0.00011951,0.000039184,0.0000033116,0.0000018412,0.0000014539
1,1.1135E-17,1.2251E-17,2.7824E-17,9.1453E-17,1.4914E-16,2.5219E-16,1.9646E-15,2.1753E-15,3.4255E-15,3.9037E-15,4.066E-15,5.8148E-15,1.0644E-14,1.8125E-14,2.1324E-14,2.486E-13,2.5489E-13,4.1354E-13,9.1925E-13,3.9678E-12,2.002E-11,1.1972E-10,0.0000000037704,0.000000005237,0.0000000063947,0.000000056774,0.000000094165,0.00000015105,0.0000010375,0.000012838,0.000083749,0.00020266,0.00025806,0.00029914,0.00044572,0.00063509,0.00095828,0.00098546,0.0015331,0.0015722,0.0017616,0.0023434,0.0028113,0.004289,0.0089496,0.013104,0.024807,0.028571,0.047877,0.049459,0.053137,0.068202,0.077683,0.13756,0.18284,0.18736,0.25026,0.41766,0.4178,0.5365,0.73498,0.87331,0.93457,0.94031,0.99143,0.99233,0.99762,0.99909,1,0.98805,0.96857,0.95803,0.95191,0.94633,0.91984,0.86779,0.86392,0.82803,0.81618,0.80198,0.57669,0.53905,0.20312,0.14843,0.14709,0.13775,0.058423,0.030468,0.017376,0.011071,0.0099289,0.0030128,0.0024916,0.00054367,0.00044257,0.00014309,0.000047428,0.0000040978,0.0000022895,0.0000018115
1,2.7956E-18,3.081E-18,7.0993E-18,2.3837E-17,3.922E-17,6.6956E-17,5.4185E-16,6.0112E-16,9.5476E-16,1.0907E-15,1.137E-15,1.6372E-15,3.0318E-15,5.2164E-15,6.1565E-15,7.5377E-14,7.7323E-14,1.267E-13,2.8633E-13,1.2746E-12,6.6618E-12,4.1474E-11,0.0000000014183,0.000000002,0.0000000024375,0.000000022906,0.000000038515,0.000000062588,0.00000045423,0.000006077,0.000042264,0.00010564,0.00013576,0.00015826,0.0002395,0.00034612,0.00053114,0.00054684,0.00086681,0.00088988,0.001002,0.0013498,0.0016326,0.0025397,0.0054925,0.008202,0.016079,0.01867,0.032277,0.033411,0.03606,0.047046,0.05406,0.099806,0.13574,0.13938,0.19103,0.33622,0.33634,0.44586,0.643,0.79597,0.8722,0.87988,0.95985,0.96179,0.9752,0.98066,0.98805,1,0.99524,0.99055,0.98745,0.98444,0.96832,0.93123,0.92827,0.8999,0.8902,0.87837,0.67047,0.6328,0.2647,0.19854,0.19688,0.18534,0.083532,0.045347,0.026696,0.017421,0.015711,0.0050488,0.0042114,0.00097998,0.00080428,0.00027147,0.000093606,0.0000087649,0.0000049856,0.0000039727
1,1.1561E-18,1.2755E-18,2.966E-18,1.0093E-17,1.67E-17,2.8683E-17,2.3776E-16,2.6408E-16,4.2172E-16,4.8254E-16,5.0324E-16,7.2775E-16,1.3576E-15,2.3511E-15,2.7804E-15,3.5108E-14,3.6026E-14,5.94E-14,1.3564E-13,6.1568E-13,3.29E-12,2.1008E-11,7.5668E-10,0.0000000010652,0.0000000013113,0.000000012772,0.000000021661,0.000000035489,0.00000026665,0.0000037472,0.000027134,0.000069223,0.000089471,0.00010467,0.00015996,0.00023324,0.00036174,0.00037271,0.0005978,0.00061414,0.00069368,0.00094185,0.0011451,0.0018033,0.0039888,0.0060307,0.012086,0.014105,0.024869,0.025777,0.0279,0.036776,0.042495,0.080541,0.11114,0.11427,0.15916,0.28968,0.2898,0.39193,0.58382,0.74159,0.82483,0.83347,0.92894,0.93146,0.94955,0.95733,0.96857,0.99524,1,0.9992,0.99813,0.99685,0.9879,0.96161,0.95934,0.93671,0.9287,0.91878,0.72818,0.69148,0.30892,0.23553,0.23367,0.22069,0.10335,0.057543,0.034559,0.022894,0.02072,0.0069037,0.0057898,0.001403,0.0011574,0.00040138,0.00014189,0.000013976,0.0000080401,0.0000064353
1,8.0243E-19,8.8568E-19,2.0672E-18,7.0736E-18,1.173E-17,2.0197E-17,1.6908E-16,1.8789E-16,3.0072E-16,3.4431E-16,3.5915E-16,5.2029E-16,9.7353E-16,1.6904E-15,2.0007E-15,2.5585E-14,2.6258E-14,4.3405E-14,9.9541E-14,4.5544E-13,2.4559E-12,1.5847E-11,5.8306E-10,8.2251E-10,0.000000001,0.00000001,0.000000017056,0.000000028,0.00000021369,0.0000030642,0.000022559,0.000058035,0.000075188,0.000088094,0.00013517,0.00019781,0.00030813,0.00031757,0.00051182,0.00052596,0.00059484,0.00081027,0.00098717,0.0015625,0.0034883,0.0053009,0.010719,0.012537,0.022284,0.023109,0.025042,0.033149,0.03839,0.07355,0.1021,0.10503,0.14727,0.27174,0.27185,0.3707,0.55958,0.71838,0.80391,0.81289,0.91401,0.91676,0.93662,0.9453,0.95803,0.99055,0.9992,1,0.99978,0.99923,0.9933,0.97168,0.9697,0.94963,0.94237,0.93332,0.7512,0.71513,0.32824,0.25195,0.25001,0.23643,0.11247,0.063278,0.038317,0.02554,0.023149,0.0078282,0.0065797,0.0016211,0.0013402,0.00046997,0.00016784,0.00001688,0.0000097556,0.0000078228
1,6.6141E-19,7.3019E-19,1.7077E-18,5.8603E-18,9.73E-18,1.6775E-17,1.4116E-16,1.5691E-16,2.5143E-16,2.8797E-16,3.0042E-16,4.3561E-16,8.1637E-16,1.4196E-15,1.6809E-15,2.1639E-14,2.2209E-14,3.6762E-14,8.4497E-14,3.8824E-13,2.1036E-12,1.3648E-11,5.0783E-10,7.172E-10,8.847E-10,0.0000000088122,0.000000015,0.000000024746,0.00000019,0.0000027538,0.000020452,0.000052848,0.000068554,0.000080382,0.0001236,0.00018122,0.00028295,0.00029166,0.00047127,0.00048436,0.00054816,0.00074797,0.00091228,0.0014478,0.003248,0.004949,0.010056,0.011774,0.021016,0.021801,0.023639,0.031361,0.036364,0.070066,0.097566,0.1004,0.14126,0.26256,0.26267,0.35974,0.54685,0.70597,0.79258,0.80172,0.90565,0.90851,0.92928,0.93841,0.95191,0.98745,0.99813,0.99978,1,0.99983,0.99551,0.9764,0.97459,0.95589,0.94905,0.94047,0.76314,0.72746,0.33869,0.2609,0.25891,0.24502,0.11753,0.066487,0.040434,0.02704,0.024526,0.0083592,0.0070343,0.0017484,0.001447,0.00051042,0.00018327,0.000018635,0.000010796,0.0000086656
1,5.5988E-19,6.1823E-19,1.4483E-18,4.9826E-18,8.2813E-18,1.4293E-17,1.2082E-16,1.3433E-16,2.1546E-16,2.4685E-16,2.5754E-16,3.7374E-16,7.0137E-16,1.2211E-15,1.4464E-15,1.8727E-14,1.9222E-14,3.1855E-14,7.3359E-14,3.3829E-13,1.8406E-12,1.1998E-11,4.5077E-10,6.3722E-10,7.865E-10,0.0000000078865,0.00000001347,0.000000022216,0.00000017169,0.0000025112,0.000018791,0.00004874,0.000063293,0.000074263,0.0001144,0.00016801,0.00026284,0.00027097,0.0004388,0.00045104,0.00051075,0.00069796,0.0008521,0.0013554,0.0030535,0.0046634,0.0095143,0.01115,0.019977,0.020727,0.022487,0.02989,0.034694,0.067176,0.093794,0.096539,0.13625,0.25482,0.25493,0.35045,0.53594,0.69522,0.78268,0.79195,0.89819,0.90114,0.92267,0.93219,0.94633,0.98444,0.99685,0.99923,0.99983,1,0.99707,0.98012,0.97846,0.96097,0.95449,0.94633,0.77329,0.73798,0.34782,0.26875,0.26673,0.25257,0.12202,0.069352,0.042335,0.02839,0.025768,0.0088418,0.0074478,0.0018652,0.0015451,0.00054781,0.00019761,0.000020283,0.000011776,0.0000094598
1,2.7651E-19,3.0558E-19,7.21E-19,2.5067E-18,4.1846E-18,7.2568E-18,6.2505E-17,6.9561E-17,1.1205E-16,1.2853E-16,1.3415E-16,1.9534E-16,3.6869E-16,6.4516E-16,7.654E-16,1.0153E-14,1.0424E-14,1.7359E-14,4.0304E-14,1.8872E-13,1.0448E-12,6.9473E-12,2.7186E-10,3.8587E-10,4.7746E-10,0.0000000049239,0.0000000084668,0.000000014054,0.00000011161,0.0000016967,0.000013104,0.000034539,0.000045055,0.000053012,0.00008229,0.00012171,0.00019199,0.00019804,0.00032369,0.0003329,0.00037789,0.00051961,0.00063693,0.0010229,0.0023456,0.0036173,0.0075086,0.0088351,0.016075,0.016696,0.018154,0.024326,0.028359,0.056053,0.079158,0.081558,0.11657,0.22384,0.22394,0.31272,0.49054,0.64933,0.73962,0.74936,0.86431,0.86763,0.89211,0.90315,0.91984,0.96832,0.9879,0.9933,0.99551,0.99707,1,0.99237,0.99132,0.9791,0.97422,0.96788,0.81458,0.78111,0.38766,0.30341,0.30123,0.28596,0.14237,0.082541,0.051182,0.034731,0.03161,0.011158,0.0094392,0.0024402,0.0020297,0.00073507,0.00027038,0.000028878,0.000016915,0.000013636
1,8.7405E-20,9.6723E-20,2.3087E-19,8.1643E-19,1.3726E-18,2.3985E-18,2.1297E-17,2.3738E-17,3.85E-17,4.4251E-17,4.6214E-17,6.766E-17,1.289E-16,2.2742E-16,2.7049E-16,3.7311E-15,3.8321E-15,6.4323E-15,1.5133E-14,7.2624E-14,4.1351E-13,2.8394E-12,1.1866E-10,1.6953E-10,2.1062E-10,0.0000000022728,0.000000004,0.0000000066267,0.000000055,0.00000088966,0.0000072317,0.00001956,0.000025702,0.000030379,0.000047745,0.000071416,0.00011418,0.00011789,0.00019559,0.00020133,0.00022944,0.00031866,0.00039317,0.00064132,0.0015132,0.0023705,0.0050597,0.0059924,0.011177,0.011628,0.01269,0.017228,0.020226,0.041329,0.059446,0.061349,0.089506,0.17932,0.1794,0.25697,0.41995,0.57438,0.66672,0.67693,0.80227,0.80606,0.83447,0.84757,0.86779,0.93123,0.96161,0.97168,0.9764,0.98012,0.99237,1,0.99997,0.99666,0.99452,0.99135,0.87504,0.8456,0.45615,0.36451,0.3621,0.34517,0.18039,0.10799,0.068679,0.047502,0.043428,0.016048,0.013669,0.0037199,0.0031143,0.0011673,0.00044311,0.000050464,0.000029984,0.000024308
1,8.0844E-20,8.947E-20,2.1372E-19,7.5667E-19,1.2727E-18,2.2251E-18,1.9798E-17,2.2069E-17,3.5811E-17,4.1165E-17,4.2993E-17,6.2967E-17,1.2003E-16,2.119E-16,2.5207E-16,3.4861E-15,3.5806E-15,6.0134E-15,1.416E-14,6.8067E-14,3.883E-13,2.6721E-12,1.1216E-10,1.6032E-10,1.9922E-10,0.0000000021564,0.0000000037515,0.0000000062964,0.000000052404,0.00000085138,0.0000069443,0.000018815,0.000024736,0.000029246,0.000046003,0.000068862,0.0001102,0.00011379,0.00018897,0.00019452,0.00022174,0.00030818,0.00038041,0.00062115,0.0014685,0.0023028,0.0049244,0.0058347,0.010902,0.011342,0.012381,0.016823,0.01976,0.040468,0.05828,0.060152,0.087881,0.17656,0.17665,0.25346,0.41536,0.56934,0.66172,0.67194,0.79782,0.80164,0.83028,0.84349,0.86392,0.92827,0.95934,0.9697,0.97459,0.97846,0.99132,0.99997,1,0.9973,0.99536,0.99241,0.87878,0.84965,0.46092,0.36883,0.36641,0.34937,0.18318,0.1099,0.070013,0.048487,0.044341,0.016437,0.014006,0.0038248,0.0032035,0.0012035,0.00045783,0.000052366,0.000031144,0.000025259
1,4.0485E-20,4.4841E-20,1.0785E-19,3.8571E-19,6.5149E-19,1.1442E-18,1.0366E-17,1.1566E-17,1.8844E-17,2.1687E-17,2.2658E-17,3.3293E-17,6.3815E-17,1.1321E-16,1.3487E-16,1.9091E-15,1.9613E-15,3.3094E-15,7.8539E-15,3.831E-14,2.2222E-13,1.5587E-12,6.803E-11,9.7617E-11,1.2159E-10,0.0000000013521,0.0000000023675,0.000000004,0.000000034154,0.00000057579,0.0000048412,0.00001332,0.000017588,0.00002085,0.000033038,0.000049788,0.000080315,0.000082975,0.00013902,0.00014319,0.0001636,0.00022874,0.00028344,0.0004671,0.0011232,0.0017778,0.0038652,0.0045974,0.0087176,0.009079,0.0099321,0.0136,0.016041,0.033507,0.048784,0.0504,0.074535,0.15357,0.15365,0.2238,0.3758,0.52522,0.61731,0.62764,0.75734,0.76136,0.79175,0.80592,0.82803,0.8999,0.93671,0.94963,0.95589,0.96097,0.9791,0.99666,0.9973,1,0.99973,0.99875,0.90977,0.88365,0.50369,0.40805,0.40551,0.3876,0.20917,0.1279,0.082716,0.057936,0.053123,0.020235,0.017313,0.004874,0.0040982,0.0015713,0.00060905,0.000072367,0.000043407,0.000035322
1,3.2558E-20,3.607E-20,8.6944E-20,3.1192E-19,5.2755E-19,9.2786E-19,8.4538E-18,9.4348E-18,1.5391E-17,1.772E-17,1.8516E-17,2.7234E-17,5.2292E-17,9.2908E-17,1.1074E-16,1.5789E-15,1.6223E-15,2.7413E-15,6.5217E-15,3.1958E-14,1.8635E-13,1.3149E-12,5.8096E-11,8.3464E-11,1.0404E-10,0.0000000011667,0.000000002,0.0000000034636,0.000000029832,0.00000050878,0.0000043187,0.00001194,0.000015787,0.00001873,0.000029749,0.000044925,0.000072651,0.000075071,0.00012613,0.00012993,0.00014856,0.0002081,0.00025818,0.0004267,0.0010315,0.0016375,0.0035786,0.0042617,0.0081186,0.0084577,0.0092587,0.012709,0.01501,0.031546,0.046087,0.047628,0.070705,0.14684,0.14691,0.215,0.36379,0.51153,0.60334,0.61368,0.74425,0.74832,0.77918,0.79361,0.81618,0.8902,0.9287,0.94237,0.94905,0.95449,0.97422,0.99452,0.99536,0.99973,1,0.99964,0.91868,0.8936,0.51732,0.42072,0.41815,0.39998,0.21781,0.13398,0.087057,0.061194,0.056157,0.021573,0.018481,0.005253,0.0044222,0.0017064,0.00066531,0.000080002,0.000048114,0.000039194
1,2.5209E-20,2.7936E-20,6.7508E-20,2.4309E-19,4.1177E-19,7.2543E-19,6.6534E-18,7.4279E-18,1.2136E-17,1.3978E-17,1.4607E-17,2.1511E-17,4.1387E-17,7.3665E-17,8.7853E-17,1.2633E-15,1.2981E-15,2.1973E-15,5.2425E-15,2.5828E-14,1.5153E-13,1.0767E-12,4.8259E-11,6.9431E-11,8.6625E-11,0.000000001,0.0000000017254,0.0000000029259,0.000000025444,0.00000043987,0.0000037756,0.000010497,0.000013901,0.00001651,0.000026293,0.000039803,0.000064559,0.000066722,0.00011247,0.00011588,0.00013261,0.00018616,0.00023129,0.00038356,0.00093298,0.0014861,0.0032677,0.003897,0.0074642,0.0077787,0.0085222,0.011731,0.013876,0.029376,0.043089,0.044546,0.066425,0.13923,0.1393,0.205,0.34997,0.49562,0.58699,0.59732,0.72872,0.73285,0.7642,0.7789,0.80198,0.87837,0.91878,0.93332,0.94047,0.94633,0.96788,0.99135,0.99241,0.99875,0.99964,1,0.9286,0.90477,0.5334,0.43576,0.43315,0.41471,0.22823,0.14138,0.092368,0.065198,0.059889,0.023238,0.019937,0.0057306,0.0048311,0.0018782,0.00073733,0.000089912,0.000054242,0.000044241
1,6.0441E-22,6.7259E-22,1.6848E-21,6.3963E-21,1.1075E-20,1.9981E-20,2.0144E-19,2.2597E-19,3.7715E-19,4.3709E-19,4.5766E-19,6.8548E-19,1.3575E-18,2.479E-18,2.9798E-18,4.8388E-17,4.9783E-17,8.6363E-17,2.1468E-16,1.1419E-15,7.3105E-15,5.7404E-14,3.1567E-12,4.6351E-12,5.8556E-12,7.6358E-11,1.3894E-10,2.4332E-10,0.0000000024258,0.000000050901,0.00000051221,0.0000015434,0.0000020908,0.0000025183,0.0000041683,0.0000065356,0.000011054,0.000011457,0.000020231,0.0000209,0.000024213,0.000035067,0.000044461,0.000077383,0.00020572,0.00034407,0.00082511,0.0010041,0.002078,0.0021766,0.0024118,0.0034573,0.0041799,0.0098135,0.01524,0.015836,0.02517,0.060204,0.06024,0.095937,0.18605,0.29169,0.36637,0.37527,0.4982,0.5024,0.53512,0.55099,0.57669,0.67047,0.72818,0.7512,0.76314,0.77329,0.81458,0.87504,0.87878,0.90977,0.91868,0.9286,1,0.99805,0.76259,0.66456,0.66176,0.64173,0.41071,0.2811,0.1987,0.14883,0.13862,0.062022,0.054357,0.018329,0.015768,0.0068213,0.0029537,0.00043976,0.00027736,0.00023024
1,3.253E-22,3.6224E-22,9.1272E-22,3.495E-21,6.0732E-21,1.0999E-20,1.1261E-19,1.2641E-19,2.1172E-19,2.4561E-19,2.5725E-19,3.8637E-19,7.6874E-19,1.4097E-18,1.6967E-18,2.8101E-17,2.8916E-17,5.0364E-17,1.2603E-16,6.7874E-16,4.4075E-15,3.5175E-14,1.9995E-12,2.9458E-12,3.729E-12,4.9753E-11,9.1027E-11,1.6025E-10,0.0000000016335,0.000000035371,0.00000036523,0.000001115,0.0000015161,0.0000018302,0.0000030483,0.0000048069,0.0000081852,0.0000084879,0.000015102,0.000015608,0.000018118,0.000026373,0.000033548,0.000058849,0.00015872,0.00026758,0.00065077,0.0007945,0.0016651,0.0017456,0.0019377,0.002796,0.0033925,0.0080997,0.012696,0.013203,0.021203,0.051815,0.051847,0.083636,0.16559,0.26393,0.33467,0.34317,0.46188,0.46598,0.49804,0.51366,0.53905,0.6328,0.69148,0.71513,0.72746,0.73798,0.78111,0.8456,0.84965,0.88365,0.8936,0.90477,0.99805,1,0.79693,0.7018,0.69905,0.6793,0.44554,0.30991,0.22189,0.1678,0.15665,0.071726,0.063079,0.021828,0.018841,0.008293,0.0036486,0.0005611,0.00035646,0.00029675
1,3.1832E-25,3.5707E-25,9.5815E-25,4.0247E-24,7.268E-24,1.3722E-23,1.6578E-22,1.8767E-22,3.2628E-22,3.8262E-22,4.0211E-22,6.2213E-22,1.302E-21,2.4972E-21,3.0473E-21,6.2438E-20,6.4392E-20,1.1708E-19,3.1478E-19,1.9386E-18,1.4668E-17,1.3944E-16,1.1338E-14,1.731E-14,2.2396E-14,3.8249E-13,7.4268E-13,1.3833E-12,1.7911E-11,5.4444E-10,0.0000000074261,0.000000026098,0.000000036926,0.000000045686,0.000000081412,0.00000013651,0.00000025013,0.00000026069,0.00000050314,0.00000052246,0.00000061961,0.00000095256,0.0000012555,0.0000023968,0.0000075519,0.000013867,0.000039255,0.00004965,0.00011916,0.00012604,0.00014272,0.00022107,0.00027871,0.00079753,0.0013815,0.0014497,0.002603,0.008015,0.0080213,0.014858,0.036772,0.070031,0.098421,0.10208,0.15931,0.1615,0.17913,0.18808,0.20312,0.2647,0.30892,0.32824,0.33869,0.34782,0.38766,0.45615,0.46092,0.50369,0.51732,0.5334,0.76259,0.79693,1,0.98602,0.98524,0.97908,0.83637,0.69271,0.56928,0.47763,0.45685,0.26843,0.24503,0.11213,0.10029,0.053217,0.027797,0.0060628,0.0041634,0.0035745
1,5.2825E-26,5.9362E-26,1.6181E-25,6.9551E-25,1.2681E-24,2.4191E-24,3.0457E-23,3.455E-23,6.0629E-23,7.1289E-23,7.4983E-23,1.1687E-22,2.4769E-22,4.8041E-22,5.8824E-22,1.2709E-20,1.3114E-20,2.4101E-20,6.5965E-20,4.2005E-19,3.3016E-18,3.2783E-17,2.914E-15,4.4888E-15,5.8394E-15,1.0605E-13,2.0899E-13,3.9477E-13,5.4252E-12,1.7944E-10,0.0000000026232,0.0000000095477,0.000000013643,0.000000017,0.000000030778,0.000000052405,0.000000097788,0.00000010205,0.000000201,0.000000209,0.00000024912,0.00000038823,0.00000051625,0.0000010065,0.0000032966,0.0000061834,0.000018179,0.000023196,0.000057582,0.000061039,0.000069459,0.00010951,0.00013939,0.00041726,0.000741,0.0007793,0.0014387,0.0046925,0.0046964,0.0090039,0.023557,0.046898,0.06762,0.070337,0.11388,0.11559,0.1294,0.13646,0.14843,0.19854,0.23553,0.25195,0.2609,0.26875,0.30341,0.36451,0.36883,0.40805,0.42072,0.43576,0.66456,0.7018,0.98602,1,0.99999,0.99928,0.91168,0.78864,0.67074,0.57751,0.55573,0.34745,0.32012,0.15705,0.14171,0.078782,0.042947,0.010219,0.0071547,0.00619
1,5.0236E-26,5.6455E-26,1.5395E-25,6.6216E-25,1.2076E-24,2.3044E-24,2.9046E-23,3.2951E-23,5.7838E-23,6.8013E-23,7.1539E-23,1.1153E-22,2.3644E-22,4.5874E-22,5.6176E-22,1.2154E-20,1.2542E-20,2.3057E-20,6.3139E-20,4.0243E-19,3.1665E-18,3.1479E-17,2.8051E-15,4.322E-15,5.6233E-15,1.023E-13,2.0168E-13,3.8111E-13,5.2462E-12,1.7392E-10,0.0000000025475,0.0000000092812,0.000000013266,0.000000016517,0.000000029946,0.000000051,0.000000095233,0.000000099385,0.00000019585,0.00000020362,0.0000002428,0.00000037853,0.00000050347,0.00000098216,0.0000032203,0.0000060438,0.000017787,0.000022702,0.000056409,0.000059799,0.000068057,0.00010736,0.00013668,0.00040966,0.00072801,0.00076568,0.0014147,0.0046215,0.0046253,0.008876,0.023259,0.04636,0.066892,0.069585,0.11278,0.11447,0.12818,0.1352,0.14709,0.19688,0.23367,0.25001,0.25891,0.26673,0.30123,0.3621,0.36641,0.40551,0.41815,0.43315,0.66176,0.69905,0.98524,0.99999,1,0.99945,0.9135,0.79117,0.67353,0.58033,0.55854,0.34981,0.32237,0.15846,0.14302,0.079612,0.043452,0.010364,0.0072601,0.0062825
1,3.5083E-26,3.944E-26,1.0789E-25,4.6616E-25,8.5176E-25,1.6287E-24,2.0697E-23,2.349E-23,4.1307E-23,4.8599E-23,5.1127E-23,7.9822E-23,1.6965E-22,3.2987E-22,4.0423E-22,8.8383E-21,9.1211E-21,1.6804E-20,4.6178E-20,2.9628E-19,2.3489E-18,2.3553E-17,2.1361E-15,3.2971E-15,4.2945E-15,7.9081E-14,1.5636E-13,2.963E-13,4.1271E-12,1.3913E-10,0.000000002066,0.0000000075796,0.000000010855,0.000000013532,0.000000024615,0.000000042057,0.000000078802,0.000000082258,0.00000016275,0.00000016924,0.000000202,0.00000031581,0.00000042078,0.00000082429,0.0000027235,0.000005133,0.00001522,0.000019459,0.000048675,0.000051624,0.00005881,0.000093094,0.00011875,0.0003591,0.00064131,0.0006748,0.0012536,0.0041423,0.0041458,0.0080102,0.021222,0.042674,0.061885,0.064414,0.10517,0.10677,0.11977,0.12644,0.13775,0.18534,0.22069,0.23643,0.24502,0.25257,0.28596,0.34517,0.34937,0.3876,0.39998,0.41471,0.64173,0.6793,0.97908,0.99928,0.99945,1,0.92598,0.80891,0.69333,0.60046,0.5786,0.36685,0.33871,0.1688,0.15261,0.085741,0.047194,0.011452,0.0080533,0.0069794
1,4.6524E-28,5.2525E-28,1.4904E-27,6.7962E-27,1.2699E-26,2.4878E-26,3.4814E-25,3.9703E-25,7.1353E-25,8.4479E-25,8.9047E-25,1.4145E-24,3.096E-24,6.1795E-24,7.6334E-24,1.8891E-22,1.952E-22,3.6873E-22,1.0565E-21,7.3293E-21,6.3513E-20,7.0512E-19,7.8764E-17,1.2412E-16,1.6374E-16,3.4811E-15,7.1255E-15,1.3953E-14,2.2338E-13,9.1739E-12,1.6019E-10,6.3786E-10,9.3492E-10,0.0000000011822,0.0000000022368,0.000000004,0.0000000077449,0.0000000081084,0.00000001682,0.00000001754,0.0000000212,0.00000003421,0.000000046534,0.000000095757,0.00000034636,0.00000068607,0.0000022223,0.0000029003,0.0000078504,0.0000083692,0.0000096449,0.000015911,0.000020753,0.000069736,0.000132,0.00013962,0.0002768,0.0010463,0.0010473,0.0021931,0.0066163,0.014757,0.02272,0.023807,0.042365,0.043131,0.049441,0.052737,0.058423,0.083532,0.10335,0.11247,0.11753,0.12202,0.14237,0.18039,0.18318,0.20917,0.21781,0.22823,0.41071,0.44554,0.83637,0.91168,0.9135,0.92598,1,0.96699,0.89807,0.82624,0.80751,0.59197,0.55853,0.32752,0.3023,0.18936,0.11518,0.034253,0.025204,0.022239
1,2.4588E-29,2.7837E-29,8.0924E-29,3.8238E-28,7.2515E-28,1.4435E-27,2.1528E-26,2.463E-26,4.4905E-26,5.3387E-26,5.6348E-26,9.0534E-26,2.0205E-25,4.103E-25,5.0953E-25,1.3685E-23,1.4153E-23,2.718E-23,8.0059E-23,5.8477E-22,5.3743E-21,6.3816E-20,8.1803E-18,1.3069E-17,1.7386E-17,4.0644E-16,8.5119E-16,1.7033E-15,2.9897E-14,1.3988E-12,2.7185E-11,1.1427E-10,1.7007E-10,2.1711E-10,4.2157E-10,7.6436E-10,0.0000000015373,0.0000000016126,0.0000000034515,0.0000000036056,0.0000000043942,0.0000000072412,0.00000001,0.000000021227,0.00000008151,0.00000016685,0.00000057294,0.000000758,0.0000021614,0.0000023122,0.000002685,0.000004552,0.0000060253,0.000021707,0.000042698,0.000045318,0.000093785,0.00038746,0.00038785,0.00085653,0.0028156,0.0067247,0.010771,0.011337,0.021355,0.021781,0.025326,0.0272,0.030468,0.045347,0.057543,0.063278,0.066487,0.069352,0.082541,0.10799,0.1099,0.1279,0.13398,0.14138,0.2811,0.30991,0.69271,0.78864,0.79117,0.80891,0.96699,1,0.97929,0.93767,0.92502,0.74635,0.71435,0.46643,0.43643,0.29376,0.19087,0.064926,0.049225,0.043952
1,2.2999E-30,2.6097E-30,7.7329E-30,3.7581E-29,7.2106E-29,1.4536E-28,2.2797E-27,2.6148E-27,4.8216E-27,5.7512E-27,6.0763E-27,9.8512E-27,2.2325E-26,4.5959E-26,5.7313E-26,1.642E-24,1.6993E-24,3.3064E-24,9.9536E-24,7.5727E-23,7.2903E-22,9.129E-21,1.3046E-18,2.107E-18,2.8215E-18,7.1094E-17,1.516E-16,3.0861E-16,5.8251E-15,3.0211E-13,6.3889E-12,2.8029E-11,4.2223E-11,5.4304E-11,1.0763E-10,1.9882E-10,4.0887E-10,4.2955E-10,9.4239E-10,0.000000001,0.0000000012093,0.000000002,0.0000000028243,0.0000000061602,0.000000024799,0.000000052096,0.00000018734,0.00000025051,0.00000074438,0.00000079844,0.00000093279,0.0000016158,0.0000021639,0.0000082362,0.0000167,0.000017774,0.00003805,0.00016863,0.00016881,0.00038878,0.0013676,0.0034478,0.0056978,0.0060176,0.011856,0.012111,0.014242,0.015378,0.017376,0.026696,0.034559,0.038317,0.040434,0.042335,0.051182,0.068679,0.070013,0.082716,0.087057,0.092368,0.1987,0.22189,0.56928,0.67074,0.67353,0.69333,0.89807,0.97929,1,0.98819,0.98207,0.85472,0.82738,0.58808,0.55622,0.39626,0.27125,0.1026,0.079645,0.071781
1,3.7531E-31,4.2656E-31,1.2823E-30,6.3652E-30,1.2321E-29,2.5076E-29,4.0844E-28,4.6938E-28,8.7296E-28,1.0438E-27,1.1037E-27,1.8016E-27,4.1303E-27,8.5903E-27,1.0746E-26,3.2325E-25,3.347E-25,6.5765E-25,2.0126E-24,1.5789E-23,1.5742E-22,2.0517E-21,3.1821E-19,5.1815E-19,6.9735E-19,1.8592E-17,4.0189E-17,8.2874E-17,1.6523E-15,9.2607E-14,2.0872E-12,9.4567E-12,1.4376E-11,1.8593E-11,3.7426E-11,7.0114E-11,1.4662E-10,1.5422E-10,3.4469E-10,3.61E-10,4.4499E-10,7.5494E-10,0.0000000010609,0.0000000023592,0.0000000098413,0.000000021082,0.00000007849,0.00000010581,0.00000032431,0.00000034858,0.00000040909,0.00000072024,0.000000973,0.0000038602,0.0000080083,0.0000085404,0.000018756,0.000087639,0.000087735,0.00020856,0.00077208,0.0020273,0.0034301,0.0036322,0.0074028,0.00757,0.0089778,0.0097341,0.011071,0.017421,0.022894,0.02554,0.02704,0.02839,0.034731,0.047502,0.048487,0.057936,0.061194,0.065198,0.14883,0.1678,0.47763,0.57751,0.58033,0.60046,0.82624,0.93767,0.98819,1,0.99935,0.92082,0.899,0.68118,0.64953,0.48297,0.34384,0.14088,0.11133,0.10105
1,2.4473E-31,2.7826E-31,8.3933E-31,4.187E-30,8.1213E-30,1.6566E-29,2.7223E-28,3.1299E-28,5.8325E-28,6.9783E-28,7.3797E-28,1.2065E-27,2.7736E-27,5.7825E-27,7.2392E-27,2.2025E-25,2.2807E-25,4.4918E-25,1.3799E-24,1.0903E-23,1.096E-22,1.4419E-21,2.2796E-19,3.7191E-19,5.0112E-19,1.3538E-17,2.9358E-17,6.0721E-17,1.2262E-15,6.9986E-14,1.601E-12,7.3089E-12,1.1134E-11,1.442E-11,2.913E-11,5.4753E-11,1.1495E-10,1.2094E-10,2.7149E-10,2.844E-10,3.5098E-10,5.9719E-10,8.4079E-10,0.0000000018782,0.0000000079005,0.000000017,0.000000063817,0.000000086192,0.00000026611,0.00000028616,0.00000033618,0.00000059414,0.0000008043,0.0000032219,0.0000067201,0.00000717,0.000015841,0.000074939,0.000075022,0.00017966,0.0006731,0.0017844,0.0030357,0.0032165,0.0066077,0.0067586,0.0080315,0.0087164,0.0099289,0.015711,0.02072,0.023149,0.024526,0.025768,0.03161,0.043428,0.044341,0.053123,0.056157,0.059889,0.13862,0.15665,0.45685,0.55573,0.55854,0.5786,0.80751,0.92502,0.98207,0.99935,1,0.9338,0.91349,0.7026,0.67123,0.50412,0.36221,0.15121,0.11999,0.10909
1,2.8218E-33,3.2213E-33,1.0058E-32,5.2792E-32,1.0459E-31,2.1826E-31,3.9283E-30,4.5372E-30,8.6305E-30,1.0387E-29,1.1005E-29,1.8288E-29,4.3226E-29,9.2368E-29,1.1652E-28,3.9844E-27,4.1311E-27,8.3304E-27,2.6621E-26,2.2643E-25,2.4754E-24,3.5851E-23,6.8994E-21,1.1479E-20,1.5654E-20,4.8432E-19,1.0851E-18,2.315E-18,5.3315E-17,3.6661E-15,9.7721E-14,4.8199E-13,7.5047E-13,9.8514E-13,2.0654E-12,4.0153E-12,8.7761E-12,9.2589E-12,2.1735E-11,2.2827E-11,2.8505E-11,4.9978E-11,7.1751E-11,1.679E-10,7.6926E-10,0.000000001735,0.0000000070787,0.0000000097481,0.000000032423,0.000000035,0.000000041612,0.000000076465,0.00000010571,0.00000046777,0.0000010307,0.0000011051,0.0000025961,0.000013944,0.00001396,0.00003607,0.00015276,0.00044657,0.00080388,0.00085715,0.00191,0.0019588,0.0023756,0.0026035,0.0030128,0.0050488,0.0069037,0.0078282,0.0083592,0.0088418,0.011158,0.016048,0.016437,0.020235,0.021573,0.023238,0.062022,0.071726,0.26843,0.34745,0.34981,0.36685,0.59197,0.74635,0.85472,0.92082,0.9338,1,0.99847,0.89539,0.87226,0.72597,0.57318,0.2899,0.2401,0.22202
1,1.4317E-33,1.6354E-33,5.1328E-33,2.7146E-32,5.3948E-32,1.1297E-31,2.0611E-30,2.3822E-30,4.5452E-30,5.4753E-30,5.8026E-30,9.6663E-30,2.2942E-29,4.9205E-29,6.2139E-29,2.1624E-27,2.2423E-27,4.5377E-27,1.4586E-26,1.2544E-25,1.3887E-24,2.0403E-23,4.0436E-21,6.7472E-21,9.2177E-21,2.9102E-19,6.5524E-19,1.4044E-18,3.2984E-17,2.3321E-15,6.3599E-14,3.1734E-13,4.9571E-13,6.5204E-13,1.3746E-12,2.6859E-12,5.9059E-12,6.2334E-12,1.473E-11,1.5477E-11,1.936E-11,3.4097E-11,4.9094E-11,1.1569E-10,5.3683E-10,0.0000000012193,0.000000005,0.000000007,0.000000023397,0.000000025301,0.000000030099,0.000000055632,0.000000077154,0.00000034651,0.00000076981,0.000000826,0.0000019582,0.000010719,0.000010732,0.000028045,0.00012097,0.00035884,0.00065143,0.00069526,0.0015681,0.0016088,0.0019571,0.0021481,0.0024916,0.0042114,0.0057898,0.0065797,0.0070343,0.0074478,0.0094392,0.013669,0.014006,0.017313,0.018481,0.019937,0.054357,0.063079,0.24503,0.32012,0.32237,0.33871,0.55853,0.71435,0.82738,0.899,0.91349,0.99847,1,0.91756,0.89648,0.75766,0.60668,0.31578,0.26321,0.244
1,7.9972E-36,9.1759E-36,2.9938E-35,1.6762E-34,3.4109E-34,7.3281E-34,1.4804E-32,1.7199E-32,3.3579E-32,4.072E-32,4.3244E-32,7.3367E-32,1.7963E-31,3.9607E-31,5.0444E-31,2.0011E-29,2.0779E-29,4.3178E-29,1.4507E-28,1.355E-27,1.6481E-26,2.6966E-25,6.6618E-23,1.1363E-22,1.5734E-22,5.7829E-21,1.3506E-20,2.9969E-20,8.1558E-19,7.1053E-17,2.2999E-15,1.2515E-14,2.0034E-14,2.6754E-14,5.8797E-14,1.1931E-13,2.7446E-13,2.9058E-13,7.2196E-13,7.6075E-13,9.6427E-13,1.7563E-12,2.5847E-12,6.4163E-12,3.2766E-11,7.8437E-11,3.5579E-10,5.0219E-10,0.000000001836,0.000000002,0.0000000024041,0.0000000046419,0.0000000065913,0.000000033094,0.000000078188,0.000000084361,0.00000021422,0.0000013519,0.0000013537,0.0000038519,0.000019062,0.000063094,0.00012203,0.00013116,0.00032404,0.00033343,0.00041499,0.00046051,0.00054367,0.00097998,0.001403,0.0016211,0.0017484,0.0018652,0.0024402,0.0037199,0.0038248,0.004874,0.005253,0.0057306,0.018329,0.021828,0.11213,0.15705,0.15846,0.1688,0.32752,0.46643,0.58808,0.68118,0.7026,0.89539,0.91756,1,0.99861,0.94694,0.84276,0.54394,0.47564,0.44937
1,4.0863E-36,4.6912E-36,1.5381E-35,8.6743E-35,1.7705E-34,3.8162E-34,7.8101E-33,9.0794E-33,1.7778E-32,2.1577E-32,2.2921E-32,3.8977E-32,9.5809E-32,2.1199E-31,2.7029E-31,1.0902E-29,1.1323E-29,2.3607E-29,7.9761E-29,7.5285E-28,9.2672E-27,1.5372E-25,3.9054E-23,6.6802E-23,9.2654E-23,3.4719E-21,8.1463E-21,1.8157E-20,5.0344E-19,4.5038E-17,1.4899E-15,8.1973E-15,1.3163E-14,1.7612E-14,3.8911E-14,7.9341E-14,1.8356E-13,1.9442E-13,4.8612E-13,5.1244E-13,6.5061E-13,1.1901E-12,1.7563E-12,4.3887E-12,2.2686E-11,5.4672E-11,2.5096E-10,3.552E-10,0.0000000013125,0.0000000014281,0.0000000017224,0.0000000033442,0.0000000047629,0.000000024255,0.000000057755,0.000000062358,0.00000015974,0.0000010265,0.0000010279,0.0000029564,0.000014888,0.00004997,0.000097425,0.00010481,0.00026196,0.00026966,0.00033659,0.00037403,0.00044257,0.00080428,0.0011574,0.0013402,0.001447,0.0015451,0.0020297,0.0031143,0.0032035,0.0040982,0.0044222,0.0048311,0.015768,0.018841,0.10029,0.14171,0.14302,0.15261,0.3023,0.43643,0.55622,0.64953,0.67123,0.87226,0.89648,0.99861,1,0.96223,0.86794,0.57571,0.5065,0.47968
1,1.1378E-37,1.3102E-37,4.4087E-37,2.5828E-36,5.356E-36,1.1744E-35,2.5732E-34,3.0016E-34,5.9686E-34,7.2763E-34,7.7401E-34,1.3324E-33,3.3441E-33,7.5374E-33,9.6649E-33,4.2554E-31,4.4236E-31,9.3877E-31,3.2669E-30,3.2588E-29,4.2721E-28,7.6158E-27,2.2422E-24,3.892E-24,5.447E-24,2.2595E-22,5.4331E-22,1.2394E-21,3.7924E-20,3.9013E-18,1.4474E-16,8.4386E-16,1.3775E-15,1.8618E-15,4.2293E-15,8.8447E-15,2.109E-14,2.2384E-14,5.7875E-14,6.1127E-14,7.8297E-14,1.4648E-13,2.1935E-13,5.6756E-13,3.1279E-12,7.808E-12,3.8153E-11,5.4793E-11,2.1409E-10,2.338E-10,2.843E-10,5.6836E-10,8.2235E-10,0.0000000045121,0.000000011196,0.000000012133,0.000000032541,0.00000023,0.00000023032,0.0000007013,0.0000038717,0.000013983,0.000028442,0.000030743,0.000081667,0.000084233,0.00010676,0.00011951,0.00014309,0.00027147,0.00040138,0.00046997,0.00051042,0.00054781,0.00073507,0.0011673,0.0012035,0.0015713,0.0017064,0.0018782,0.0068213,0.008293,0.053217,0.078782,0.079612,0.085741,0.18936,0.29376,0.39626,0.48297,0.50412,0.72597,0.75766,0.94694,0.96223,1,0.96808,0.74153,0.67364,0.64612
1,3.9719E-39,4.5862E-39,1.5804E-38,9.5885E-38,2.0175E-37,4.4939E-37,1.0482E-35,1.2267E-35,2.4738E-35,3.0282E-35,3.2253E-35,5.6148E-35,1.4364E-34,3.293E-34,4.2445E-34,2.0254E-32,2.1072E-32,4.5452E-32,1.6253E-31,1.7055E-30,2.3689E-29,4.5117E-28,1.5208E-25,2.6756E-25,3.7757E-25,1.7195E-23,4.2285E-23,9.8539E-23,3.3006E-21,3.8599E-19,1.5909E-17,9.7827E-17,1.621E-16,2.2115E-16,5.1536E-16,1.1031E-15,2.7042E-15,2.8756E-15,7.6673E-15,8.1125E-15,1.0476E-14,2.0007E-14,3.0366E-14,8.1123E-14,4.7415E-13,1.2224E-12,6.3264E-12,9.2077E-12,3.7868E-11,4.1495E-11,5.0837E-11,1.0439E-10,1.5325E-10,9.0043E-10,0.0000000023203,0.000000002523,0.0000000070586,0.000000054446,0.000000054526,0.00000017493,0.0000010508,0.0000040593,0.000008584,0.0000093188,0.000026179,0.000027051,0.000034769,0.000039184,0.000047428,0.000093606,0.00014189,0.00016784,0.00018327,0.00019761,0.00027038,0.00044311,0.00045783,0.00060905,0.00066531,0.00073733,0.0029537,0.0036486,0.027797,0.042947,0.043452,0.047194,0.11518,0.19087,0.27125,0.34384,0.36221,0.57318,0.60668,0.84276,0.86794,0.96808,1,0.87417,0.81785,0.79364
1,3.5106E-42,4.0764E-42,1.4744E-41,9.6062E-41,2.082E-40,4.7884E-40,1.2688E-38,1.4943E-38,3.1016E-38,3.8282E-38,4.088E-38,7.2812E-38,1.9366E-37,4.5958E-37,5.987E-37,3.3653E-35,3.5072E-35,7.8195E-35,2.9549E-34,3.4381E-33,5.3718E-32,1.1705E-30,5.197E-28,9.3983E-28,1.3487E-27,7.4275E-26,1.9121E-25,4.6536E-25,1.8739E-23,2.8451E-21,1.4529E-19,9.9564E-19,1.7011E-18,2.3651E-18,5.8056E-18,1.3028E-17,3.3791E-17,3.6074E-17,1.024E-16,1.0874E-16,1.4275E-16,2.8433E-16,4.435E-16,1.2645E-15,8.331E-15,2.2938E-14,1.3343E-13,1.9956E-13,9.1096E-13,1.0051E-12,1.2503E-12,2.7116E-12,4.0998E-12,2.7692E-11,7.7064E-11,8.4376E-11,2.5724E-10,0.0000000023706,0.0000000023744,0.000000008473,0.000000060434,0.00000026775,0.00000061285,0.00000067121,0.0000021131,0.0000021915,0.0000028985,0.0000033116,0.0000040978,0.0000087649,0.000013976,0.00001688,0.000018635,0.000020283,0.000028878,0.000050464,0.000052366,0.000072367,0.000080002,0.000089912,0.00043976,0.0005611,0.0060628,0.010219,0.010364,0.011452,0.034253,0.064926,0.1026,0.14088,0.15121,0.2899,0.31578,0.54394,0.57571,0.74153,0.87417,1,0.99335,0.98708
1,7.0672E-43,8.2164E-43,3.0042E-42,1.9886E-41,4.3384E-41,1.0049E-40,2.7395E-39,3.2311E-39,6.7494E-39,8.3462E-39,8.9177E-39,1.5965E-38,4.2831E-38,1.0243E-37,1.3375E-37,7.7976E-36,8.1295E-36,1.8259E-35,6.9852E-35,8.3166E-34,1.3339E-32,2.9952E-31,1.414E-28,2.5728E-28,3.706E-28,2.1291E-26,5.5375E-26,1.3607E-25,5.7089E-24,9.1866E-22,4.9205E-20,3.4544E-19,5.9424E-19,8.2968E-19,2.0603E-18,4.6726E-18,1.2272E-17,1.3113E-17,3.7745E-17,4.0114E-17,5.2855E-17,1.0627E-16,1.6677E-16,4.8245E-16,3.2643E-15,9.1206E-15,5.4453E-14,8.1934E-14,3.8282E-13,4.2301E-13,5.2801E-13,1.1592E-12,1.7641E-12,1.2291E-11,3.4797E-11,3.8158E-11,1.1858E-10,0.000000001137,0.0000000011388,0.0000000041614,0.000000030839,0.00000014087,0.00000032816,0.00000036012,0.0000011628,0.000001207,0.0000016065,0.0000018412,0.0000022895,0.0000049856,0.0000080401,0.0000097556,0.000010796,0.000011776,0.000016915,0.000029984,0.000031144,0.000043407,0.000048114,0.000054242,0.00027736,0.00035646,0.0041634,0.0071547,0.0072601,0.0080533,0.025204,0.049225,0.079645,0.11133,0.11999,0.2401,0.26321,0.47564,0.5065,0.67364,0.81785,0.99335,1,0.99895
1,3.7324E-43,4.3415E-43,1.5942E-42,1.0619E-41,2.3228E-41,5.3957E-41,1.4875E-39,1.7554E-39,3.6762E-39,4.5492E-39,4.8619E-39,8.7214E-39,2.3479E-38,5.632E-38,7.3611E-38,4.354E-36,4.5399E-36,1.0227E-35,3.9315E-35,4.7236E-34,7.6555E-33,1.7395E-31,8.4139E-29,1.5346E-28,2.2139E-28,1.2934E-26,3.3774E-26,8.3314E-26,3.5526E-24,5.8499E-22,3.1931E-20,2.2632E-19,3.9038E-19,5.4596E-19,1.362E-18,3.1018E-18,8.1873E-18,8.751E-18,2.5329E-17,2.6928E-17,3.5532E-17,7.1704E-17,1.128E-16,3.282E-16,2.2442E-15,6.3069E-15,3.8044E-14,5.7382E-14,2.7058E-13,2.9917E-13,3.7394E-13,8.2488E-13,1.2586E-12,8.8781E-12,2.5305E-11,2.7766E-11,8.6945E-11,8.468E-10,8.482E-10,0.0000000031286,0.00000002354,0.00000010883,0.00000025531,0.00000028039,0.00000091454,0.00000094959,0.0000012671,0.0000014539,0.0000018115,0.0000039727,0.0000064353,0.0000078228,0.0000086656,0.0000094598,0.000013636,0.000024308,0.000025259,0.000035322,0.000039194,0.000044241,0.00023024,0.00029675,0.0035745,0.00619,0.0062825,0.0069794,0.022239,0.043952,0.071781,0.10105,0.10909,0.22202,0.244,0.44937,0.47968,0.64612,0.79364,0.98708,0.99895,1
