1,1,0.99977,0.99944,0.99721,0.99195,0.99179,0.98993,0.98053,0.95135,0.94458,0.94179,0.94169,0.93015,0.90749,0.90432,0.88707,0.82734,0.76156,0.75238,0.70851,0.68277,0.66189,0.65432,0.62629,0.62458,0.59772,0.55791,0.52321,0.50869,0.44448,0.44194,0.39225,0.36515,0.35821,0.32919,0.31324,0.31297,0.30473,0.19798,0.12023,0.10577,0.10534,0.1053,0.091154,0.071267,0.068661,0.066943,0.04397,0.04182,0.040702,0.025647,0.017268,0.013391,0.011258,0.0090864,0.0039491,0.0028982,0.0027909,0.0018025,0.0010823,0.00085359,0.00085282,0.00060397,0.00049566,0.000432,0.00036189,0.00031115,0.00025142,0.00022944,0.00017535,0.00010826,0.000087012,0.000061149,0.000029568,0.000027442,0.000020546,0.000017286,0.000010306,0.0000040707,0.0000031421,0.0000015115,0.00000082868,0.00000059353,0.000000327,0.00000030166,0.00000027983,0.00000019073,0.00000015339,0.00000015268,0.00000012734,0.00000011091,0.000000087548,0.00000008583,0.000000085086,0.000000081,0.00000007086,0.000000056641,0.000000050373,0.000000029198,0.000000029168,0.000000014946,0.000000014813,0.000000012816,0.000000011666,0.000000011,0.000000009,0.0000000073174,0.0000000037642,0.0000000034198,0.0000000025067,6.3098E-10,4.1057E-10,3.5498E-10,1.4302E-10,1.281E-10,1.1332E-10,4.4043E-11,3.8446E-11,2.5608E-11,2.1695E-11,2.0488E-11,1.8344E-11,8.8923E-12,4.1702E-12,3.8552E-12,3.1436E-12,2.1843E-12,7.1521E-13,6.8059E-13,6.2866E-13,8.9625E-14,2.3542E-14,1.3306E-14,1.0432E-14,5.2974E-15,3.8006E-15,3.2359E-15,1.7633E-15,5.4882E-16,2.9012E-16,2.5436E-16,2.2234E-16,2.1784E-16,1.616E-16,1.21E-17,7.6057E-18,6.8644E-18,5.3679E-18,2.686E-18,1.9071E-18,6.6476E-19,5.8076E-19,4.8232E-19,4.4136E-19,3.3309E-19,2.1539E-19,1.7592E-19,1.4952E-19,8.5859E-20,7.0127E-20,3.7685E-20,3.2009E-20,1.925E-20,1.6954E-20,1.4029E-20,1.3899E-20,1.2077E-20,8.0954E-21,3.4955E-21,3.4373E-21,1.6991E-21,1.1654E-21,8.3864E-22,1.3773E-22,7.7149E-23,7.2844E-23,1.7001E-23,1.2112E-23,1.1673E-23,5.4979E-24,5.3949E-24,2.8697E-24,1.2224E-24,3.7829E-25,3.1211E-25,1.97E-25,7.8439E-26,5.2596E-26,3.672E-26,2.495E-26,7.9597E-27,4.3884E-27,4.3623E-27,3.2047E-27,2.0102E-27,1.8665E-27,9.7683E-28,7.5879E-28,6.051E-28,3.2694E-28,2.7726E-28,2.0022E-28,1.4034E-28,7.1537E-29,3.9314E-29,4.8127E-30,3.795E-30,2.9157E-30,1.8441E-30,1.0018E-30,9.3053E-31,3.7552E-31,3.5665E-31,2.7336E-31,1.9744E-31,1.2526E-31,4.8133E-34,3.1855E-34,2.6257E-34,1.8439E-34,1.6116E-34,1.0711E-34,2.4045E-35,1.9631E-35,1.3739E-35,9.1386E-36,6.9819E-36,1.9786E-36,1.7809E-36,5.6604E-37,1.4909E-37,4.7094E-38,4.2658E-38,1.1811E-38,3.7812E-39,3.5321E-39,2.1451E-39,7.6206E-40,7.4463E-40,7.0726E-40,1.9836E-40,1.7574E-40,8.405E-41,5.8415E-41,2.5773E-41,2.0618E-41,7.0166E-42,5.7797E-42,1.8972E-42,1.4072E-42
1,0.99977,1,0.99994,0.99859,0.99444,0.99431,0.99274,0.9845,0.95763,0.95126,0.94863,0.94853,0.93759,0.91594,0.91289,0.89627,0.8382,0.7736,0.76454,0.72114,0.69559,0.67482,0.66729,0.63934,0.63764,0.6108,0.57093,0.53609,0.52148,0.45674,0.45418,0.4039,0.37641,0.36936,0.33986,0.32363,0.32335,0.31496,0.20577,0.12566,0.11069,0.11025,0.1102,0.095537,0.074871,0.072158,0.070369,0.046394,0.044144,0.042975,0.027182,0.018358,0.014263,0.012007,0.0097053,0.0042419,0.0031192,0.0030044,0.0019457,0.0011718,0.00092545,0.00092462,0.0006561,0.00053904,0.00047015,0.00039424,0.00033924,0.00027443,0.00025056,0.00019176,0.00011868,0.000095494,0.000067226,0.000032621,0.000030285,0.000022706,0.000019119,0.000011425,0.0000045313,0.0000035016,0.0000016896,0.00000092863,0.000000666,0.00000036783,0.00000033942,0.000000315,0.000000215,0.00000017305,0.00000017224,0.00000014376,0.00000012528,0.000000099,0.000000097,0.000000096204,0.000000091645,0.000000080175,0.00000006414,0.000000057068,0.000000033145,0.000000033111,0.000000017,0.000000016857,0.000000014592,0.000000013288,0.000000012507,0.000000010264,0.0000000083479,0.0000000043043,0.0000000039118,0.0000000028704,7.259E-10,4.7299E-10,4.0915E-10,1.6533E-10,1.4813E-10,1.3109E-10,5.1103E-11,4.4628E-11,2.9763E-11,2.5228E-11,2.3829E-11,2.1343E-11,1.0369E-11,4.8736E-12,4.5065E-12,3.6769E-12,2.5577E-12,8.4018E-13,7.9962E-13,7.3878E-13,1.0591E-13,2.7921E-14,1.5805E-14,1.24E-14,6.3081E-15,4.5297E-15,3.8582E-15,2.1058E-15,6.5741E-16,3.4809E-16,3.0529E-16,2.6695E-16,2.6156E-16,1.9417E-16,1.4634E-17,9.2086E-18,8.313E-18,6.5046E-18,3.2603E-18,2.3167E-18,8.0956E-19,7.0748E-19,5.8782E-19,5.3801E-19,4.063E-19,2.63E-19,2.149E-19,1.8272E-19,1.0506E-19,8.585E-20,4.6199E-20,3.9256E-20,2.3635E-20,2.0822E-20,1.7238E-20,1.7079E-20,1.4845E-20,9.959E-21,4.3083E-21,4.2367E-21,2.0976E-21,1.4399E-21,1.0369E-21,1.7097E-22,9.5881E-23,9.0541E-23,2.1197E-23,1.5112E-23,1.4565E-23,6.871E-24,6.7425E-24,3.5912E-24,1.5324E-24,4.7538E-25,3.9237E-25,2.4789E-25,9.8884E-26,6.6359E-26,4.6361E-26,3.1525E-26,1.008E-26,5.5639E-27,5.5308E-27,4.0657E-27,2.5526E-27,2.3704E-27,1.2421E-27,9.6534E-28,7.7015E-28,4.166E-28,3.5342E-28,2.5537E-28,1.7912E-28,9.1421E-29,5.0298E-29,6.1817E-30,4.8766E-30,3.7486E-30,2.3728E-30,1.2905E-30,1.1988E-30,4.8461E-31,4.603E-31,3.5297E-31,2.5509E-31,1.6197E-31,6.2855E-34,4.1629E-34,3.4324E-34,2.4119E-34,2.1086E-34,1.4023E-34,3.1563E-35,2.5777E-35,1.8051E-35,1.2016E-35,9.184E-36,2.6082E-36,2.3481E-36,7.4772E-37,1.9739E-37,6.2466E-38,5.6592E-38,1.5701E-38,5.0361E-39,4.705E-39,2.8597E-39,1.0176E-39,9.9438E-40,9.4454E-40,2.6546E-40,2.3523E-40,1.1263E-40,7.8325E-41,3.4602E-41,2.769E-41,9.4395E-42,7.7778E-42,2.5576E-42,1.8978E-42
1,0.99944,0.99993,1,0.99915,0.99562,0.99551,0.9941,0.98652,0.96094,0.9548,0.95225,0.95216,0.94156,0.92048,0.9175,0.90124,0.84412,0.7802,0.77122,0.72809,0.70267,0.68197,0.67446,0.64657,0.64487,0.61805,0.57816,0.54326,0.52861,0.4636,0.46103,0.41043,0.38273,0.37563,0.34587,0.32947,0.3292,0.32071,0.21018,0.12875,0.11349,0.11305,0.113,0.098039,0.076933,0.074159,0.07233,0.047787,0.04548,0.044281,0.028067,0.018988,0.014768,0.012441,0.010065,0.0044126,0.0032483,0.0031292,0.0020295,0.0012244,0.0009677,0.00096684,0.0006868,0.00056461,0.00049266,0.00041333,0.00035583,0.00028803,0.00026305,0.00020147,0.00012486,0.00010053,0.000070841,0.000034441,0.000031982,0.000023996,0.000020214,0.000012096,0.0000048081,0.0000037177,0.000001797,0.000000989,0.00000070985,0.00000039256,0.0000003623,0.00000033623,0.00000022971,0.000000185,0.00000018412,0.00000015373,0.000000134,0.00000010593,0.00000010386,0.000000103,0.000000098097,0.000000085843,0.000000068707,0.000000061146,0.000000035553,0.000000035517,0.000000018267,0.000000018107,0.000000015679,0.000000014279,0.000000013442,0.000000011,0.000000009,0.0000000046358,0.0000000042138,0.0000000030939,7.8442E-10,5.1153E-10,4.426E-10,1.7914E-10,1.6054E-10,1.421E-10,5.5486E-11,4.8467E-11,3.2346E-11,2.7426E-11,2.5906E-11,2.3208E-11,1.1289E-11,5.3127E-12,4.9132E-12,4.0101E-12,2.7911E-12,9.1851E-13,8.7424E-13,8.0783E-13,1.1616E-13,3.0687E-14,1.7385E-14,1.3644E-14,6.9483E-15,4.9919E-15,4.2529E-15,2.3233E-15,7.2653E-16,3.8503E-16,3.3775E-16,2.9539E-16,2.8944E-16,2.1496E-16,1.6258E-17,1.0237E-17,9.2429E-18,7.2345E-18,3.6295E-18,2.5802E-18,9.0291E-19,7.892E-19,6.5587E-19,6.0037E-19,4.5356E-19,2.9376E-19,2.4009E-19,2.0418E-19,1.1748E-19,9.6027E-20,5.1717E-20,4.3953E-20,2.6481E-20,2.3332E-20,1.9321E-20,1.9142E-20,1.6641E-20,1.117E-20,4.8372E-21,4.7569E-21,2.3571E-21,1.6189E-21,1.1662E-21,1.9271E-22,1.0815E-22,1.0213E-22,2.3951E-23,1.7083E-23,1.6465E-23,7.774E-24,7.6289E-24,4.0663E-24,1.7369E-24,5.395E-25,4.4539E-25,2.8153E-25,1.1242E-25,7.5477E-26,5.2752E-26,3.5886E-26,1.1489E-26,6.3457E-27,6.308E-27,4.6386E-27,2.9138E-27,2.706E-27,1.419E-27,1.1031E-27,8.8024E-28,4.7647E-28,4.0427E-28,2.9222E-28,2.0504E-28,1.0473E-28,5.7654E-29,7.1012E-30,5.6033E-30,4.3084E-30,2.7285E-30,1.4848E-30,1.3795E-30,5.5814E-31,5.3017E-31,4.0666E-31,2.9399E-31,1.8675E-31,7.2871E-34,4.8282E-34,3.9817E-34,2.7988E-34,2.4471E-34,1.6281E-34,3.6698E-35,2.9976E-35,2.0999E-35,1.3983E-35,1.069E-35,3.0396E-36,2.7367E-36,8.7241E-37,2.3059E-37,7.305E-38,6.6187E-38,1.8385E-38,5.9029E-39,5.5151E-39,3.3536E-39,1.1945E-39,1.1672E-39,1.1088E-39,3.1196E-40,2.7647E-40,1.3247E-40,9.2146E-41,4.0737E-41,3.2607E-41,1.1126E-41,9.1688E-42,3.0179E-42,2.24E-42
1,0.99721,0.99859,0.99915,1,0.99863,0.99856,0.99772,0.9924,0.97136,0.96603,0.9638,0.96372,0.95432,0.93527,0.93255,0.91757,0.8639,0.80252,0.79381,0.75177,0.72682,0.70643,0.699,0.67139,0.6697,0.64302,0.60316,0.5681,0.55334,0.48751,0.48489,0.43328,0.4049,0.3976,0.36697,0.35005,0.34977,0.341,0.22586,0.13984,0.12358,0.12311,0.12306,0.10706,0.084393,0.081405,0.079433,0.052858,0.050348,0.049042,0.031312,0.021308,0.016633,0.014045,0.011396,0.0050503,0.0037318,0.0035966,0.0023448,0.0014228,0.0011275,0.0011265,0.00080319,0.00066168,0.0005782,0.00048599,0.00041903,0.00033993,0.00031073,0.00023863,0.00014859,0.00011989,0.000084763,0.000041486,0.00003855,0.000028999,0.000024465,0.000014706,0.0000058916,0.0000045652,0.0000022198,0.0000012275,0.00000088329,0.0000004907,0.00000045315,0.00000042079,0.00000028829,0.00000023253,0.00000023146,0.00000019352,0.00000016886,0.00000013371,0.00000013112,0.00000013,0.00000012389,0.00000010852,0.000000087,0.000000077487,0.000000045228,0.000000045182,0.000000023347,0.000000023143,0.000000020059,0.00000001828,0.000000017216,0.000000014153,0.000000011532,0.000000006,0.0000000054391,0.000000004,0.000000001,6.6936E-10,5.7969E-10,2.3594E-10,2.1159E-10,1.8743E-10,7.3604E-11,6.4345E-11,4.3047E-11,3.6534E-11,3.4522E-11,3.0946E-11,1.5116E-11,7.145E-12,6.6107E-12,5.4018E-12,3.7674E-12,1.2476E-12,1.1878E-12,1.098E-12,1.5956E-13,4.2449E-14,2.4121E-14,1.8954E-14,9.6857E-15,6.9703E-15,5.9432E-15,3.2565E-15,1.0243E-15,5.4454E-16,4.7797E-16,4.183E-16,4.0991E-16,3.0487E-16,2.3345E-17,1.4731E-17,1.3307E-17,1.0427E-17,5.2479E-18,3.7366E-18,1.3138E-18,1.1491E-18,9.5574E-19,8.7521E-19,6.6203E-19,4.2961E-19,3.5144E-19,2.991E-19,1.7252E-19,1.4113E-19,7.6217E-20,6.4822E-20,3.9139E-20,3.4505E-20,2.8596E-20,2.8333E-20,2.4646E-20,1.6571E-20,7.2021E-21,7.0831E-21,3.5203E-21,2.4215E-21,1.7469E-21,2.9082E-22,1.636E-22,1.5454E-22,3.6455E-23,2.6036E-23,2.5098E-23,1.1886E-23,1.1665E-23,6.2332E-24,2.6714E-24,8.3361E-25,6.8871E-25,4.3611E-25,1.7477E-25,1.1751E-25,8.2245E-26,5.6032E-26,1.8016E-26,9.9731E-27,9.9141E-27,7.2987E-27,4.5927E-27,4.2664E-27,2.2426E-27,1.745E-27,1.3936E-27,7.5607E-28,6.419E-28,4.6453E-28,3.2637E-28,1.6711E-28,9.2195E-29,1.1441E-29,9.0354E-30,6.9539E-30,4.4109E-30,2.4056E-30,2.2355E-30,9.0736E-31,8.6204E-31,6.6183E-31,4.79E-31,3.0476E-31,1.2118E-33,8.0401E-34,6.6348E-34,4.6692E-34,4.0843E-34,2.721E-34,6.1632E-35,5.0377E-35,3.5331E-35,2.3558E-35,1.8027E-35,5.1464E-36,4.6352E-36,1.483E-36,3.9364E-37,1.2516E-37,1.1344E-37,3.1637E-38,1.0194E-38,9.5261E-39,5.8015E-39,2.073E-39,2.0258E-39,1.9247E-39,5.4364E-40,4.8196E-40,2.3144E-40,1.6117E-40,7.1431E-41,5.7212E-41,1.9585E-41,1.615E-41,5.3333E-42,3.962E-42
1,0.99195,0.99444,0.99562,0.99863,1,1,0.99989,0.99747,0.98236,0.97809,0.97627,0.9762,0.96841,0.95206,0.94969,0.93645,0.88752,0.82977,0.82146,0.78106,0.75685,0.73696,0.7297,0.70257,0.70091,0.67456,0.63492,0.59983,0.585,0.5184,0.51574,0.46303,0.43387,0.42635,0.3947,0.37715,0.37686,0.36774,0.24689,0.15495,0.13737,0.13686,0.1368,0.11944,0.094693,0.091417,0.089254,0.059938,0.057152,0.055701,0.035893,0.024609,0.019298,0.016346,0.013312,0.0059805,0.0044404,0.0042821,0.00281,0.0017177,0.0013657,0.0013645,0.00097757,0.00080749,0.00070691,0.00059557,0.00051453,0.00041856,0.00038306,0.00029518,0.00018491,0.00014959,0.00010621,0.000052426,0.000048757,0.000036798,0.000031105,0.000018804,0.000007609,0.000005912,0.0000028963,0.0000016112,0.0000011633,0.00000065,0.0000006007,0.0000005582,0.00000038383,0.00000031023,0.00000030881,0.00000025863,0.000000226,0.00000017931,0.00000017587,0.00000017438,0.00000016626,0.00000014581,0.00000011713,0.00000010444,0.000000061259,0.000000061198,0.000000031809,0.000000031534,0.000000027367,0.000000025,0.00000002352,0.000000019368,0.000000015809,0.0000000082446,0.0000000075048,0.0000000055359,0.0000000014322,9.3971E-10,8.1476E-10,3.34E-10,2.9978E-10,2.6581E-10,1.0514E-10,9.201E-11,6.1743E-11,5.2467E-11,4.9599E-11,4.4499E-11,2.1853E-11,1.0386E-11,9.6151E-12,7.8684E-12,5.5021E-12,1.8364E-12,1.749E-12,1.6177E-12,2.3825E-13,6.3955E-14,3.6477E-14,2.871E-14,1.4736E-14,1.0627E-14,9.0707E-15,4.9895E-15,1.581E-15,8.4381E-16,7.4127E-16,6.4927E-16,6.3632E-16,4.7414E-16,3.6879E-17,2.3335E-17,2.1092E-17,1.6551E-17,8.364E-18,5.9672E-18,2.1109E-18,1.8476E-18,1.5384E-18,1.4095E-18,1.0679E-18,6.947E-19,5.6894E-19,4.8465E-19,2.8041E-19,2.2966E-19,1.2445E-19,1.0594E-19,6.4147E-20,5.6591E-20,4.6948E-20,4.6519E-20,4.0497E-20,2.7289E-20,1.1914E-20,1.1718E-20,5.8461E-21,4.0295E-21,2.912E-21,4.8943E-22,2.7615E-22,2.6093E-22,6.2017E-23,4.437E-23,4.2779E-23,2.0337E-23,1.9961E-23,1.07E-23,4.6055E-24,1.4455E-24,1.1954E-24,7.5868E-25,3.054E-25,2.0575E-25,1.4425E-25,9.8462E-26,3.1833E-26,1.7672E-26,1.7568E-26,1.2952E-26,8.1682E-27,7.5905E-27,4.002E-27,3.1177E-27,2.4926E-27,1.3562E-27,1.1523E-27,8.3514E-28,5.8773E-28,3.0186E-28,1.67E-28,2.0923E-29,1.6541E-29,1.2746E-29,8.1013E-30,4.4303E-30,4.1184E-30,1.6783E-30,1.5949E-30,1.2259E-30,8.8853E-31,5.6644E-31,2.307E-33,1.5333E-33,1.2663E-33,8.9251E-34,7.8115E-34,5.2131E-34,1.1882E-34,9.72E-35,6.827E-35,4.5598E-35,3.493E-35,1.0024E-35,9.0321E-36,2.9033E-36,7.7481E-37,2.475E-37,2.244E-37,6.2904E-38,2.036E-38,1.9032E-38,1.1613E-38,4.1664E-39,4.072E-39,3.8695E-39,1.0984E-39,9.7422E-40,4.6917E-40,3.2718E-40,1.4546E-40,1.1661E-40,4.0082E-41,3.3075E-41,1.0969E-41,8.1579E-42
1,0.99179,0.99431,0.99551,0.99856,1,1,0.9999,0.99756,0.98259,0.97834,0.97653,0.97646,0.96871,0.95243,0.95006,0.93686,0.88805,0.83039,0.82209,0.78173,0.75754,0.73767,0.73041,0.7033,0.70163,0.67529,0.63566,0.60057,0.58574,0.51913,0.51647,0.46373,0.43455,0.42703,0.39536,0.37779,0.3775,0.36838,0.2474,0.15531,0.13771,0.13719,0.13714,0.11974,0.094944,0.091662,0.089494,0.060112,0.057319,0.055865,0.036007,0.024691,0.019364,0.016403,0.01336,0.0060039,0.0044583,0.0042994,0.0028218,0.0017252,0.0013718,0.0013706,0.00098203,0.00081122,0.00071021,0.00059838,0.00051698,0.00042058,0.00038492,0.00029664,0.00018585,0.00015036,0.00010677,0.000052711,0.000049023,0.000037002,0.000031279,0.000018912,0.0000076543,0.0000059476,0.0000029142,0.0000016214,0.0000011707,0.00000065422,0.00000060464,0.00000056187,0.00000038639,0.00000031231,0.00000031089,0.00000026037,0.0000002275,0.00000018054,0.00000017707,0.00000017557,0.0000001674,0.00000014682,0.00000011794,0.00000010517,0.000000061692,0.00000006163,0.000000032,0.000000031761,0.000000027565,0.000000025142,0.000000023691,0.000000019509,0.000000015925,0.0000000083063,0.0000000075611,0.0000000055778,0.0000000014434,9.4714E-10,8.2123E-10,3.3671E-10,3.0222E-10,2.6797E-10,1.0602E-10,9.2777E-11,6.2263E-11,5.291E-11,5.0018E-11,4.4876E-11,2.2041E-11,1.0477E-11,9.6991E-12,7.9374E-12,5.5507E-12,1.853E-12,1.7648E-12,1.6324E-12,2.4048E-13,6.4567E-14,3.6829E-14,2.8988E-14,1.488E-14,1.0732E-14,9.1602E-15,5.0392E-15,1.597E-15,8.5244E-16,7.4887E-16,6.5594E-16,6.4286E-16,4.7903E-16,3.7273E-17,2.3586E-17,2.1319E-17,1.673E-17,8.4551E-18,6.0325E-18,2.1343E-18,1.8681E-18,1.5555E-18,1.4252E-18,1.0798E-18,7.025E-19,5.7535E-19,4.9011E-19,2.836E-19,2.3228E-19,1.2588E-19,1.0716E-19,6.4888E-20,5.7246E-20,4.7492E-20,4.7058E-20,4.0967E-20,2.7607E-20,1.2054E-20,1.1856E-20,5.9154E-21,4.0775E-21,2.9468E-21,4.9539E-22,2.7954E-22,2.6413E-22,6.2788E-23,4.4923E-23,4.3313E-23,2.0593E-23,2.0212E-23,1.0835E-23,4.6642E-24,1.4642E-24,1.2108E-24,7.6851E-25,3.0939E-25,2.0845E-25,1.4615E-25,9.9761E-26,3.2257E-26,1.7908E-26,1.7803E-26,1.3126E-26,8.2783E-27,7.6929E-27,4.0563E-27,3.16E-27,2.5265E-27,1.3747E-27,1.1681E-27,8.4662E-28,5.9583E-28,3.0604E-28,1.6932E-28,2.1219E-29,1.6775E-29,1.2926E-29,8.2166E-30,4.4937E-30,4.1773E-30,1.7025E-30,1.6179E-30,1.2436E-30,9.0139E-31,5.7467E-31,2.3418E-33,1.5565E-33,1.2855E-33,9.0606E-34,7.9302E-34,5.2926E-34,1.2064E-34,9.8697E-35,6.9324E-35,4.6304E-35,3.5472E-35,1.0181E-35,9.1733E-36,2.9491E-36,7.8711E-37,2.5145E-37,2.2799E-37,6.3918E-38,2.069E-38,1.934E-38,1.1802E-38,4.2347E-39,4.1387E-39,3.9329E-39,1.1165E-39,9.9031E-40,4.7695E-40,3.3262E-40,1.4789E-40,1.1855E-40,4.0755E-41,3.3631E-41,1.1155E-41,8.2961E-42
1,0.98993,0.99274,0.9941,0.99772,0.99989,0.9999,1,0.99843,0.98505,0.98109,0.9794,0.97933,0.97201,0.95647,0.9542,0.94148,0.89399,0.83737,0.82919,0.78931,0.76535,0.74563,0.73842,0.71147,0.70982,0.68359,0.64406,0.609,0.59416,0.52741,0.52473,0.47174,0.44238,0.4348,0.40287,0.38515,0.38486,0.37565,0.25319,0.15952,0.14156,0.14103,0.14097,0.1232,0.097841,0.09448,0.092259,0.06212,0.05925,0.057755,0.037316,0.02564,0.020133,0.017068,0.013915,0.0062761,0.0046664,0.0045007,0.0029591,0.0018127,0.0014426,0.0014414,0.001034,0.0008548,0.00074872,0.00063122,0.00054564,0.00044422,0.00040668,0.0003137,0.00019685,0.00015937,0.00011329,0.000056059,0.000052148,0.000039395,0.000033319,0.000020176,0.0000081875,0.0000063664,0.0000031257,0.0000017419,0.0000012588,0.00000070451,0.00000065125,0.00000060529,0.00000041665,0.000000337,0.00000033542,0.00000028105,0.00000024564,0.00000019505,0.00000019132,0.0000001897,0.00000018089,0.0000001587,0.00000012756,0.00000011377,0.000000066827,0.000000066761,0.00000003476,0.000000034459,0.000000029916,0.000000027293,0.000000025721,0.000000021191,0.000000017306,0.000000009,0.0000000082308,0.000000006076,0.000000001577,0.000000001,8.9836E-10,3.6903E-10,3.313E-10,2.9384E-10,1.1647E-10,1.0196E-10,6.8478E-11,5.8211E-11,5.5035E-11,4.9388E-11,2.4291E-11,1.1564E-11,1.0707E-11,8.7655E-12,6.1341E-12,2.052E-12,1.9545E-12,1.8081E-12,2.6732E-13,7.1944E-14,4.1078E-14,3.2346E-14,1.6623E-14,1.1996E-14,1.0242E-14,5.64E-15,1.7909E-15,9.5695E-16,8.4086E-16,7.3667E-16,7.2201E-16,5.3827E-16,4.2056E-17,2.6633E-17,2.4076E-17,1.8901E-17,9.5627E-18,6.8263E-18,2.4191E-18,2.1178E-18,1.7639E-18,1.6163E-18,1.2251E-18,7.9758E-19,6.5342E-19,5.5675E-19,3.2242E-19,2.6415E-19,1.4329E-19,1.2201E-19,7.3934E-20,6.5238E-20,5.4138E-20,5.3644E-20,4.671E-20,3.1495E-20,1.3769E-20,1.3543E-20,6.7636E-21,4.6647E-21,3.3727E-21,5.6842E-22,3.21E-22,3.0334E-22,7.2251E-23,5.1718E-23,4.9866E-23,2.3733E-23,2.3294E-23,1.2498E-23,5.3862E-24,1.6934E-24,1.4008E-24,8.896E-25,3.5857E-25,2.4171E-25,1.6955E-25,1.1579E-25,3.7494E-26,2.0831E-26,2.0709E-26,1.5275E-26,9.6389E-27,8.9582E-27,4.7272E-27,3.6839E-27,2.9462E-27,1.6043E-27,1.3634E-27,9.8859E-28,6.9605E-28,3.5781E-28,1.9811E-28,2.4889E-29,1.9683E-29,1.5172E-29,9.649E-30,5.2809E-30,4.9095E-30,2.0031E-30,1.9036E-30,1.4637E-30,1.0613E-30,6.7699E-31,2.7764E-33,1.8462E-33,1.5251E-33,1.0753E-33,9.4132E-34,6.2852E-34,1.4351E-34,1.1743E-34,8.2513E-35,5.5137E-35,4.2252E-35,1.2143E-35,1.0943E-35,3.5223E-36,9.4145E-37,3.0113E-37,2.7306E-37,7.6657E-38,2.4843E-38,2.3224E-38,1.418E-38,5.0932E-39,4.9779E-39,4.7306E-39,1.3447E-39,1.1929E-39,5.7494E-40,4.0111E-40,1.7849E-40,1.4312E-40,4.9253E-41,4.0652E-41,1.3498E-41,1.0042E-41
1,0.98053,0.9845,0.98652,0.9924,0.99747,0.99756,0.99843,1,0.99312,0.99033,0.9891,0.98906,0.98353,0.97107,0.96919,0.95847,0.91658,0.86443,0.85677,0.81903,0.79611,0.77711,0.77014,0.74396,0.74235,0.71669,0.67774,0.64293,0.62812,0.56102,0.55832,0.50448,0.47444,0.46666,0.4338,0.41548,0.41518,0.40564,0.27738,0.17731,0.15789,0.15732,0.15726,0.13795,0.11023,0.10654,0.1041,0.070777,0.067583,0.065918,0.043013,0.029791,0.023508,0.019995,0.016365,0.00749,0.0055976,0.0054022,0.0035768,0.0022084,0.0017638,0.0017623,0.0012707,0.0010535,0.00092456,0.00078141,0.0006769,0.00055271,0.00050664,0.00039223,0.00024771,0.00020112,0.00014362,0.000071713,0.000066772,0.000050619,0.000042902,0.000026138,0.00001072,0.0000083601,0.0000041376,0.0000023206,0.0000016829,0.00000094773,0.00000087681,0.00000081557,0.00000056358,0.00000045677,0.00000045472,0.00000038169,0.00000033407,0.00000026588,0.00000026084,0.00000025866,0.00000024677,0.00000021678,0.00000017462,0.00000015593,0.000000092067,0.000000092,0.000000048191,0.000000047779,0.000000041536,0.000000037926,0.000000035763,0.000000029518,0.000000024152,0.000000012693,0.000000011566,0.0000000085619,0.0000000022493,0.0000000014827,0.0000000012876,5.3298E-10,4.7893E-10,4.252E-10,1.6985E-10,1.4885E-10,1.003E-10,8.5375E-11,8.0754E-11,7.2532E-11,3.5879E-11,1.7181E-11,1.5918E-11,1.3052E-11,9.1594E-12,3.0901E-12,2.9444E-12,2.7254E-12,4.0875E-13,1.1106E-13,6.3669E-14,5.022E-14,2.593E-14,1.8755E-14,1.6031E-14,8.8645E-15,2.837E-15,1.5224E-15,1.3388E-15,1.174E-15,1.1508E-15,8.5962E-16,6.8297E-17,4.3377E-17,3.9239E-17,3.0853E-17,1.5677E-17,1.1215E-17,4.0001E-18,3.5049E-18,2.9225E-18,2.6794E-18,2.0344E-18,1.3279E-18,1.0892E-18,9.2901E-19,5.3979E-19,4.4277E-19,2.4107E-19,2.0546E-19,1.2488E-19,1.1027E-19,9.1613E-20,9.0782E-20,7.9112E-20,5.3468E-20,2.3489E-20,2.3105E-20,1.1586E-20,8.008E-21,5.8009E-21,9.8765E-22,5.5956E-22,5.2893E-22,1.27E-22,9.1076E-23,8.7833E-23,4.1973E-23,4.1202E-23,2.2182E-23,9.6032E-24,3.0381E-24,2.5156E-24,1.6015E-24,6.4863E-25,4.3814E-25,3.0791E-25,2.107E-25,6.8629E-26,3.8246E-26,3.8022E-26,2.8088E-26,1.7767E-26,1.6518E-26,8.7452E-27,6.8237E-27,5.4635E-27,2.9842E-27,2.5381E-27,1.8434E-27,1.3002E-27,6.7059E-28,3.7238E-28,4.7264E-29,3.742E-29,2.888E-29,1.8408E-29,1.0104E-29,9.3967E-30,3.8504E-30,3.66E-30,2.8178E-30,2.0463E-30,1.3081E-30,5.5038E-33,3.6666E-33,3.0316E-33,2.1409E-33,1.8753E-33,1.2544E-33,2.8833E-34,2.3614E-34,1.6619E-34,1.1125E-34,8.5355E-35,2.4667E-35,2.2239E-35,7.1941E-36,1.934E-36,6.2165E-37,5.6395E-37,1.5919E-37,5.1839E-38,4.8474E-38,2.9658E-38,1.0699E-38,1.0458E-38,9.9405E-39,2.8407E-39,2.5212E-39,1.2189E-39,8.5161E-40,3.8023E-40,3.0516E-40,1.0548E-40,8.713E-41,2.9062E-41,2.1647E-41
1,0.95135,0.95763,0.96094,0.97136,0.98236,0.98259,0.98505,0.99312,1,0.99976,0.99953,0.99953,0.99791,0.99224,0.99124,0.98502,0.95604,0.91471,0.90833,0.8761,0.85594,0.83894,0.83265,0.80874,0.80725,0.78342,0.7466,0.71308,0.69867,0.63221,0.62949,0.57485,0.54389,0.53582,0.50149,0.48218,0.48185,0.47175,0.33252,0.21912,0.19653,0.19586,0.19579,0.17311,0.14012,0.13568,0.13274,0.092123,0.088172,0.086108,0.057365,0.040401,0.032211,0.027586,0.022767,0.010744,0.0081168,0.0078436,0.0052701,0.0033082,0.0026621,0.0026599,0.0019385,0.0016167,0.0014247,0.0012105,0.0010533,0.00086537,0.00079532,0.00062045,0.00039714,0.00032438,0.00023385,0.00011901,0.00011102,0.00008479,0.000072176,0.000044541,0.000018681,0.000014657,0.0000073773,0.0000041939,0.0000030639,0.0000017479,0.0000016199,0.0000015092,0.0000010514,0.00000085608,0.00000085231,0.00000071816,0.00000063036,0.00000050416,0.00000049481,0.00000049075,0.00000046867,0.00000041285,0.00000033409,0.000000299,0.00000017851,0.00000017834,0.000000094682,0.000000093888,0.000000081852,0.000000074875,0.000000070687,0.000000058568,0.000000048114,0.000000025607,0.000000023377,0.000000017406,0.0000000046899,0.0000000031156,0.0000000027126,0.000000001141,0.000000001,9.1395E-10,3.7107E-10,3.2593E-10,2.2114E-10,1.8876E-10,1.7872E-10,1.6082E-10,8.0512E-11,3.9035E-11,3.621E-11,2.979E-11,2.1028E-11,7.221E-12,6.8858E-12,6.3818E-12,9.8628E-13,2.7341E-13,1.5807E-13,1.2512E-13,6.5247E-14,4.7419E-14,4.0625E-14,2.2661E-14,7.373E-15,3.9918E-15,3.517E-15,3.0897E-15,3.0295E-15,2.2723E-15,1.8699E-16,1.195E-16,1.0824E-16,8.5385E-17,4.3782E-17,3.146E-17,1.1375E-17,9.9843E-18,8.3451E-18,7.6597E-18,5.8368E-18,3.831E-18,3.1505E-18,2.6925E-18,1.5754E-18,1.2956E-18,7.1085E-19,6.0708E-19,3.7132E-19,3.284E-19,2.7347E-19,2.7102E-19,2.3658E-19,1.6068E-19,7.1312E-20,7.0163E-20,3.5484E-20,2.4636E-20,1.7916E-20,3.1163E-21,1.7775E-21,1.6814E-21,4.1055E-22,2.9557E-22,2.8516E-22,1.3745E-22,1.3495E-22,7.3175E-23,3.1985E-23,1.0252E-23,8.5069E-24,5.4433E-24,2.227E-24,1.5109E-24,1.066E-24,7.3249E-25,2.4154E-25,1.3546E-25,1.3468E-25,9.9822E-26,6.3454E-26,5.9041E-26,3.1473E-26,2.4623E-26,1.9762E-26,1.0864E-26,9.2558E-27,6.7451E-27,4.775E-27,2.4801E-27,1.3857E-27,1.7968E-28,1.426E-28,1.1035E-28,7.0661E-29,3.9023E-29,3.6319E-29,1.5017E-29,1.4282E-29,1.1024E-29,8.0319E-30,5.1574E-30,2.2899E-32,1.5315E-32,1.2686E-32,8.9887E-33,7.8832E-33,5.2935E-33,1.2339E-33,1.0124E-33,7.149E-34,4.8039E-34,3.6948E-34,1.0802E-34,9.7483E-35,3.1867E-35,8.6707E-36,2.8162E-36,2.557E-36,7.301E-37,2.4017E-37,2.2471E-37,1.3809E-37,5.0272E-38,4.9148E-38,4.6738E-38,1.3505E-38,1.1999E-38,5.838E-39,4.0919E-39,1.8399E-39,1.4795E-39,5.1613E-40,4.2704E-40,1.4379E-40,1.0738E-40
1,0.94458,0.95126,0.9548,0.96603,0.97809,0.97834,0.98109,0.99033,0.99976,1,0.99996,0.99996,0.99908,0.99472,0.99388,0.98853,0.96209,0.92296,0.91686,0.88579,0.86622,0.84967,0.84353,0.82014,0.81868,0.79528,0.75899,0.72583,0.71154,0.64542,0.64271,0.58808,0.55703,0.54893,0.5144,0.49495,0.49462,0.48444,0.3434,0.22756,0.20438,0.20369,0.20362,0.1803,0.14628,0.1417,0.13867,0.096601,0.092498,0.090354,0.060426,0.042689,0.034101,0.029243,0.024172,0.011472,0.0086839,0.0083937,0.0056552,0.0035608,0.0028694,0.002867,0.0020936,0.001748,0.0015416,0.0013111,0.0011417,0.00093913,0.00086354,0.00067463,0.0004329,0.00035397,0.00025564,0.00013056,0.00012184,0.00009318,0.000079382,0.000049105,0.000020681,0.000016244,0.0000082019,0.0000046744,0.0000034196,0.0000019555,0.0000018129,0.0000016895,0.0000011788,0.00000096063,0.00000095643,0.00000080646,0.00000070824,0.000000567,0.00000055649,0.000000552,0.00000052721,0.00000046466,0.00000037633,0.000000337,0.00000020158,0.00000020138,0.00000010718,0.00000010629,0.000000092709,0.000000084836,0.000000080109,0.000000066422,0.000000054606,0.000000029131,0.000000026603,0.000000019829,0.000000005368,0.0000000035712,0.0000000031108,0.0000000013124,0.000000001182,0.000000001052,4.2843E-10,3.7647E-10,2.5576E-10,2.1842E-10,2.0683E-10,1.8618E-10,9.342E-11,4.5398E-11,4.2122E-11,3.4675E-11,2.4503E-11,8.442E-12,8.0514E-12,7.4637E-12,1.16E-12,3.2276E-13,1.8689E-13,1.4803E-13,7.7336E-14,5.6256E-14,4.8216E-14,2.6939E-14,8.7917E-15,4.7678E-15,4.2021E-15,3.6929E-15,3.6211E-15,2.7182E-15,2.2514E-16,1.4404E-16,1.3051E-16,1.0301E-16,5.291E-17,3.8051E-17,1.3793E-17,1.211E-17,1.0127E-17,9.2969E-18,7.0891E-18,4.6577E-18,3.8322E-18,3.2764E-18,1.9195E-18,1.5793E-18,8.6777E-19,7.4138E-19,4.5399E-19,4.0164E-19,3.3459E-19,3.316E-19,2.8957E-19,1.9684E-19,8.7528E-20,8.612E-20,4.3623E-20,3.0313E-20,2.2061E-20,3.8524E-21,2.2002E-21,2.0814E-21,5.0982E-22,3.673E-22,3.544E-22,1.7109E-22,1.6799E-22,9.1211E-23,3.9939E-23,1.2833E-23,1.0653E-23,6.8227E-24,2.7966E-24,1.8989E-24,1.3407E-24,9.2196E-25,3.0472E-25,1.711E-25,1.7011E-25,1.2616E-25,8.027E-26,7.4699E-26,3.987E-26,3.1208E-26,2.5057E-26,1.3792E-26,1.1754E-26,8.5711E-27,6.0719E-27,3.1577E-27,1.7664E-27,2.2996E-28,1.8258E-28,1.4136E-28,9.0593E-29,5.0088E-29,4.6623E-29,1.931E-29,1.8367E-29,1.4184E-29,1.034E-29,6.6452E-30,2.98E-32,1.9946E-32,1.6527E-32,1.1718E-32,1.0279E-32,6.9073E-33,1.6142E-33,1.325E-33,9.3616E-34,6.2951E-34,4.844E-34,1.4192E-34,1.281E-34,4.1957E-35,1.1442E-35,3.7234E-36,3.3814E-36,9.6752E-37,3.1887E-37,2.9838E-37,1.8352E-37,6.692E-38,6.5428E-38,6.2224E-38,1.8017E-38,1.601E-38,7.7992E-39,5.4696E-39,2.4626E-39,1.9809E-39,6.9225E-40,5.7293E-40,1.9326E-40,1.4438E-40
1,0.94179,0.94863,0.95225,0.9638,0.97627,0.97653,0.9794,0.9891,0.99953,0.99996,1,1,0.99941,0.99557,0.9948,0.9898,0.96437,0.92614,0.92014,0.88954,0.87022,0.85385,0.84777,0.82459,0.82315,0.79993,0.76386,0.73086,0.71662,0.65065,0.64794,0.59333,0.56225,0.55414,0.51954,0.50004,0.49971,0.4895,0.34776,0.23097,0.20755,0.20686,0.20678,0.18321,0.14878,0.14415,0.14107,0.098423,0.09426,0.092083,0.061677,0.043627,0.034877,0.029922,0.024749,0.011773,0.0089185,0.0086212,0.0058148,0.0036658,0.0029556,0.0029532,0.0021582,0.0018027,0.0015904,0.0013531,0.0011787,0.00096997,0.00089206,0.00069731,0.0004479,0.0003664,0.0002648,0.00013543,0.0001264,0.000096719,0.000082424,0.000051035,0.000021529,0.000016918,0.0000085527,0.0000048792,0.0000035713,0.0000020443,0.0000018954,0.0000017666,0.0000012334,0.0000010054,0.000001001,0.00000084429,0.00000074163,0.0000005939,0.000000583,0.0000005782,0.00000055233,0.00000048689,0.00000039447,0.00000035329,0.0000002115,0.0000002113,0.00000011257,0.00000011163,0.00000009739,0.000000089131,0.000000084172,0.000000069811,0.000000057409,0.000000030654,0.000000028,0.000000020878,0.0000000056626,0.0000000037693,0.000000003284,0.0000000013871,0.0000000012494,0.0000000011122,4.5349E-10,3.9856E-10,2.709E-10,2.314E-10,2.1914E-10,1.9729E-10,9.9081E-11,4.8192E-11,4.472E-11,3.6822E-11,2.6031E-11,8.9804E-12,8.5653E-12,7.9409E-12,1.2368E-12,3.4466E-13,1.9969E-13,1.5822E-13,8.2718E-14,6.0192E-14,5.1598E-14,2.8847E-14,9.4259E-15,5.1151E-15,4.5088E-15,3.963E-15,3.886E-15,2.9179E-15,2.4231E-16,1.551E-16,1.4054E-16,1.1096E-16,5.7028E-17,4.1026E-17,1.4887E-17,1.3072E-17,1.0933E-17,1.0038E-17,7.656E-18,5.0323E-18,4.1411E-18,3.5411E-18,2.0757E-18,1.7081E-18,9.3906E-19,8.0241E-19,4.9159E-19,4.3495E-19,3.6241E-19,3.5917E-19,3.1368E-19,2.1331E-19,9.4923E-20,9.3398E-20,4.7339E-20,3.2906E-20,2.3955E-20,4.1897E-21,2.394E-21,2.2649E-21,5.5546E-22,4.0029E-22,3.8624E-22,1.8658E-22,1.832E-22,9.9525E-23,4.361E-23,1.4026E-23,1.1645E-23,7.4609E-24,3.0605E-24,2.0787E-24,1.4681E-24,1.0099E-24,3.3408E-25,1.8768E-25,1.8659E-25,1.3842E-25,8.8101E-26,8.199E-26,4.3784E-26,3.4278E-26,2.7527E-26,1.5158E-26,1.292E-26,9.424E-27,6.6779E-27,3.4747E-27,1.9445E-27,2.5355E-28,2.0135E-28,1.5592E-28,9.9961E-29,5.5292E-29,5.147E-29,2.1332E-29,2.029E-29,1.5673E-29,1.1428E-29,7.3468E-30,3.3078E-32,2.2145E-32,1.8352E-32,1.3015E-32,1.1418E-32,7.6749E-33,1.7954E-33,1.4739E-33,1.0417E-33,7.0065E-34,5.3924E-34,1.5813E-34,1.4274E-34,4.6787E-35,1.277E-35,4.1589E-36,3.7771E-36,1.0817E-36,3.5675E-37,3.3385E-37,2.0539E-37,7.4948E-38,7.3278E-38,6.9692E-38,2.0196E-38,1.7948E-38,8.7471E-39,6.1359E-39,2.764E-39,2.2237E-39,7.7762E-40,6.4366E-40,2.1727E-40,1.6235E-40
1,0.94169,0.94853,0.95216,0.96372,0.9762,0.97646,0.97933,0.98906,0.99953,0.99996,1,1,0.99943,0.99559,0.99483,0.98984,0.96445,0.92625,0.92025,0.88967,0.87036,0.854,0.84792,0.82475,0.8233,0.80009,0.76403,0.73104,0.7168,0.65083,0.64813,0.59351,0.56244,0.55432,0.51973,0.50022,0.4999,0.48968,0.34792,0.23109,0.20767,0.20697,0.2069,0.18331,0.14887,0.14423,0.14116,0.098488,0.094323,0.092145,0.061721,0.04366,0.034904,0.029947,0.024769,0.011783,0.0089269,0.0086294,0.0058205,0.0036695,0.0029587,0.0029563,0.0021605,0.0018047,0.0015921,0.0013546,0.00118,0.00097108,0.00089309,0.00069813,0.00044844,0.00036685,0.00026513,0.00013561,0.00012657,0.000096847,0.000082534,0.000051104,0.00002156,0.000016943,0.0000085654,0.0000048866,0.0000035769,0.0000020475,0.0000018984,0.0000017694,0.0000012354,0.000001007,0.0000010026,0.00000084567,0.00000074284,0.00000059488,0.00000058391,0.00000057915,0.00000055324,0.0000004877,0.00000039513,0.00000035388,0.00000021186,0.00000021166,0.00000011276,0.00000011182,0.00000009756,0.000000089288,0.00000008432,0.000000069934,0.000000057511,0.00000003071,0.000000028,0.000000020916,0.0000000056733,0.0000000037765,0.0000000032903,0.0000000013898,0.0000000012519,0.0000000011144,4.5441E-10,3.9937E-10,2.7146E-10,2.3188E-10,2.1959E-10,1.9769E-10,9.9288E-11,4.8295E-11,4.4815E-11,3.69E-11,2.6087E-11,9.0001E-12,8.5842E-12,7.9584E-12,1.2397E-12,3.4546E-13,2.0016E-13,1.5859E-13,8.2916E-14,6.0336E-14,5.1723E-14,2.8917E-14,9.4492E-15,5.1279E-15,4.5201E-15,3.9729E-15,3.8958E-15,2.9253E-15,2.4294E-16,1.555E-16,1.4091E-16,1.1125E-16,5.718E-17,4.1136E-17,1.4927E-17,1.3108E-17,1.0962E-17,1.0065E-17,7.677E-18,5.0461E-18,4.1525E-18,3.5509E-18,2.0814E-18,1.7128E-18,9.417E-19,8.0467E-19,4.9298E-19,4.3618E-19,3.6344E-19,3.6019E-19,3.1457E-19,2.1392E-19,9.5197E-20,9.3667E-20,4.7477E-20,3.3002E-20,2.4025E-20,4.2022E-21,2.4012E-21,2.2717E-21,5.5715E-22,4.0152E-22,3.8743E-22,1.8716E-22,1.8377E-22,9.9833E-23,4.3747E-23,1.407E-23,1.1682E-23,7.4846E-24,3.0703E-24,2.0854E-24,1.4728E-24,1.0132E-24,3.3517E-25,1.8829E-25,1.8721E-25,1.3887E-25,8.8392E-26,8.2262E-26,4.3929E-26,3.4392E-26,2.7619E-26,1.5209E-26,1.2964E-26,9.4558E-27,6.7005E-27,3.4865E-27,1.9512E-27,2.5443E-28,2.0205E-28,1.5646E-28,1.0031E-28,5.5486E-29,5.1651E-29,2.1407E-29,2.0362E-29,1.5729E-29,1.1469E-29,7.373E-30,3.32E-32,2.2228E-32,1.842E-32,1.3064E-32,1.1461E-32,7.7036E-33,1.8022E-33,1.4795E-33,1.0456E-33,7.0332E-34,5.4129E-34,1.5874E-34,1.4329E-34,4.6968E-35,1.282E-35,4.1752E-36,3.7919E-36,1.086E-36,3.5817E-37,3.3518E-37,2.0622E-37,7.525E-38,7.3573E-38,6.9973E-38,2.0278E-38,1.8021E-38,8.7828E-39,6.161E-39,2.7754E-39,2.2328E-39,7.8083E-40,6.4633E-40,2.1818E-40,1.6303E-40
1,0.93015,0.93759,0.94156,0.95432,0.96841,0.96871,0.97201,0.98353,0.99791,0.99908,0.99941,0.99943,1,0.9982,0.9977,0.99408,0.97273,0.93809,0.93253,0.90386,0.88555,0.86993,0.8641,0.84181,0.84042,0.81795,0.78283,0.7505,0.73649,0.67123,0.66854,0.61408,0.58294,0.5748,0.53998,0.5203,0.51997,0.50964,0.36528,0.24477,0.22041,0.21969,0.21961,0.19501,0.15897,0.1541,0.15087,0.10589,0.10148,0.099171,0.066826,0.0475,0.038088,0.032743,0.027147,0.013029,0.0099014,0.009575,0.0064858,0.0041085,0.0033198,0.0033171,0.0024317,0.0020347,0.0017972,0.0015314,0.0013357,0.0011012,0.0010135,0.00079403,0.00051203,0.00041958,0.00030408,0.00015638,0.00014604,0.00011199,0.000095555,0.000059386,0.000025216,0.00001985,0.000010084,0.0000057756,0.0000042366,0.0000024342,0.0000022581,0.0000021056,0.0000014736,0.0000012028,0.0000011976,0.0000010112,0.000000889,0.00000071293,0.00000069986,0.00000069419,0.00000066332,0.00000058521,0.00000047475,0.00000042549,0.00000025554,0.0000002553,0.00000013653,0.0000001354,0.00000011823,0.00000010826,0.00000010227,0.000000084916,0.000000069912,0.000000037468,0.00000003424,0.000000025576,0.000000007,0.0000000046621,0.0000000040649,0.0000000017249,0.0000000015546,0.0000000013848,5.6729E-10,4.9892E-10,3.3979E-10,2.9048E-10,2.7517E-10,2.4786E-10,1.2492E-10,6.0977E-11,5.6605E-11,4.6653E-11,3.3037E-11,1.1456E-11,1.0929E-11,1.0136E-11,1.5926E-12,4.4641E-13,2.5928E-13,2.0565E-13,1.0782E-13,7.8569E-14,6.7397E-14,3.7775E-14,1.2403E-14,6.7479E-15,5.9513E-15,5.2336E-15,5.1324E-15,3.8585E-15,3.2371E-16,2.0757E-16,1.8816E-16,1.4869E-16,7.6627E-17,5.5197E-17,2.0108E-17,1.7666E-17,1.4785E-17,1.3579E-17,1.0368E-17,6.826E-18,5.6213E-18,4.8097E-18,2.825E-18,2.3264E-18,1.2819E-18,1.096E-18,6.727E-19,5.9546E-19,4.9649E-19,4.9207E-19,4.2996E-19,2.9281E-19,1.3068E-19,1.2859E-19,6.5339E-20,4.5477E-20,3.3145E-20,5.8332E-21,3.3397E-21,3.1602E-21,7.7883E-22,5.619E-22,5.4225E-22,2.626E-22,2.5786E-22,1.4037E-22,6.1681E-23,1.9913E-23,1.6543E-23,1.0615E-23,4.3671E-24,2.97E-24,2.0999E-24,1.4463E-24,4.8016E-25,2.7024E-25,2.6869E-25,1.995E-25,1.2717E-25,1.1837E-25,6.3339E-26,4.9626E-26,3.988E-26,2.2002E-26,1.8763E-26,1.3699E-26,9.7177E-27,5.0666E-27,2.8405E-27,3.727E-28,2.9618E-28,2.2953E-28,1.4735E-28,8.1648E-29,7.6021E-29,3.159E-29,3.0052E-29,2.3231E-29,1.6955E-29,1.0914E-29,4.9915E-32,3.3456E-32,2.774E-32,1.9692E-32,1.7282E-32,1.163E-32,2.7316E-33,2.2438E-33,1.5872E-33,1.0688E-33,8.2316E-34,2.422E-34,2.1869E-34,7.1902E-35,1.9695E-35,6.4333E-36,5.8442E-36,1.6792E-36,5.5547E-37,5.199E-37,3.2027E-37,1.1718E-37,1.1457E-37,1.0898E-37,3.1683E-38,2.8165E-38,1.3752E-38,9.6556E-39,4.3585E-39,3.5084E-39,1.2302E-39,1.0188E-39,3.4483E-40,2.5786E-40
1,0.90749,0.91594,0.92048,0.93527,0.95206,0.95243,0.95647,0.97107,0.99224,0.99472,0.99557,0.99559,0.9982,1,0.99997,0.9988,0.98479,0.95672,0.95198,0.92693,0.91052,0.89633,0.891,0.87044,0.86915,0.84816,0.81496,0.78402,0.77052,0.70693,0.70429,0.65043,0.61936,0.6112,0.57617,0.55627,0.55593,0.54546,0.39707,0.27023,0.24424,0.24346,0.24338,0.21699,0.17805,0.17277,0.16926,0.12004,0.11518,0.11264,0.076708,0.054992,0.044329,0.038242,0.031841,0.015523,0.011862,0.011479,0.0078339,0.0050046,0.0040594,0.0040561,0.0029897,0.0025093,0.0022211,0.0018976,0.001659,0.001372,0.0012645,0.00099451,0.00064572,0.00053076,0.00038652,0.00020073,0.00018763,0.00014442,0.00012351,0.000077263,0.000033183,0.000026204,0.000013427,0.0000077433,0.0000057013,0.0000032976,0.0000030617,0.0000028573,0.000002008,0.0000016429,0.0000016358,0.0000013839,0.0000012184,0.00000097958,0.00000096182,0.00000095412,0.00000091216,0.00000080587,0.0000006553,0.000000588,0.00000035514,0.0000003548,0.000000191,0.00000018947,0.00000016567,0.00000015185,0.00000014353,0.00000011941,0.000000098513,0.000000053139,0.000000048605,0.000000036414,0.000000010079,0.0000000067508,0.0000000058939,0.0000000025217,0.0000000022749,0.000000002,8.3796E-10,7.3783E-10,5.0427E-10,4.3171E-10,4.0915E-10,3.689E-10,1.8706E-10,9.1892E-11,8.5358E-11,7.047E-11,5.0053E-11,1.7515E-11,1.6716E-11,1.5513E-11,2.4751E-12,7.009E-13,4.0885E-13,3.2487E-13,1.7119E-13,1.2505E-13,1.074E-13,6.0463E-14,2.002E-14,1.0942E-14,9.6592E-15,8.5025E-15,8.3393E-15,6.2825E-15,5.3662E-16,3.4518E-16,3.1312E-16,2.4785E-16,1.2832E-16,9.2646E-17,3.3986E-17,2.9885E-17,2.5042E-17,2.3013E-17,1.7603E-17,1.1622E-17,9.5837E-18,8.2085E-18,4.8386E-18,3.9898E-18,2.2072E-18,1.8891E-18,1.1632E-18,1.0305E-18,8.6019E-19,8.5259E-19,7.4564E-19,5.0906E-19,2.2839E-19,2.2476E-19,1.147E-19,8.0017E-20,5.8435E-20,1.0397E-20,5.9732E-21,5.6541E-21,1.4055E-21,1.016E-21,9.8069E-22,4.7701E-22,4.6846E-22,2.5595E-22,1.1302E-22,3.6732E-23,3.0549E-23,1.9653E-23,8.1273E-24,5.5395E-24,3.9244E-24,2.7087E-24,9.0497E-25,5.1098E-25,5.0806E-25,3.7788E-25,2.4147E-25,2.2487E-25,1.2074E-25,9.4731E-26,7.622E-26,4.2189E-26,3.601E-26,2.6337E-26,1.8718E-26,9.794E-27,5.5082E-27,7.3067E-28,5.8136E-28,4.5115E-28,2.903E-28,1.6137E-28,1.503E-28,6.2746E-29,5.9707E-29,4.6218E-29,3.3787E-29,2.1799E-29,1.0247E-31,6.882E-32,5.7115E-32,4.0614E-32,3.5667E-32,2.4048E-32,5.6892E-33,4.6776E-33,3.3146E-33,2.2362E-33,1.7245E-33,5.1042E-34,4.611E-34,1.5241E-34,4.2007E-35,1.3794E-35,1.2537E-35,3.6234E-36,1.2048E-36,1.128E-36,6.9642E-37,2.5598E-37,2.5032E-37,2.3816E-37,6.9631E-38,6.1934E-38,3.0339E-38,2.1336E-38,9.6656E-39,7.788E-39,2.7437E-39,2.2741E-39,7.7348E-40,5.7915E-40
1,0.90432,0.91289,0.9175,0.93255,0.94969,0.95006,0.9542,0.96919,0.99124,0.99388,0.9948,0.99483,0.9977,0.99997,1,0.99916,0.98612,0.95893,0.95431,0.92975,0.9136,0.89961,0.89435,0.87403,0.87275,0.85198,0.81905,0.78831,0.77489,0.71156,0.70893,0.65518,0.62413,0.61597,0.58093,0.56102,0.56068,0.55019,0.40133,0.27368,0.24748,0.2467,0.24661,0.21999,0.18067,0.17533,0.17178,0.122,0.11708,0.1145,0.078087,0.056044,0.045207,0.039018,0.032506,0.01588,0.012143,0.011752,0.0080282,0.0051344,0.0041667,0.0041634,0.0030709,0.0025786,0.002283,0.0019512,0.0017063,0.0014117,0.0013013,0.001024,0.00066549,0.00054723,0.00039877,0.00020735,0.00019385,0.00014928,0.0001277,0.000079955,0.00003439,0.000027168,0.000013937,0.0000080446,0.0000059261,0.0000034306,0.0000031856,0.0000029732,0.0000020905,0.000001711,0.0000017036,0.0000014417,0.0000012695,0.000001021,0.0000010025,0.00000099449,0.00000095081,0.00000084018,0.0000006834,0.00000061333,0.0000003707,0.00000037035,0.00000019958,0.000000198,0.00000017312,0.00000015869,0.00000015,0.00000012484,0.000000103,0.000000055616,0.000000050876,0.000000038131,0.000000010572,0.0000000070847,0.0000000061865,0.0000000026497,0.0000000023907,0.0000000021322,8.8171E-10,7.7647E-10,5.3092E-10,4.5461E-10,4.3088E-10,3.8854E-10,1.9718E-10,9.6944E-11,9.0058E-11,7.4366E-11,5.2841E-11,1.8512E-11,1.7669E-11,1.6398E-11,2.6217E-12,7.4341E-13,4.3389E-13,3.4485E-13,1.8184E-13,1.3287E-13,1.1413E-13,6.4293E-14,2.1312E-14,1.1655E-14,1.029E-14,9.0587E-15,8.885E-15,6.6955E-15,5.7324E-16,3.6888E-16,3.3465E-16,2.6496E-16,1.3726E-16,9.9129E-17,3.6398E-17,3.201E-17,2.6826E-17,2.4655E-17,1.8864E-17,1.2459E-17,1.0275E-17,8.8022E-18,5.191E-18,4.2811E-18,2.3695E-18,2.0283E-18,1.2494E-18,1.107E-18,9.2423E-19,9.1606E-19,8.0124E-19,5.472E-19,2.4567E-19,2.4176E-19,1.2345E-19,8.6148E-20,6.2928E-20,1.1212E-20,6.4447E-21,6.1006E-21,1.5182E-21,1.0978E-21,1.0596E-21,5.1571E-22,5.0647E-22,2.7685E-22,1.2233E-22,3.9792E-23,3.3098E-23,2.13E-23,8.8145E-24,6.0097E-24,4.2587E-24,2.9403E-24,9.8312E-25,5.5535E-25,5.5218E-25,4.1078E-25,2.6259E-25,2.4454E-25,1.3137E-25,1.0308E-25,8.2954E-26,4.5937E-26,3.9214E-26,2.8686E-26,2.0393E-26,1.0675E-26,6.0063E-27,7.9789E-28,6.3495E-28,4.9282E-28,3.1722E-28,1.764E-28,1.6431E-28,6.8636E-29,6.5314E-29,5.0567E-29,3.6975E-29,2.3863E-29,1.1258E-31,7.5627E-32,6.2772E-32,4.4646E-32,3.9212E-32,2.6445E-32,6.262E-33,5.1492E-33,3.6496E-33,2.4629E-33,1.8996E-33,5.6268E-34,5.0834E-34,1.6815E-34,4.6381E-35,1.5241E-35,1.3853E-35,4.0068E-36,1.3332E-36,1.2482E-36,7.7089E-37,2.8353E-37,2.7726E-37,2.6379E-37,7.7185E-38,6.8657E-38,3.3647E-38,2.3667E-38,1.0727E-38,8.6441E-39,3.0472E-39,2.5259E-39,8.5968E-40,6.438E-40
1,0.88707,0.89627,0.90124,0.91757,0.93645,0.93686,0.94148,0.95847,0.98502,0.98853,0.9898,0.98984,0.99408,0.9988,0.99916,1,0.99208,0.96959,0.96555,0.94364,0.92891,0.916,0.91111,0.89211,0.8909,0.87128,0.83988,0.81028,0.79728,0.73546,0.73288,0.67982,0.64898,0.64084,0.60583,0.58585,0.58551,0.57497,0.42387,0.29214,0.26484,0.26402,0.26393,0.23609,0.19477,0.18914,0.18539,0.13261,0.12737,0.12462,0.085603,0.061799,0.05003,0.043284,0.036165,0.017857,0.013707,0.013271,0.0091129,0.0058619,0.0047696,0.0047659,0.0035284,0.0029689,0.0026324,0.002254,0.0019741,0.0016369,0.0015102,0.0011916,0.00077803,0.00064111,0.00046873,0.00024536,0.00022954,0.00017722,0.00015183,0.000095489,0.000041394,0.00003277,0.00001691,0.0000098069,0.000007243,0.0000042119,0.0000039135,0.0000036547,0.000002577,0.0000021125,0.0000021035,0.0000017824,0.0000015711,0.0000012657,0.000001243,0.0000012331,0.0000011794,0.0000010432,0.00000084987,0.00000076336,0.00000046315,0.00000046272,0.00000025051,0.00000024847,0.00000021753,0.00000019953,0.0000001887,0.00000015723,0.00000012993,0.000000070458,0.000000064494,0.000000048436,0.000000013549,0.0000000091039,0.000000008,0.0000000034271,0.0000000030942,0.0000000027616,0.0000000011485,0.000000001,6.938E-10,5.9465E-10,5.6381E-10,5.0873E-10,2.5926E-10,1.2802E-10,1.1898E-10,9.8361E-11,7.0035E-11,2.4688E-11,2.357E-11,2.1885E-11,3.5357E-12,1.0096E-12,5.9102E-13,4.7031E-13,2.4886E-13,1.8215E-13,1.5659E-13,8.8474E-14,2.9497E-14,1.6181E-14,1.4295E-14,1.2593E-14,1.2353E-14,9.3222E-15,8.0798E-16,5.2107E-16,4.7294E-16,3.7487E-16,1.9482E-16,1.4092E-16,5.1988E-17,4.5748E-17,3.8372E-17,3.528E-17,2.7027E-17,1.7885E-17,1.4764E-17,1.2656E-17,7.482E-18,6.176E-18,3.4276E-18,2.9361E-18,1.8126E-18,1.6068E-18,1.3426E-18,1.3308E-18,1.1647E-18,7.968E-19,3.5901E-19,3.5333E-19,1.8095E-19,1.2648E-19,9.2513E-20,1.6607E-20,9.5682E-21,9.0595E-21,2.2678E-21,1.642E-21,1.5852E-21,7.7383E-22,7.6001E-22,4.1649E-22,1.8464E-22,6.0337E-23,5.0225E-23,3.238E-23,1.3447E-23,9.1819E-24,6.5155E-24,4.505E-24,1.5128E-24,8.5647E-25,8.516E-25,6.3425E-25,4.0614E-25,3.7834E-25,2.0373E-25,1.6001E-25,1.2887E-25,7.1526E-26,6.1095E-26,4.4746E-26,3.185E-26,1.6714E-26,9.4242E-27,1.2613E-27,1.0046E-27,7.8044E-28,5.0316E-28,2.804E-28,2.6125E-28,1.0947E-28,1.042E-28,8.0743E-29,5.9106E-29,3.8206E-29,1.8366E-31,1.2355E-31,1.0261E-31,7.3069E-32,6.4203E-32,4.3358E-32,1.0317E-32,8.4893E-33,6.0239E-33,4.0705E-33,3.1422E-33,9.3456E-34,8.446E-34,2.804E-34,7.767E-35,2.5616E-35,2.3289E-35,6.7633E-36,2.2583E-36,2.1148E-36,1.3081E-36,4.8265E-37,4.7201E-37,4.4916E-37,1.3193E-37,1.174E-37,5.7662E-38,4.0604E-38,1.8448E-38,1.4877E-38,5.2612E-39,4.3637E-39,1.4901E-39,1.1169E-39
1,0.82734,0.8382,0.84412,0.8639,0.88752,0.88805,0.89399,0.91658,0.95604,0.96209,0.96437,0.96445,0.97273,0.98479,0.98612,0.99208,1,0.99254,0.99044,0.97726,0.96729,0.95805,0.95445,0.94002,0.93909,0.92355,0.89768,0.87239,0.86105,0.80547,0.80309,0.75347,0.72396,0.7161,0.68193,0.66218,0.66185,0.65136,0.49608,0.35324,0.32271,0.3218,0.3217,0.2902,0.24274,0.2362,0.23185,0.16953,0.16323,0.15993,0.11233,0.082562,0.067584,0.058904,0.049656,0.025339,0.019676,0.019077,0.013308,0.0087137,0.0071472,0.0071418,0.0053483,0.0045292,0.0040336,0.0034734,0.0030566,0.0025513,0.0023606,0.0018779,0.001244,0.0010316,0.00076199,0.0004071,0.00038163,0.00029699,0.00025563,0.000163,0.000072375,0.000057672,0.000030303,0.00001783,0.000013273,0.0000078265,0.0000072855,0.0000068155,0.000004848,0.0000039937,0.0000039772,0.0000033838,0.000002992,0.000002423,0.0000023805,0.0000023621,0.0000022616,0.0000020063,0.0000016426,0.0000014792,0.00000090807,0.00000090724,0.00000049819,0.00000049423,0.000000434,0.00000039886,0.00000037769,0.000000316,0.00000026227,0.00000014416,0.00000013222,0.000000099917,0.000000028719,0.000000019458,0.000000017054,0.0000000074728,0.0000000067609,0.000000006,0.0000000025595,0.0000000022614,0.0000000015615,0.0000000013423,0.000000001274,0.0000000011518,5.9462E-10,2.9754E-10,2.7691E-10,2.2974E-10,1.6461E-10,5.9142E-11,5.6509E-11,5.2539E-11,8.7664E-12,2.5577E-12,1.5108E-12,1.2069E-12,6.454E-13,4.7484E-13,4.0921E-13,2.3338E-13,7.9199E-14,4.3863E-14,3.8827E-14,3.4272E-14,3.3629E-14,2.5491E-14,2.2942E-15,1.4893E-15,1.3537E-15,1.0768E-15,5.6507E-16,4.1069E-16,1.5375E-16,1.3555E-16,1.1398E-16,1.0492E-16,8.069E-17,5.3715E-17,4.4463E-17,3.82E-17,2.2753E-17,1.8832E-17,1.0539E-17,9.0473E-18,5.6232E-18,4.9932E-18,4.1827E-18,4.1464E-18,3.6356E-18,2.5003E-18,1.139E-18,1.1212E-18,5.7945E-19,4.0697E-19,2.9895E-19,5.4909E-20,3.1866E-20,3.0194E-20,7.6959E-21,5.5956E-21,5.4045E-21,2.6626E-21,2.6157E-21,1.4444E-21,6.4699E-22,2.1441E-22,1.7888E-22,1.1595E-22,4.8679E-23,3.3396E-23,2.3797E-23,1.6528E-23,5.6241E-24,3.2059E-24,3.1879E-24,2.3826E-24,1.5338E-24,1.43E-24,7.7572E-25,6.1102E-25,4.9337E-25,2.7572E-25,2.3595E-25,1.7344E-25,1.2394E-25,6.553E-26,3.7195E-26,5.0938E-27,4.0675E-27,3.169E-27,2.0532E-27,1.1517E-27,1.0739E-27,4.5441E-28,4.3273E-28,3.3628E-28,2.4702E-28,1.6045E-28,8.171E-31,5.5197E-31,4.5934E-31,3.2826E-31,2.8882E-31,1.9585E-31,4.7308E-32,3.9006E-32,2.7776E-32,1.8845E-32,1.4587E-32,4.3927E-33,3.974E-33,1.3342E-33,3.7441E-34,1.2486E-34,1.1363E-34,3.3407E-35,1.1276E-35,1.0567E-35,6.5668E-36,2.4467E-36,2.3932E-36,2.2785E-36,6.7727E-37,6.0335E-37,2.9839E-37,2.1082E-37,9.6516E-38,7.799E-38,2.7856E-38,2.3145E-38,7.9842E-39,6.0008E-39
1,0.76156,0.7736,0.7802,0.80252,0.82977,0.83039,0.83737,0.86443,0.91471,0.92296,0.92614,0.92625,0.93809,0.95672,0.95893,0.96959,0.99254,1,0.99987,0.99577,0.99086,0.98559,0.9834,0.97405,0.97341,0.96251,0.94312,0.92307,0.9138,0.86648,0.86439,0.81999,0.79284,0.78553,0.75335,0.7345,0.73417,0.72408,0.56916,0.41832,0.38504,0.38404,0.38393,0.34919,0.29603,0.28863,0.28368,0.2119,0.20453,0.20065,0.14401,0.10771,0.089122,0.078234,0.066525,0.035047,0.027522,0.02672,0.018928,0.012609,0.010423,0.010415,0.0078866,0.0067206,0.006011,0.0052045,0.0046013,0.0038655,0.0035864,0.0028759,0.0019319,0.0016122,0.0012026,0.00065536,0.0006156,0.00048275,0.00041741,0.00026974,0.00012259,0.000098303,0.000052566,0.000031368,0.000023531,0.000014063,0.000013115,0.000012289,0.0000088161,0.0000072974,0.0000072678,0.000006208,0.0000055056,0.0000044815,0.0000044048,0.0000043715,0.0000041899,0.0000037276,0.0000030664,0.0000027682,0.0000017189,0.0000017174,0.00000095612,0.0000009487,0.00000083552,0.00000076935,0.00000072941,0.00000061275,0.00000051065,0.00000028441,0.00000026134,0.0000001987,0.000000058639,0.00000004005,0.000000035197,0.000000015682,0.000000014217,0.000000012746,0.0000000054861,0.0000000048589,0.000000003379,0.0000000029132,0.0000000027677,0.0000000025071,0.0000000013106,6.6432E-10,6.1907E-10,5.1538E-10,3.7153E-10,1.3597E-10,1.3003E-10,1.2105E-10,2.0839E-11,6.2083E-12,3.6995E-12,2.9663E-12,1.6027E-12,1.185E-12,1.0237E-12,5.8916E-13,2.034E-13,1.137E-13,1.0084E-13,8.918E-14,8.7531E-14,6.6635E-14,6.2204E-15,4.0642E-15,3.6994E-15,2.9525E-15,1.5641E-15,1.1421E-15,4.3368E-16,3.8303E-16,3.2289E-16,2.9758E-16,2.2971E-16,1.538E-16,1.2765E-16,1.099E-16,6.5938E-17,5.4721E-17,3.0871E-17,2.6558E-17,1.6615E-17,1.4778E-17,1.2409E-17,1.2303E-17,1.0807E-17,7.4699E-18,3.4391E-18,3.3862E-18,1.7656E-18,1.2459E-18,9.1898E-19,1.7259E-19,1.0087E-19,9.5641E-20,2.4808E-20,1.8111E-20,1.75E-20,8.699E-21,8.5475E-21,4.7553E-21,2.1514E-21,7.2273E-22,6.0433E-22,3.9381E-22,1.6708E-22,1.1514E-22,8.2383E-23,5.7469E-23,1.9807E-23,1.1366E-23,1.1303E-23,8.4767E-24,5.4851E-24,5.1181E-24,2.7962E-24,2.2086E-24,1.7878E-24,1.0058E-24,8.6227E-25,6.3608E-25,4.5631E-25,2.4301E-25,1.3882E-25,1.944E-26,1.5562E-26,1.2158E-26,7.9153E-27,4.4684E-27,4.1697E-27,1.781E-27,1.697E-27,1.3224E-27,9.7462E-28,6.36E-28,3.4255E-30,2.3234E-30,1.9372E-30,1.3892E-30,1.2239E-30,8.333E-31,2.0423E-31,1.6872E-31,1.2056E-31,8.2121E-32,6.3728E-32,1.9425E-32,1.7591E-32,5.9705E-33,1.6967E-33,5.7196E-34,5.2099E-34,1.5501E-34,5.2875E-35,4.958E-35,3.0954E-35,1.1642E-35,1.1391E-35,1.0849E-35,3.2624E-36,2.9095E-36,1.4485E-36,1.0268E-36,4.7354E-37,3.834E-37,1.3827E-37,1.1508E-37,4.0092E-38,3.0212E-38
1,0.75238,0.76454,0.77122,0.79381,0.82146,0.82209,0.82919,0.85677,0.90833,0.91686,0.92014,0.92025,0.93253,0.95198,0.95431,0.96555,0.99044,0.99987,1,0.99713,0.99291,0.98819,0.9862,0.97756,0.97696,0.96672,0.94825,0.92897,0.92001,0.87394,0.87189,0.82832,0.80156,0.79434,0.76252,0.74383,0.74351,0.7335,0.57899,0.42733,0.39373,0.39272,0.39261,0.35747,0.30359,0.29608,0.29106,0.21803,0.21051,0.20655,0.14867,0.11145,0.092351,0.081146,0.06908,0.036548,0.028743,0.02791,0.019811,0.013227,0.010946,0.010938,0.0082946,0.0070741,0.0063308,0.0054854,0.0048526,0.0040801,0.0037868,0.0030399,0.0020459,0.0017087,0.0012763,0.00069733,0.00065519,0.00051432,0.00044498,0.00028807,0.00013132,0.0001054,0.00005649,0.000033772,0.00002536,0.000015184,0.000014163,0.000013275,0.0000095337,0.0000078964,0.0000078645,0.0000067212,0.0000059631,0.0000048572,0.0000047743,0.0000047384,0.0000045421,0.0000040425,0.0000033275,0.0000030049,0.0000018688,0.0000018671,0.0000010414,0.0000010333,0.0000009104,0.00000083851,0.0000007951,0.0000006683,0.00000055725,0.00000031091,0.00000028576,0.00000021744,0.000000064394,0.000000044,0.000000038707,0.000000017284,0.000000015673,0.000000014056,0.0000000060635,0.000000005372,0.0000000037394,0.0000000032252,0.0000000030645,0.0000000027767,0.0000000014539,7.3823E-10,6.8807E-10,5.7308E-10,4.1346E-10,1.5169E-10,1.4507E-10,1.3508E-10,2.3351E-11,6.976E-12,4.1618E-12,3.3386E-12,1.8063E-12,1.3365E-12,1.1549E-12,6.6547E-13,2.3027E-13,1.2888E-13,1.1432E-13,1.0114E-13,9.927E-14,7.5615E-14,7.0931E-15,4.6383E-15,4.2228E-15,3.3717E-15,1.7885E-15,1.3067E-15,4.9712E-16,4.3916E-16,3.7033E-16,3.4136E-16,2.6363E-16,1.7665E-16,1.4666E-16,1.2631E-16,7.5856E-17,6.2973E-17,3.5565E-17,3.0604E-17,1.9163E-17,1.7048E-17,1.432E-17,1.4198E-17,1.2474E-17,8.6282E-18,3.978E-18,3.9169E-18,2.0447E-18,1.4438E-18,1.0655E-18,2.007E-19,1.1741E-19,1.1133E-19,2.8945E-20,2.1143E-20,2.0431E-20,1.0168E-20,9.9911E-21,5.564E-21,2.5206E-21,8.4828E-22,7.0952E-22,4.6268E-22,1.9657E-22,1.3555E-22,9.7037E-23,6.7731E-23,2.3384E-23,1.343E-23,1.3355E-23,1.0021E-23,6.4887E-24,6.0552E-24,3.3112E-24,2.6164E-24,2.1186E-24,1.193E-24,1.023E-24,7.5498E-25,5.4189E-25,2.8887E-25,1.6516E-25,2.3197E-26,1.8575E-26,1.4517E-26,9.4573E-27,5.3434E-27,4.9868E-27,2.1327E-27,2.0322E-27,1.5842E-27,1.1681E-27,7.6272E-28,4.1386E-30,2.8087E-30,2.3424E-30,1.6805E-30,1.4809E-30,1.0088E-30,2.4771E-31,2.0469E-31,1.4634E-31,9.9728E-32,7.7418E-32,2.3635E-32,2.1407E-32,7.2763E-33,2.0712E-33,6.9922E-34,6.3698E-34,1.8982E-34,6.484E-35,6.0804E-35,3.7984E-35,1.4305E-35,1.3996E-35,1.3332E-35,4.015E-36,3.5812E-36,1.7845E-36,1.2655E-36,5.8419E-37,4.7312E-37,1.7084E-37,1.4222E-37,4.9613E-38,3.74E-38
1,0.70851,0.72114,0.72809,0.75177,0.78106,0.78173,0.78931,0.81903,0.8761,0.88579,0.88954,0.88967,0.90386,0.92693,0.92975,0.94364,0.97726,0.99577,0.99713,1,0.99906,0.99694,0.99588,0.99063,0.99024,0.98315,0.9692,0.95366,0.94622,0.90642,0.90461,0.86529,0.84061,0.83389,0.804,0.78626,0.78595,0.7764,0.62497,0.4704,0.43543,0.43438,0.43426,0.39741,0.34033,0.33231,0.32695,0.24817,0.23998,0.23566,0.1719,0.13027,0.10866,0.095904,0.082083,0.044294,0.035078,0.03409,0.024429,0.016485,0.013708,0.013698,0.01046,0.0089551,0.0080354,0.0069861,0.0061979,0.0052321,0.0048643,0.0039241,0.002664,0.0022335,0.0016785,0.00092846,0.00087344,0.00068892,0.00059771,0.00039016,0.00018044,0.00014539,0.000078777,0.000047508,0.000035845,0.000021641,0.000020209,0.000018961,0.000013689,0.000011372,0.000011327,0.0000097039,0.0000086254,0.0000070479,0.0000069295,0.0000068782,0.0000065976,0.0000058823,0.0000048562,0.0000043922,0.0000027509,0.0000027485,0.0000015461,0.0000015343,0.0000013543,0.0000012488,0.0000011851,0.00000099853,0.00000083475,0.00000046956,0.00000043207,0.00000033,0.000000099343,0.000000068263,0.000000060113,0.000000027123,0.000000024625,0.000000022114,0.0000000096402,0.0000000085536,0.000000006,0.0000000051674,0.000000004913,0.0000000044569,0.0000000023518,0.0000000012037,0.0000000011229,9.3721E-10,6.7874E-10,2.5188E-10,2.4101E-10,2.2459E-10,3.9584E-11,1.198E-11,7.1859E-12,5.7778E-12,3.146E-12,2.3349E-12,2.0208E-12,1.1709E-12,4.095E-13,2.3051E-13,2.0472E-13,1.8132E-13,1.7801E-13,1.3595E-13,1.3045E-14,8.5645E-15,7.8041E-15,6.2443E-15,3.3317E-15,2.4413E-15,9.3694E-16,8.2863E-16,6.9984E-16,6.4556E-16,4.9972E-16,3.3604E-16,2.7947E-16,2.41E-16,1.4539E-16,1.2089E-16,6.8618E-17,5.9124E-17,3.7172E-17,3.3102E-17,2.7847E-17,2.7611E-17,2.4286E-17,1.6852E-17,7.8209E-18,7.7017E-18,4.0426E-18,2.8629E-18,2.1181E-18,4.045E-19,2.3767E-19,2.2547E-19,5.9259E-20,4.3394E-20,4.1944E-20,2.099E-20,2.0628E-20,1.1541E-20,5.2608E-21,1.7854E-21,1.4954E-21,9.7837E-22,4.1838E-22,2.8932E-22,2.0764E-22,1.4532E-22,5.0572E-23,2.9164E-23,2.9004E-23,2.1808E-23,1.4167E-23,1.3227E-23,7.265E-24,5.7503E-24,4.6633E-24,2.637E-24,2.2637E-24,1.6743E-24,1.2046E-24,6.4503E-25,3.7026E-25,5.2728E-26,4.2289E-26,3.3107E-26,2.1632E-26,1.227E-26,1.1457E-26,4.9283E-27,4.6976E-27,3.6682E-27,2.7104E-27,1.7749E-27,9.9711E-30,6.7839E-30,5.6644E-30,4.0727E-30,3.5917E-30,2.4527E-30,6.0774E-31,5.0282E-31,3.6023E-31,2.461E-31,1.9135E-31,5.8858E-32,5.3341E-32,1.8254E-32,5.2366E-33,1.7797E-33,1.6222E-33,4.8702E-34,1.6744E-34,1.5708E-34,9.8408E-35,3.7278E-35,3.6478E-35,3.4757E-35,1.0543E-35,9.4099E-36,4.7083E-36,3.3458E-36,1.5515E-36,1.2581E-36,4.57E-37,3.8086E-37,1.3367E-37,1.0093E-37
1,0.68277,0.69559,0.70267,0.72682,0.75685,0.75754,0.76535,0.79611,0.85594,0.86622,0.87022,0.87036,0.88555,0.91052,0.9136,0.92891,0.96729,0.99086,0.99291,0.99906,1,0.99939,0.99888,0.99561,0.99534,0.99012,0.97886,0.9656,0.95908,0.92317,0.9215,0.88491,0.86159,0.8552,0.82662,0.80954,0.80924,0.80001,0.65123,0.4957,0.46008,0.459,0.45888,0.42116,0.3624,0.35411,0.34856,0.26658,0.25801,0.25348,0.18632,0.14207,0.11896,0.10526,0.090369,0.049321,0.039215,0.038129,0.027472,0.018653,0.015553,0.015542,0.011914,0.010223,0.0091873,0.008003,0.0071117,0.0060173,0.0055998,0.0045303,0.0030908,0.0025971,0.0019586,0.001091,0.0010271,0.00081233,0.00070592,0.00046298,0.0002159,0.00017435,0.000095057,0.000057613,0.000043587,0.000026442,0.000024708,0.000023196,0.000016798,0.000013978,0.000013923,0.000011944,0.000010628,0.0000087002,0.0000085553,0.0000084925,0.000008149,0.0000072729,0.0000060145,0.0000054445,0.0000034238,0.0000034208,0.0000019337,0.0000019191,0.0000016957,0.0000015647,0.0000014855,0.0000012534,0.0000010494,0.00000059307,0.00000054609,0.000000418,0.000000127,0.000000087525,0.000000077149,0.000000035,0.000000031814,0.000000028593,0.000000012539,0.000000011135,0.0000000078056,0.0000000067512,0.0000000064212,0.000000005829,0.0000000030895,0.0000000015886,0.0000000014826,0.0000000012389,8.992E-10,3.3588E-10,3.2148E-10,2.9971E-10,5.3415E-11,1.6285E-11,9.7993E-12,7.8895E-12,4.3114E-12,3.2056E-12,2.7767E-12,1.6141E-12,5.6795E-13,3.2076E-13,2.8506E-13,2.5266E-13,2.4807E-13,1.8975E-13,1.8445E-14,1.2137E-14,1.1065E-14,8.864E-15,4.7453E-15,3.4829E-15,1.3434E-15,1.1889E-15,1.005E-15,9.2744E-16,7.1887E-16,4.844E-16,4.0323E-16,3.48E-16,2.1047E-16,1.7518E-16,9.9716E-17,8.5983E-17,5.4185E-17,4.828E-17,4.065E-17,4.0308E-17,3.5476E-17,2.4661E-17,1.1489E-17,1.1314E-17,5.9575E-18,4.226E-18,3.1312E-18,6.0271E-19,3.5501E-19,3.3687E-19,8.9091E-20,6.5332E-20,6.316E-20,3.1708E-20,3.1164E-20,1.7481E-20,7.9968E-21,2.7272E-21,2.286E-21,1.4984E-21,6.4316E-22,4.4547E-22,3.2017E-22,2.2443E-22,7.8457E-23,4.5352E-23,4.5103E-23,3.3954E-23,2.2097E-23,2.0637E-23,1.1364E-23,9.0036E-24,7.308E-24,4.1424E-24,3.5582E-24,2.6351E-24,1.8984E-24,1.0192E-24,5.8637E-25,8.4167E-26,6.7563E-26,5.2946E-26,3.4653E-26,1.9701E-26,1.84E-26,7.9415E-27,7.5711E-27,5.9178E-27,4.3778E-27,2.8716E-27,1.6456E-29,1.1212E-29,9.368E-30,6.7439E-30,5.9502E-30,4.0691E-30,1.0135E-30,8.3908E-31,6.0188E-31,4.1176E-31,3.2046E-31,9.8992E-32,8.9745E-32,3.0831E-32,8.8842E-33,3.031E-33,2.7637E-33,8.3322E-34,2.8754E-34,2.6981E-34,1.693E-34,6.435E-35,6.2973E-35,6.0013E-35,1.8278E-35,1.632E-35,8.1854E-36,5.8234E-36,2.7075E-36,2.197E-36,8.0079E-37,6.6778E-37,2.352E-37,1.7776E-37
1,0.66189,0.67482,0.68197,0.70643,0.73696,0.73767,0.74563,0.77711,0.83894,0.84967,0.85385,0.854,0.86993,0.89633,0.89961,0.916,0.95805,0.98559,0.98819,0.99694,0.99939,1,0.99992,0.99826,0.99809,0.99439,0.98534,0.97395,0.9682,0.93556,0.93402,0.89975,0.87761,0.87151,0.84408,0.82759,0.82731,0.81836,0.67219,0.51629,0.48022,0.47912,0.479,0.44066,0.38062,0.37212,0.36643,0.28196,0.27308,0.26839,0.1985,0.15211,0.12776,0.11328,0.097489,0.053692,0.042828,0.041658,0.030146,0.020569,0.017188,0.017177,0.013209,0.011354,0.010216,0.0089134,0.0079312,0.006723,0.0062614,0.005077,0.0034777,0.0029273,0.0022139,0.0012402,0.0011682,0.00092596,0.0008057,0.00053044,0.000249,0.00020144,0.00011038,0.000067168,0.000050928,0.000031014,0.000028995,0.000027233,0.000019769,0.000016473,0.000016408,0.000014093,0.000012551,0.000010289,0.000010119,0.000010045,0.0000096415,0.000008612,0.0000071315,0.0000064602,0.0000040758,0.0000040723,0.000002311,0.0000022937,0.0000020283,0.0000018727,0.0000017785,0.0000015024,0.0000012593,0.00000071438,0.00000065814,0.00000050464,0.00000015449,0.00000010671,0.00000009413,0.000000042927,0.000000039,0.000000035095,0.000000015465,0.000000013743,0.0000000096531,0.0000000083561,0.0000000079498,0.0000000072206,0.0000000038408,0.000000002,0.0000000018506,0.000000001548,0.0000000011254,4.2261E-10,4.0458E-10,3.7733E-10,6.7849E-11,2.081E-11,1.2553E-11,1.0117E-11,5.5451E-12,4.1287E-12,3.5787E-12,2.0857E-12,7.3749E-13,4.1761E-13,3.7134E-13,3.2931E-13,3.2335E-13,2.4763E-13,2.4324E-14,1.6035E-14,1.4624E-14,1.1727E-14,6.2948E-15,4.6263E-15,1.7917E-15,1.5864E-15,1.342E-15,1.2388E-15,9.6125E-16,6.488E-16,5.4049E-16,4.6673E-16,2.8287E-16,2.3562E-16,1.3443E-16,1.1598E-16,7.3226E-17,6.5276E-17,5.4999E-17,5.4537E-17,4.8025E-17,3.3433E-17,1.5622E-17,1.5386E-17,8.122E-18,5.7691E-18,4.2795E-18,8.2898E-19,4.8928E-19,4.6437E-19,1.2342E-19,9.0613E-20,8.7611E-20,4.4095E-20,4.3341E-20,2.4363E-20,1.1177E-20,3.8265E-21,3.2095E-21,2.1069E-21,9.0707E-22,6.2908E-22,4.5266E-22,3.1769E-22,1.1147E-22,6.4554E-23,6.4202E-23,4.8379E-23,3.1531E-23,2.9455E-23,1.6252E-23,1.2887E-23,1.0467E-23,5.9445E-24,5.1087E-24,3.7872E-24,2.7314E-24,1.4694E-24,8.4696E-25,1.2235E-25,9.8281E-26,7.7079E-26,5.0517E-26,2.8772E-26,2.6878E-26,1.1632E-26,1.1091E-26,8.6759E-27,6.4243E-27,4.2196E-27,2.4569E-29,1.6759E-29,1.4011E-29,1.0096E-29,8.9111E-30,6.1009E-30,1.5258E-30,1.264E-30,9.0757E-31,6.2158E-31,4.8411E-31,1.5006E-31,1.3608E-31,4.6895E-32,1.3562E-32,4.6411E-33,4.2329E-33,1.2805E-33,4.4323E-34,4.1597E-34,2.6136E-34,9.9607E-35,9.7481E-35,9.2912E-35,2.8391E-35,2.5358E-35,1.2742E-35,9.0739E-36,4.2277E-36,3.4325E-36,1.2545E-36,1.0467E-36,3.6968E-37,2.7961E-37
1,0.65432,0.66729,0.67446,0.699,0.7297,0.73041,0.73842,0.77014,0.83265,0.84353,0.84777,0.84792,0.8641,0.891,0.89435,0.91111,0.95445,0.9834,0.9862,0.99588,0.99888,0.99992,1,0.99893,0.99879,0.99564,0.9874,0.97669,0.97123,0.93979,0.9383,0.9049,0.88319,0.87721,0.85022,0.83395,0.83367,0.82484,0.67972,0.52377,0.48755,0.48645,0.48633,0.44777,0.3873,0.37873,0.37299,0.28763,0.27865,0.2739,0.20303,0.15586,0.13105,0.11628,0.10016,0.055346,0.044198,0.042996,0.031163,0.021301,0.017814,0.017802,0.013706,0.011789,0.010612,0.0092638,0.0082468,0.0069952,0.0065168,0.0052884,0.0036277,0.0030555,0.0023132,0.0012985,0.0012234,0.00097044,0.0008448,0.00055694,0.00026207,0.00021215,0.00011646,0.000070969,0.000053852,0.00003284,0.000030708,0.000028847,0.000020959,0.000017473,0.000017405,0.000014955,0.000013322,0.000010927,0.000010747,0.000010669,0.000010241,0.0000091505,0.0000075811,0.0000068693,0.000004339,0.0000043352,0.0000024637,0.0000024453,0.0000021631,0.0000019974,0.0000018972,0.0000016033,0.0000013445,0.00000076374,0.00000070376,0.00000054,0.00000016575,0.00000011458,0.0000001011,0.000000046185,0.000000042,0.000000037775,0.000000016675,0.000000014822,0.000000010419,0.000000009,0.0000000085837,0.0000000077979,0.0000000041532,0.0000000021462,0.000000002,0.0000000016769,0.00000000122,4.5897E-10,4.3943E-10,4.0989E-10,7.3941E-11,2.2727E-11,1.3722E-11,1.1063E-11,6.07E-12,4.5219E-12,3.9205E-12,2.287E-12,8.1011E-13,4.5916E-13,4.0837E-13,3.6222E-13,3.5568E-13,2.7251E-13,2.6868E-14,1.7724E-14,1.6167E-14,1.2968E-14,6.9681E-15,5.1235E-15,1.9872E-15,1.7598E-15,1.489E-15,1.3748E-15,1.0671E-15,7.2069E-16,6.0054E-16,5.1871E-16,3.1461E-16,2.6212E-16,1.4967E-16,1.2916E-16,8.1603E-17,7.2756E-17,6.1316E-17,6.0802E-17,5.3552E-17,3.73E-17,1.7448E-17,1.7185E-17,9.0799E-18,6.4526E-18,4.7885E-18,9.297E-19,5.4912E-19,5.212E-19,1.3878E-19,1.0193E-19,9.8556E-20,4.9649E-20,4.8801E-20,2.7454E-20,1.2608E-20,4.3224E-21,3.6262E-21,2.3818E-21,1.0265E-21,7.1225E-22,5.1272E-22,3.6E-22,1.2648E-22,7.3299E-23,7.2899E-23,5.4952E-23,3.5834E-23,3.3478E-23,1.8485E-23,1.4662E-23,1.1912E-23,6.7695E-24,5.8189E-24,4.3152E-24,3.1135E-24,1.6762E-24,9.6678E-25,1.3998E-25,1.1247E-25,8.8233E-26,5.7856E-26,3.2973E-26,3.0805E-26,1.3344E-26,1.2725E-26,9.9565E-27,7.3751E-27,4.8465E-27,2.8382E-29,1.9368E-29,1.6195E-29,1.1674E-29,1.0305E-29,7.0584E-30,1.768E-30,1.4649E-30,1.0522E-30,7.209E-31,5.6161E-31,1.743E-31,1.5808E-31,5.4536E-32,1.5792E-32,5.4103E-33,4.935E-33,1.4947E-33,5.1794E-34,4.8612E-34,3.0558E-34,1.1657E-34,1.1409E-34,1.0874E-34,3.3268E-35,2.9718E-35,1.4943E-35,1.0645E-35,4.9633E-36,4.0306E-36,1.4746E-36,1.2305E-36,4.3504E-37,3.2913E-37
1,0.62629,0.63934,0.64657,0.67139,0.70257,0.7033,0.71147,0.74396,0.80874,0.82014,0.82459,0.82475,0.84181,0.87044,0.87403,0.89211,0.94002,0.97405,0.97756,0.99063,0.99561,0.99826,0.99893,1,1,0.99889,0.99365,0.98552,0.98111,0.95425,0.95293,0.92286,0.90287,0.89731,0.87204,0.85666,0.85639,0.848,0.70722,0.55154,0.51486,0.51374,0.51362,0.47437,0.4124,0.40358,0.39766,0.30914,0.29976,0.2948,0.22031,0.17025,0.14374,0.12788,0.11052,0.061811,0.049571,0.048248,0.035173,0.024199,0.020298,0.020284,0.015683,0.013521,0.012191,0.010664,0.0095103,0.0080867,0.0075414,0.0061384,0.0042332,0.0035739,0.0027159,0.001536,0.0014482,0.0011521,0.0010047,0.00066572,0.00031603,0.00025644,0.00014171,0.000086819,0.000066071,0.000040498,0.000037895,0.000035621,0.000025964,0.000021684,0.000021601,0.000018588,0.000016577,0.000013623,0.000013401,0.000013304,0.000012777,0.000011428,0.0000094851,0.0000086026,0.0000054574,0.0000054527,0.000003115,0.0000030919,0.0000027381,0.0000025303,0.0000024044,0.0000020351,0.0000017092,0.00000097578,0.00000089978,0.00000069193,0.00000021454,0.00000014876,0.00000013139,0.000000060404,0.000000055,0.000000049484,0.000000022,0.000000019559,0.000000013786,0.000000012,0.000000011375,0.000000010341,0.0000000055337,0.0000000028736,0.0000000026846,0.0000000022493,0.0000000016402,6.2139E-10,5.9512E-10,5.5538E-10,1.0138E-10,3.1408E-11,1.9026E-11,1.5362E-11,8.4614E-12,6.3154E-12,5.4804E-12,3.208E-12,1.1437E-12,6.5055E-13,5.79E-13,5.1394E-13,5.0472E-13,3.8733E-13,3.8722E-14,2.5605E-14,2.3369E-14,1.8769E-14,1.0121E-14,7.455E-15,2.907E-15,2.5762E-15,2.1818E-15,2.0153E-15,1.5666E-15,1.0603E-15,8.8442E-16,7.6453E-16,4.6498E-16,3.8779E-16,2.2211E-16,1.9183E-16,1.215E-16,1.0839E-16,9.1431E-17,9.0669E-17,7.9911E-17,5.5767E-17,2.6192E-17,2.5799E-17,1.3677E-17,9.7369E-18,7.2371E-18,1.417E-18,8.3917E-19,7.9672E-19,2.1355E-19,1.5709E-19,1.5191E-19,7.6789E-20,7.5484E-20,4.2584E-20,1.963E-20,6.7647E-21,5.68E-21,3.7382E-21,1.6176E-21,1.1243E-21,8.1057E-22,5.7008E-22,2.0126E-22,1.1693E-22,1.163E-22,8.7779E-23,5.7352E-23,5.3597E-23,2.9675E-23,2.3561E-23,1.916E-23,1.0917E-23,9.3899E-24,6.9727E-24,5.0383E-24,2.7199E-24,1.5726E-24,2.2962E-25,1.8467E-25,1.4503E-25,9.527E-26,5.4428E-26,5.0864E-26,2.2112E-26,2.1089E-26,1.6519E-26,1.2252E-26,8.0653E-27,4.8244E-29,3.2973E-29,2.7591E-29,1.9915E-29,1.7589E-29,1.2065E-29,3.0388E-30,2.5197E-30,1.8122E-30,1.2435E-30,9.6968E-31,3.0233E-31,2.743E-31,9.5022E-32,2.7647E-32,9.5106E-33,8.678E-33,2.6404E-33,9.1856E-34,8.6233E-34,5.4301E-34,2.0789E-34,2.0348E-34,1.9398E-34,5.9606E-35,5.3267E-35,2.6852E-35,1.9152E-35,8.9547E-36,7.2774E-36,2.6721E-36,2.2312E-36,7.9182E-37,5.9965E-37
1,0.62458,0.63764,0.64487,0.6697,0.70091,0.70163,0.70982,0.74235,0.80725,0.81868,0.82315,0.8233,0.84042,0.86915,0.87275,0.8909,0.93909,0.97341,0.97696,0.99024,0.99534,0.99809,0.99879,1,1,0.99902,0.99396,0.98599,0.98165,0.95506,0.95376,0.9239,0.90402,0.89849,0.87332,0.858,0.85774,0.84937,0.70888,0.55323,0.51653,0.51541,0.51529,0.476,0.41395,0.40511,0.39918,0.31048,0.30108,0.2961,0.2214,0.17115,0.14454,0.12861,0.11117,0.062223,0.049915,0.048584,0.03543,0.024385,0.020458,0.020445,0.01581,0.013633,0.012294,0.010755,0.0095925,0.0081577,0.0076081,0.0061939,0.0042728,0.0036079,0.0027423,0.0015517,0.0014631,0.0011641,0.0010153,0.00067294,0.00031962,0.0002594,0.0001434,0.000087884,0.000066893,0.000041015,0.00003838,0.000036079,0.000026302,0.000021969,0.000021885,0.000018834,0.000016798,0.000013806,0.000013581,0.000013483,0.000012949,0.000011583,0.0000096146,0.0000087205,0.0000055336,0.0000055289,0.0000031595,0.0000031361,0.0000027774,0.0000025667,0.0000024391,0.0000020647,0.0000017342,0.00000099035,0.00000091326,0.0000007024,0.00000021792,0.00000015113,0.0000001335,0.000000061394,0.000000055868,0.0000000503,0.000000022356,0.00000001989,0.000000014,0.000000012155,0.00000001157,0.000000010519,0.0000000056308,0.0000000029248,0.0000000027325,0.0000000022897,0.0000000016698,6.329E-10,6.0615E-10,5.6569E-10,1.0334E-10,3.203E-11,1.9407E-11,1.5671E-11,8.6334E-12,6.4445E-12,5.5928E-12,3.2745E-12,1.1679E-12,6.6443E-13,5.9138E-13,5.2496E-13,5.1554E-13,3.9567E-13,3.9589E-14,2.6183E-14,2.3897E-14,1.9194E-14,1.0353E-14,7.6264E-15,2.9749E-15,2.6364E-15,2.233E-15,2.0626E-15,1.6035E-15,1.0854E-15,9.0542E-16,7.8272E-16,4.7613E-16,3.9711E-16,2.2749E-16,1.9649E-16,1.2446E-16,1.1104E-16,9.3673E-17,9.2893E-17,8.1874E-17,5.7144E-17,2.6845E-17,2.6443E-17,1.4021E-17,9.9829E-18,7.4207E-18,1.4537E-18,8.6103E-19,8.1748E-19,2.1921E-19,1.6126E-19,1.5595E-19,7.8847E-20,7.7507E-20,4.3733E-20,2.0165E-20,6.951E-21,5.8367E-21,3.8419E-21,1.6628E-21,1.1558E-21,8.3341E-22,5.862E-22,2.0701E-22,1.2029E-22,1.1964E-22,9.0308E-23,5.9012E-23,5.5149E-23,3.0539E-23,2.4249E-23,1.9721E-23,1.1238E-23,9.6664E-24,7.1786E-24,5.1875E-24,2.801E-24,1.6197E-24,2.3662E-25,1.9031E-25,1.4947E-25,9.8197E-26,5.6108E-26,5.2435E-26,2.28E-26,2.1746E-26,1.7034E-26,1.2635E-26,8.3184E-27,4.9822E-29,3.4055E-29,2.8497E-29,2.0571E-29,1.8169E-29,1.2464E-29,3.1403E-30,2.604E-30,1.873E-30,1.2853E-30,1.0024E-30,3.1261E-31,2.8363E-31,9.8278E-32,2.8603E-32,9.8418E-33,8.9804E-33,2.7331E-33,9.5106E-34,8.9285E-34,5.6229E-34,2.1532E-34,2.1075E-34,2.0092E-34,6.1753E-35,5.5187E-35,2.7824E-35,1.9847E-35,9.2812E-36,7.5431E-36,2.7703E-36,2.3133E-36,8.2113E-37,6.2188E-37
1,0.59772,0.6108,0.61805,0.64302,0.67456,0.67529,0.68359,0.71669,0.78342,0.79528,0.79993,0.80009,0.81795,0.84816,0.85198,0.87128,0.92355,0.96251,0.96672,0.98315,0.99012,0.99439,0.99564,0.99889,0.99902,1,0.99784,0.99238,0.98908,0.96703,0.9659,0.9394,0.92128,0.91619,0.89281,0.87843,0.87818,0.87029,0.73469,0.57998,0.54298,0.54185,0.54172,0.5019,0.4386,0.42954,0.42346,0.33192,0.32215,0.31697,0.23886,0.18582,0.15754,0.14055,0.12187,0.069001,0.055578,0.054122,0.039689,0.027487,0.023126,0.02311,0.017944,0.015508,0.014006,0.012278,0.010968,0.0093497,0.0087285,0.0071265,0.0049411,0.0041816,0.0031898,0.0018179,0.0017153,0.0013686,0.0011956,0.00079628,0.0003814,0.00031025,0.00017261,0.00010632,0.000081152,0.000050001,0.000046819,0.000044038,0.000032204,0.000026945,0.000026842,0.000023134,0.000020656,0.000017008,0.000016733,0.000016614,0.000015961,0.000014292,0.000011884,0.000010789,0.0000068744,0.0000068685,0.0000039447,0.0000039156,0.0000034715,0.0000032104,0.0000030522,0.0000025873,0.0000021765,0.0000012489,0.0000011524,0.00000088829,0.00000027824,0.00000019352,0.00000017111,0.000000079169,0.000000072095,0.000000065,0.00000002905,0.000000025869,0.000000018283,0.000000015866,0.000000015108,0.000000013745,0.000000007391,0.0000000038571,0.0000000036052,0.000000003,0.0000000022108,8.4355E-10,8.0813E-10,7.5454E-10,1.394E-10,4.3536E-11,2.6463E-11,2.1397E-11,1.1832E-11,8.8482E-12,7.6855E-12,4.5145E-12,1.6202E-12,9.2486E-13,8.2374E-13,7.3173E-13,7.1868E-13,5.5244E-13,5.601E-14,3.7129E-14,3.3905E-14,2.7267E-14,1.4757E-14,1.0889E-14,4.2695E-15,3.7862E-15,3.2097E-15,2.966E-15,2.3089E-15,1.5662E-15,1.3078E-15,1.1314E-15,6.9005E-16,5.7608E-16,3.3098E-16,2.8609E-16,1.8165E-16,1.6216E-16,1.3692E-16,1.3578E-16,1.1975E-16,8.3736E-17,3.949E-17,3.89E-17,2.0693E-17,1.4758E-17,1.0987E-17,2.1696E-18,1.2884E-18,1.2235E-18,3.3017E-19,2.4325E-19,2.3528E-19,1.1934E-19,1.1732E-19,6.6376E-20,3.0716E-20,1.064E-20,8.9418E-21,5.897E-21,2.562E-21,1.7838E-21,1.2881E-21,9.0746E-22,3.2195E-22,1.8753E-22,1.8652E-22,1.4097E-22,9.2286E-23,8.6271E-23,4.7896E-23,3.8069E-23,3.0988E-23,1.7701E-23,1.5236E-23,1.1329E-23,8.1984E-24,4.4383E-24,2.5725E-24,3.7885E-25,3.0499E-25,2.3977E-25,1.578E-25,9.0371E-26,8.4478E-26,3.6859E-26,3.5161E-26,2.757E-26,2.0474E-26,1.3503E-26,8.2528E-29,5.6495E-29,4.7306E-29,3.4192E-29,3.0214E-29,2.0757E-29,5.2573E-30,4.3625E-30,3.1417E-30,2.1591E-30,1.6853E-30,5.2791E-31,4.7915E-31,1.6668E-31,4.8733E-32,1.6834E-32,1.5366E-32,4.6967E-33,1.6406E-33,1.5405E-33,9.7177E-34,3.734E-34,3.655E-34,3.4851E-34,1.0756E-34,9.6166E-35,4.8602E-35,3.4708E-35,1.6274E-35,1.3236E-35,4.8781E-36,4.0759E-36,1.452E-36,1.1007E-36
1,0.55791,0.57093,0.57816,0.60316,0.63492,0.63566,0.64406,0.67774,0.7466,0.75899,0.76386,0.76403,0.78283,0.81496,0.81905,0.83988,0.89768,0.94312,0.94825,0.9692,0.97886,0.98534,0.9874,0.99365,0.99396,0.99784,1,0.99833,0.99661,0.98152,0.98066,0.95944,0.94411,0.93973,0.91924,0.9064,0.90617,0.89906,0.77198,0.61987,0.58267,0.58153,0.58141,0.54105,0.47623,0.46689,0.46061,0.3652,0.35492,0.34946,0.26642,0.20921,0.1784,0.15977,0.13918,0.080168,0.064963,0.063307,0.046808,0.03272,0.027643,0.027626,0.021578,0.018712,0.016938,0.014892,0.013337,0.011408,0.010666,0.0087458,0.0061096,0.0051878,0.0039784,0.0022916,0.0021646,0.0017343,0.0015187,0.0010188,0.00049412,0.00040331,0.00022651,0.00014058,0.00010774,0.000066869,0.000062674,0.000059005,0.000043346,0.000036361,0.000036224,0.000031286,0.000027979,0.000023102,0.000022733,0.000022573,0.000021699,0.00001946,0.000016223,0.000014747,0.0000094545,0.0000094466,0.0000054655,0.0000054259,0.0000048181,0.0000044602,0.0000042432,0.0000036047,0.0000030392,0.0000017562,0.0000016223,0.0000012545,0.00000039856,0.00000027841,0.00000024653,0.00000011509,0.00000010492,0.000000094652,0.000000042713,0.000000038085,0.000000027,0.000000023486,0.000000022375,0.000000020378,0.000000011,0.0000000057971,0.0000000054224,0.0000000045578,0.0000000033422,0.000000001288,0.0000000012344,0.0000000011534,2.167E-10,6.8441E-11,4.1797E-11,3.3863E-11,1.883E-11,1.4119E-11,1.228E-11,7.2483E-12,2.6255E-12,1.5062E-12,1.3429E-12,1.1941E-12,1.173E-12,9.0377E-13,9.3449E-14,6.2162E-14,5.6807E-14,4.5768E-14,2.4896E-14,1.8417E-14,7.2762E-15,6.4589E-15,5.4827E-15,5.0697E-15,3.9545E-15,2.6908E-15,2.25E-15,1.9488E-15,1.1932E-15,9.9759E-16,5.7563E-16,4.9813E-16,3.174E-16,2.8359E-16,2.3976E-16,2.3779E-16,2.0992E-16,1.4719E-16,6.9811E-17,6.8777E-17,3.676E-17,2.6284E-17,1.961E-17,3.9191E-18,2.3361E-18,2.2194E-18,6.0456E-19,4.4638E-19,4.3185E-19,2.201E-19,2.164E-19,1.2292E-19,5.719E-20,1.9957E-20,1.6791E-20,1.1105E-20,4.8521E-21,3.3866E-21,2.4508E-21,1.7306E-21,6.1825E-22,3.614E-22,3.5946E-22,2.7217E-22,1.7868E-22,1.6711E-22,9.3131E-23,7.4133E-23,6.0424E-23,3.464E-23,2.9845E-23,2.2235E-23,1.6123E-23,8.7628E-24,5.0965E-24,7.5962E-25,6.1235E-25,4.8212E-25,3.1811E-25,1.8281E-25,1.7096E-25,7.4969E-26,7.1537E-26,5.6176E-26,4.1793E-26,2.7631E-26,1.7404E-28,1.194E-28,1.0009E-28,7.2474E-29,6.4087E-29,4.4124E-29,1.1263E-29,9.3562E-30,6.7505E-30,4.6489E-30,3.6339E-30,1.1457E-30,1.0404E-30,3.6407E-31,1.0717E-31,3.7234E-32,3.4003E-32,1.046E-32,3.6745E-33,3.4516E-33,2.1827E-33,8.4297E-34,8.2522E-34,7.8705E-34,2.4443E-34,2.1866E-34,1.1091E-34,7.9341E-35,3.7349E-35,3.0409E-35,1.1265E-35,9.4214E-36,3.374E-36,2.5614E-36
1,0.52321,0.53609,0.54326,0.5681,0.59983,0.60057,0.609,0.64293,0.71308,0.72583,0.73086,0.73104,0.7505,0.78402,0.78831,0.81028,0.87239,0.92307,0.92897,0.95366,0.9656,0.97395,0.97669,0.98552,0.98599,0.99238,0.99833,1,0.9997,0.9909,0.99028,0.97392,0.96122,0.9575,0.93976,0.9284,0.9282,0.92185,0.80346,0.65488,0.61777,0.61663,0.6165,0.57594,0.51017,0.50063,0.49421,0.39581,0.38511,0.37943,0.29223,0.23138,0.19831,0.1782,0.15588,0.09115,0.074255,0.072409,0.053928,0.038004,0.032227,0.032206,0.025289,0.021994,0.01995,0.017585,0.015784,0.013542,0.012678,0.010435,0.0073378,0.0062491,0.0048147,0.0027995,0.0026468,0.0021284,0.0018678,0.0012609,0.00061831,0.00050619,0.00028665,0.0001791,0.00013776,0.000086046,0.000080718,0.000076053,0.000056094,0.000047161,0.000046986,0.000040656,0.000036411,0.000030136,0.000029662,0.000029456,0.000028328,0.00002544,0.000021256,0.000019345,0.000012469,0.000012459,0.0000072556,0.0000072035,0.0000064056,0.0000059351,0.0000056496,0.0000048085,0.0000040621,0.000002362,0.0000021838,0.0000016936,0.00000054482,0.000000382,0.00000033871,0.00000015938,0.00000014543,0.00000013134,0.000000059745,0.000000053332,0.000000038,0.000000033,0.000000031497,0.000000028711,0.000000015635,0.0000000082666,0.0000000077371,0.000000006514,0.0000000047905,0.0000000018623,0.0000000017855,0.0000000016693,3.1832E-10,1.0153E-10,6.2263E-11,5.0534E-11,2.8236E-11,2.1222E-11,1.8479E-11,1.0954E-11,4.0003E-12,2.3049E-12,2.0569E-12,1.8307E-12,1.7986E-12,1.3886E-12,1.4608E-13,9.7468E-14,8.9131E-14,7.1925E-14,3.9301E-14,2.9137E-14,1.1589E-14,1.0296E-14,8.75E-15,8.0955E-15,6.3259E-15,4.3161E-15,3.6137E-15,3.1331E-15,1.925E-15,1.6113E-15,9.3334E-16,8.0849E-16,5.1675E-16,4.6207E-16,3.9109E-16,3.879E-16,3.4273E-16,2.4089E-16,1.1483E-16,1.1314E-16,6.0725E-17,4.3516E-17,3.253E-17,6.5699E-18,3.9293E-18,3.7341E-18,1.0257E-18,7.5874E-19,7.342E-19,3.7578E-19,3.6951E-19,2.1063E-19,9.8461E-20,3.4581E-20,2.9126E-20,1.9311E-20,8.4796E-21,5.9312E-21,4.3005E-21,3.0431E-21,1.0937E-21,6.4134E-22,6.3792E-22,4.838E-22,3.1838E-22,2.9788E-22,1.6657E-22,1.3277E-22,1.0834E-22,6.2309E-23,5.3729E-23,4.0095E-23,2.9127E-23,1.5885E-23,9.2668E-24,1.3958E-24,1.1266E-24,8.8813E-25,5.8734E-25,3.3854E-25,3.1671E-25,1.395E-25,1.3315E-25,1.047E-25,7.8014E-26,5.1694E-26,3.3434E-28,2.2982E-28,1.9281E-28,1.3985E-28,1.2374E-28,8.5358E-29,2.1939E-29,1.8241E-29,1.3183E-29,9.0956E-30,7.1185E-30,2.2572E-30,2.0508E-30,7.2131E-31,2.1359E-31,7.4589E-32,6.8147E-32,2.1083E-32,7.4429E-33,6.9934E-33,4.432E-33,1.7194E-33,1.6833E-33,1.6058E-33,5.0145E-34,4.4881E-34,2.2836E-34,1.6362E-34,7.7289E-35,6.2988E-35,2.344E-35,1.962E-35,7.0592E-36,5.3657E-36
1,0.50869,0.52148,0.52861,0.55334,0.585,0.58574,0.59416,0.62812,0.69867,0.71154,0.71662,0.7168,0.73649,0.77052,0.77489,0.79728,0.86105,0.9138,0.92001,0.94622,0.95908,0.9682,0.97123,0.98111,0.98165,0.98908,0.99661,0.9997,1,0.99388,0.99338,0.97912,0.96757,0.96414,0.94762,0.93692,0.93673,0.93071,0.81633,0.66959,0.6326,0.63146,0.63133,0.59076,0.5247,0.5151,0.50863,0.4091,0.39824,0.39246,0.30358,0.2412,0.20717,0.18643,0.16336,0.096136,0.078493,0.076562,0.057196,0.040446,0.034351,0.03433,0.027016,0.023525,0.021357,0.018846,0.016931,0.014546,0.013624,0.011232,0.0079205,0.0067537,0.0052139,0.0030436,0.0028788,0.0023184,0.0020364,0.0013784,0.0006791,0.00055666,0.00031634,0.0001982,0.00015269,0.000095628,0.000089739,0.00008458,0.000062489,0.000052589,0.000052395,0.000045372,0.000040658,0.000033686,0.000033158,0.000032929,0.000031676,0.000028462,0.000023804,0.000021674,0.000014003,0.000013991,0.0000081704,0.000008112,0.0000072177,0.0000066901,0.0000063699,0.0000054259,0.0000045875,0.0000026746,0.0000024737,0.0000019208,0.00000062115,0.00000043625,0.000000387,0.00000018271,0.00000016679,0.00000015069,0.00000006878,0.000000061427,0.000000043791,0.000000038137,0.000000036358,0.000000033155,0.000000018101,0.0000000095948,0.000000009,0.0000000075677,0.0000000055722,0.0000000021742,0.0000000020849,0.0000000019497,3.7412E-10,1.1983E-10,7.3613E-11,5.979E-11,3.3477E-11,2.5187E-11,2.1941E-11,1.303E-11,4.7748E-12,2.7563E-12,2.4606E-12,2.1909E-12,2.1526E-12,1.6633E-12,1.7627E-13,1.1776E-13,1.0772E-13,8.6982E-14,4.7618E-14,3.5336E-14,1.4094E-14,1.2526E-14,1.0651E-14,9.8565E-15,7.7077E-15,5.265E-15,4.4104E-15,3.8256E-15,2.3538E-15,1.9714E-15,1.1437E-15,9.9115E-16,6.3434E-16,5.6739E-16,4.8047E-16,4.7656E-16,4.2122E-16,2.9636E-16,1.4157E-16,1.3949E-16,7.5003E-17,5.3798E-17,4.0249E-17,8.165E-18,4.8902E-18,4.648E-18,1.2811E-18,9.485E-19,9.1791E-19,4.7064E-19,4.6281E-19,2.6421E-19,1.2375E-19,4.3582E-20,3.6723E-20,2.4374E-20,1.0725E-20,7.5089E-21,5.4489E-21,3.8591E-21,1.3905E-21,8.1648E-22,8.1213E-22,6.1635E-22,4.0603E-22,3.7994E-22,2.1276E-22,1.6968E-22,1.3853E-22,7.9778E-23,6.8818E-23,5.1391E-23,3.7362E-23,2.0405E-23,1.1919E-23,1.8034E-24,1.4562E-24,1.1487E-24,7.6036E-25,4.3883E-25,4.1059E-25,1.812E-25,1.7297E-25,1.3608E-25,1.0147E-25,6.7295E-26,4.4015E-28,3.0279E-28,2.5413E-28,1.8445E-28,1.6325E-28,1.127E-28,2.9052E-29,2.4165E-29,1.7476E-29,1.2067E-29,9.4489E-30,3.0034E-30,2.7293E-30,9.6204E-31,2.8559E-31,9.9949E-32,9.1334E-32,2.8324E-32,1.002E-32,9.4162E-33,5.9729E-33,2.3215E-33,2.273E-33,2.1685E-33,6.7872E-34,6.0761E-34,3.0957E-34,2.2195E-34,1.05E-34,8.5605E-35,3.1918E-35,2.6725E-35,9.6346E-36,7.3271E-36
1,0.44448,0.45674,0.4636,0.48751,0.5184,0.51913,0.52741,0.56102,0.63221,0.64542,0.65065,0.65083,0.67123,0.70693,0.71156,0.73546,0.80547,0.86648,0.87394,0.90642,0.92317,0.93556,0.93979,0.95425,0.95506,0.96703,0.98152,0.9909,0.99388,1,0.99999,0.99553,0.9894,0.98737,0.97668,0.96918,0.96905,0.96468,0.87066,0.73491,0.69905,0.69793,0.69781,0.65782,0.59141,0.58163,0.57502,0.47151,0.46,0.45387,0.35801,0.28897,0.25063,0.22701,0.20048,0.12144,0.10016,0.097818,0.074095,0.05322,0.04552,0.045493,0.036162,0.031668,0.028862,0.025595,0.023091,0.019953,0.018736,0.015558,0.011111,0.0095276,0.0074215,0.0044107,0.0041794,0.0033894,0.0029893,0.002048,0.0010305,0.00084953,0.0004905,0.00031125,0.00024146,0.00015308,0.00014389,0.00013582,0.00010112,0.000085468,0.00008516,0.00007401,0.000066501,0.000055351,0.000054506,0.000054138,0.000052127,0.000046961,0.000039443,0.000035996,0.000023497,0.000023478,0.000013882,0.000013785,0.000012298,0.000011419,0.000010885,0.0000093051,0.000007897,0.0000046593,0.0000043167,0.0000033702,0.0000011162,0.00000078968,0.00000070224,0.00000033659,0.00000030782,0.00000027867,0.00000012916,0.0000001156,0.000000082946,0.000000072426,0.00000006911,0.000000063132,0.000000034858,0.000000018695,0.000000017523,0.000000014809,0.000000011,0.0000000043502,0.0000000041747,0.0000000039086,7.7151E-10,2.5183E-10,1.5594E-10,1.2708E-10,7.182E-11,5.4279E-11,4.7388E-11,2.8374E-11,1.056E-11,6.1474E-12,5.4974E-12,4.9034E-12,4.8189E-12,3.7381E-12,4.0947E-13,2.7515E-13,2.5201E-13,2.0412E-13,1.1271E-13,8.3988E-14,3.3934E-14,3.0208E-14,2.5743E-14,2.3848E-14,1.8712E-14,1.2849E-14,1.079E-14,9.3769E-15,5.8076E-15,4.8756E-15,2.8494E-15,2.474E-15,1.5928E-15,1.4268E-15,1.2108E-15,1.2011E-15,1.0634E-15,7.5162E-16,3.6253E-16,3.5728E-16,1.9364E-16,1.3949E-16,1.0475E-16,2.1681E-17,1.3069E-17,1.2429E-17,3.4806E-18,2.5864E-18,2.5039E-18,1.2943E-18,1.273E-18,7.3165E-19,3.4581E-19,1.2329E-19,1.041E-19,6.9423E-20,3.0841E-20,2.1681E-20,1.5791E-20,1.1228E-20,4.0929E-21,2.4177E-21,2.405E-21,1.8308E-21,1.2118E-21,1.1347E-21,6.3956E-22,5.1132E-22,4.184E-22,2.4242E-22,2.0945E-22,1.5691E-22,1.1448E-22,6.2934E-23,3.6975E-23,5.7085E-24,4.6199E-24,3.6533E-24,2.4289E-24,1.4099E-24,1.3201E-24,5.8755E-25,5.6113E-25,4.4255E-25,3.3099E-25,2.2046E-25,1.5168E-27,1.0473E-27,8.8055E-28,6.4113E-28,5.6812E-28,3.9363E-28,1.0281E-28,8.567E-29,6.2149E-29,4.3067E-29,3.3802E-29,1.0862E-29,9.88E-30,3.5171E-30,1.056E-30,3.7322E-31,3.4133E-31,1.07E-31,3.8216E-32,3.5933E-32,2.2888E-32,8.9725E-33,8.7865E-33,8.3863E-33,2.6524E-33,2.3768E-33,1.2183E-33,8.7607E-34,4.1721E-34,3.4076E-34,1.2816E-34,1.0748E-34,3.9095E-35,2.9803E-35
1,0.44194,0.45418,0.46103,0.48489,0.51574,0.51647,0.52473,0.55832,0.62949,0.64271,0.64794,0.64813,0.66854,0.70429,0.70893,0.73288,0.80309,0.86439,0.87189,0.90461,0.9215,0.93402,0.9383,0.95293,0.95376,0.9659,0.98066,0.99028,0.99338,0.99999,1,0.99594,0.99004,0.98806,0.97762,0.97026,0.97013,0.96583,0.87271,0.7375,0.7017,0.70058,0.70046,0.66052,0.59413,0.58434,0.57773,0.4741,0.46258,0.45643,0.36031,0.29102,0.2525,0.22876,0.20209,0.12256,0.10113,0.098767,0.074856,0.053801,0.04603,0.046002,0.036582,0.032043,0.029208,0.025907,0.023376,0.020205,0.018974,0.01576,0.011261,0.0096588,0.0075263,0.0044763,0.0042419,0.003441,0.0030354,0.0020806,0.0010477,0.00086397,0.00049916,0.00031691,0.00024592,0.00015598,0.00014662,0.00013841,0.00010308,0.000087142,0.000086829,0.000075471,0.000067822,0.000056461,0.000055599,0.000055225,0.000053175,0.00004791,0.000040248,0.000036733,0.000023989,0.000023969,0.00001418,0.000014081,0.000012563,0.000011666,0.00001112,0.0000095081,0.0000080704,0.0000047639,0.0000044139,0.0000034469,0.0000011427,0.00000080867,0.0000007192,0.00000034493,0.00000031547,0.00000028562,0.00000013246,0.00000011857,0.000000085097,0.000000074312,0.000000070912,0.000000064783,0.000000035786,0.000000019202,0.000000018,0.000000015213,0.000000011266,0.0000000044729,0.0000000042926,0.000000004,7.9425E-10,2.5945E-10,1.6071E-10,1.3099E-10,7.4054E-11,5.5978E-11,4.8876E-11,2.9274E-11,1.0902E-11,6.3486E-12,5.6777E-12,5.0647E-12,4.9775E-12,3.8617E-12,4.2357E-13,2.8469E-13,2.6076E-13,2.1124E-13,1.1668E-13,8.6962E-14,3.5153E-14,3.1296E-14,2.6672E-14,2.471E-14,1.9391E-14,1.3318E-14,1.1185E-14,9.7209E-15,6.0223E-15,5.0563E-15,2.9559E-15,2.5666E-15,1.6528E-15,1.4806E-15,1.2567E-15,1.2466E-15,1.1037E-15,7.8027E-16,3.765E-16,3.7105E-16,2.0117E-16,1.4494E-16,1.0885E-16,2.255E-17,1.3596E-17,1.2931E-17,3.6234E-18,2.6929E-18,2.6071E-18,1.348E-18,1.3259E-18,7.6225E-19,3.604E-19,1.2856E-19,1.0855E-19,7.2409E-20,3.218E-20,2.2626E-20,1.6482E-20,1.1721E-20,4.2746E-21,2.5257E-21,2.5124E-21,1.9129E-21,1.2663E-21,1.1858E-21,6.6852E-22,5.3453E-22,4.3743E-22,2.5351E-22,2.1905E-22,1.6412E-22,1.1975E-22,6.5853E-23,3.8699E-23,5.9795E-24,4.8397E-24,3.8275E-24,2.5451E-24,1.4777E-24,1.3836E-24,6.1605E-25,5.8836E-25,4.6407E-25,3.4713E-25,2.3124E-25,1.5944E-27,1.101E-27,9.2574E-28,6.7412E-28,5.9739E-28,4.1397E-28,1.0818E-28,9.0151E-29,6.5407E-29,4.5332E-29,3.5583E-29,1.144E-29,1.0406E-29,3.7057E-30,1.1132E-30,3.9356E-31,3.5995E-31,1.1289E-31,4.0334E-32,3.7925E-32,2.4161E-32,9.4748E-33,9.2785E-33,8.8561E-33,2.8022E-33,2.5111E-33,1.2874E-33,9.259E-34,4.4106E-34,3.6027E-34,1.3555E-34,1.1368E-34,4.1365E-35,3.1536E-35
1,0.39225,0.4039,0.41043,0.43328,0.46303,0.46373,0.47174,0.50448,0.57485,0.58808,0.59333,0.59351,0.61408,0.65043,0.65518,0.67982,0.75347,0.81999,0.82832,0.86529,0.88491,0.89975,0.9049,0.92286,0.9239,0.9394,0.95944,0.97392,0.97912,0.99553,0.99594,1,0.99868,0.9979,0.99251,0.98797,0.98789,0.98506,0.91104,0.78805,0.75395,0.75288,0.75277,0.71414,0.64874,0.63899,0.63238,0.52716,0.51528,0.50892,0.40819,0.33395,0.29206,0.266,0.23649,0.14683,0.12216,0.11943,0.091542,0.066633,0.057336,0.057304,0.045943,0.040429,0.036968,0.032923,0.029808,0.025887,0.024359,0.020352,0.014693,0.01266,0.0099372,0.0059971,0.0056914,0.004643,0.0041094,0.0028447,0.0014573,0.0012073,0.00070657,0.00045326,0.00035372,0.0002266,0.00021329,0.00020159,0.00015108,0.00012816,0.00012771,0.00011133,0.00010027,0.000083787,0.000082534,0.000081989,0.000079006,0.000071334,0.000060137,0.000054986,0.000036212,0.000036183,0.000021623,0.000021475,0.000019202,0.000017856,0.000017036,0.000014609,0.000012438,0.0000074139,0.0000068788,0.0000053958,0.0000018239,0.0000012984,0.000001157,0.00000056179,0.00000051456,0.00000046663,0.00000021912,0.00000019649,0.00000014177,0.00000012406,0.00000011848,0.00000010839,0.000000060429,0.000000032733,0.000000030713,0.000000026,0.00000001936,0.0000000077916,0.000000007482,0.000000007,0.000000001418,4.7037E-10,2.9325E-10,2.3967E-10,1.3653E-10,1.0358E-10,9.0603E-11,5.4631E-11,2.0605E-11,1.2081E-11,1.0819E-11,9.6647E-12,9.5004E-12,7.3941E-12,8.3317E-13,5.6265E-13,5.1589E-13,4.1895E-13,2.3303E-13,1.7428E-13,7.1189E-14,6.3461E-14,5.4184E-14,5.0243E-14,3.9537E-14,2.727E-14,2.2946E-14,1.9975E-14,1.2441E-14,1.0466E-14,6.1548E-15,5.3526E-15,3.4635E-15,3.1065E-15,2.6413E-15,2.6203E-15,2.3231E-15,1.6485E-15,8.0169E-16,7.902E-16,4.3123E-16,3.1177E-16,2.3486E-16,4.9456E-17,2.9973E-17,2.8521E-17,8.096E-18,6.0348E-18,5.8444E-18,3.0419E-18,2.9924E-18,1.7298E-18,8.2392E-19,2.9686E-19,2.5108E-19,1.6813E-19,7.5301E-20,5.3122E-20,3.8813E-20,2.769E-20,1.0195E-20,6.053E-21,6.0214E-21,4.5961E-21,3.0541E-21,2.8618E-21,1.6219E-21,1.2994E-21,1.0653E-21,6.2046E-22,5.3683E-22,4.0327E-22,2.9509E-22,1.6314E-22,9.6325E-23,1.513E-23,1.2268E-23,9.7224E-24,6.4879E-24,3.7846E-24,3.5457E-24,1.5897E-24,1.5188E-24,1.2004E-24,9.0011E-25,6.0169E-25,4.3231E-27,2.9944E-27,2.5212E-27,1.8407E-27,1.6327E-27,1.1348E-27,2.9975E-28,2.5015E-28,1.8195E-28,1.2647E-28,9.9463E-29,3.2262E-29,2.9367E-29,1.0543E-29,3.1965E-30,1.1392E-30,1.0426E-30,3.2986E-31,1.1877E-31,1.1173E-31,7.142E-32,2.8204E-32,2.7624E-32,2.6375E-32,8.4168E-33,7.5487E-33,3.8892E-33,2.8038E-33,1.3429E-33,1.0985E-33,4.1623E-34,3.4952E-34,1.2811E-34,9.7859E-35
1,0.36515,0.37641,0.38273,0.4049,0.43387,0.43455,0.44238,0.47444,0.54389,0.55703,0.56225,0.56244,0.58294,0.61936,0.62413,0.64898,0.72396,0.79284,0.80156,0.84061,0.86159,0.87761,0.88319,0.90287,0.90402,0.92128,0.94411,0.96122,0.96757,0.9894,0.99004,0.99868,1,0.99991,0.99746,0.99459,0.99453,0.99256,0.93024,0.8154,0.78259,0.78155,0.78144,0.74389,0.67959,0.66993,0.66337,0.55797,0.54595,0.53951,0.43666,0.35987,0.31615,0.2888,0.2577,0.16215,0.13555,0.13259,0.10229,0.074994,0.064742,0.064706,0.05212,0.045985,0.042124,0.037601,0.03411,0.029703,0.027982,0.023457,0.017035,0.014716,0.011599,0.0070585,0.0067043,0.005487,0.0048656,0.0033871,0.0017522,0.0014554,0.00085811,0.00055373,0.00043351,0.00027929,0.00026309,0.00024884,0.00018715,0.00015908,0.00015853,0.00013842,0.00012483,0.00010453,0.00010299,0.00010231,0.000098635,0.000089164,0.000075318,0.000068939,0.000045619,0.000045583,0.000027398,0.000027213,0.000024363,0.000022673,0.000021643,0.000018591,0.000015856,0.0000095034,0.0000088244,0.0000069397,0.0000023719,0.0000016942,0.0000015115,0.000000739,0.00000067747,0.00000061494,0.00000029082,0.000000261,0.00000018891,0.00000016552,0.00000015813,0.00000014479,0.000000081146,0.000000044194,0.000000041489,0.000000035207,0.000000026258,0.00000001065,0.00000001023,0.0000000095927,0.000000002,6.5773E-10,4.1156E-10,3.369E-10,1.9275E-10,1.4654E-10,1.2831E-10,7.7659E-11,2.9502E-11,1.7365E-11,1.5564E-11,1.3914E-11,1.368E-11,1.0666E-11,1.2204E-12,8.2638E-13,7.5815E-13,6.1657E-13,3.4431E-13,2.58E-13,1.0602E-13,9.4582E-14,8.084E-14,7.4996E-14,5.9108E-14,4.0868E-14,3.4427E-14,2.9996E-14,1.874E-14,1.5782E-14,9.3125E-15,8.1059E-15,5.2596E-15,4.7206E-15,4.0178E-15,3.9861E-15,3.5366E-15,2.515E-15,1.2286E-15,1.2111E-15,6.6336E-16,4.8054E-16,3.6261E-16,7.7075E-17,4.685E-17,4.4594E-17,1.2752E-17,9.5213E-18,9.2227E-18,4.8183E-18,4.7403E-18,2.7488E-18,1.3148E-18,4.7643E-19,4.0332E-19,2.7068E-19,1.2177E-19,8.6066E-20,6.2991E-20,4.5022E-20,1.6665E-20,9.9221E-21,9.8706E-21,7.545E-21,5.0245E-21,4.7097E-21,2.6772E-21,2.1474E-21,1.7624E-21,1.0293E-21,8.9126E-22,6.7052E-22,4.9143E-22,2.7251E-22,1.6134E-22,2.558E-23,2.0764E-23,1.6474E-23,1.1015E-23,6.4429E-24,6.0381E-24,2.7178E-24,2.5972E-24,2.0551E-24,1.5432E-24,1.0336E-24,7.6029E-27,5.2752E-27,4.4451E-27,3.25E-27,2.8844E-27,2.0081E-27,5.3367E-28,4.4573E-28,3.2469E-28,2.2606E-28,1.7798E-28,5.8022E-29,5.2838E-29,1.9056E-29,5.8082E-30,2.0793E-30,1.9037E-30,6.0534E-31,2.1893E-31,2.0601E-31,1.3194E-31,5.2309E-32,5.1238E-32,4.8931E-32,1.5691E-32,1.4079E-32,7.2739E-33,5.2511E-33,2.5227E-33,2.0654E-33,7.8576E-34,6.6031E-34,2.4302E-34,1.8584E-34
1,0.35821,0.36936,0.37563,0.3976,0.42635,0.42703,0.4348,0.46666,0.53582,0.54893,0.55414,0.55432,0.5748,0.6112,0.61597,0.64084,0.7161,0.78553,0.79434,0.83389,0.8552,0.87151,0.87721,0.89731,0.89849,0.91619,0.93973,0.9575,0.96414,0.98737,0.98806,0.9979,0.99991,1,0.99833,0.99589,0.99584,0.99411,0.93493,0.82237,0.78993,0.7889,0.78879,0.75157,0.68762,0.67798,0.67145,0.56609,0.55404,0.54759,0.44426,0.36682,0.32264,0.29497,0.26345,0.16635,0.13923,0.13621,0.10526,0.07732,0.066808,0.066771,0.053849,0.047542,0.043572,0.038917,0.035321,0.030779,0.029005,0.024336,0.0177,0.015302,0.012074,0.0073633,0.0069954,0.0057301,0.0050837,0.0035441,0.0018381,0.0015279,0.00090255,0.0005833,0.00045705,0.00029489,0.00027784,0.00026284,0.00019786,0.00016828,0.0001677,0.00014649,0.00013214,0.00011072,0.00010909,0.00010838,0.0001045,0.000094492,0.00007986,0.000073116,0.000048444,0.000048406,0.000029139,0.000028943,0.00002592,0.000024127,0.000023034,0.000019795,0.00001689,0.000010138,0.0000094156,0.0000074096,0.0000025399,0.0000018157,0.0000016204,0.00000079375,0.00000072779,0.00000066078,0.00000031308,0.0000002811,0.00000020358,0.00000017844,0.00000017049,0.00000015613,0.000000087626,0.000000047791,0.000000044872,0.000000038093,0.000000028429,0.000000011554,0.000000011099,0.000000010409,0.0000000021402,7.1783E-10,4.496E-10,3.6818E-10,2.1089E-10,1.6042E-10,1.405E-10,8.5121E-11,3.2398E-11,1.9089E-11,1.7113E-11,1.5302E-11,1.5045E-11,1.1736E-11,1.3482E-12,9.1358E-13,8.3828E-13,6.8199E-13,3.8123E-13,2.8582E-13,1.1763E-13,1.0496E-13,8.9738E-14,8.3262E-14,6.565E-14,4.5419E-14,3.8272E-14,3.3354E-14,2.0855E-14,1.7568E-14,1.0376E-14,9.0334E-15,5.8656E-15,5.2655E-15,4.4828E-15,4.4475E-15,3.9467E-15,2.8082E-15,1.3734E-15,1.3539E-15,7.423E-16,5.3801E-16,4.0616E-16,8.6542E-17,5.2645E-17,5.0114E-17,1.4358E-17,1.0725E-17,1.039E-17,5.4332E-18,5.3454E-18,3.1022E-18,1.4854E-18,5.3908E-19,4.5647E-19,3.0653E-19,1.3805E-19,9.7626E-20,7.1483E-20,5.1116E-20,1.8947E-20,1.1289E-20,1.1231E-20,8.588E-21,5.7223E-21,5.3643E-21,3.0516E-21,2.4486E-21,2.0101E-21,1.1748E-21,1.0175E-21,7.6576E-22,5.6147E-22,3.116E-22,1.8461E-22,2.9342E-23,2.3824E-23,1.8908E-23,1.2649E-23,7.4038E-24,6.9392E-24,3.1266E-24,2.9881E-24,2.3651E-24,1.7766E-24,1.1906E-24,8.8115E-27,6.1165E-27,5.1551E-27,3.7705E-27,3.3469E-27,2.3311E-27,6.2051E-28,5.1837E-28,3.7774E-28,2.6311E-28,2.0721E-28,6.7642E-29,6.1605E-29,2.2244E-29,6.7894E-30,2.4334E-30,2.2282E-30,7.0945E-31,2.5688E-31,2.4173E-31,1.5489E-31,6.1475E-32,6.0217E-32,5.751E-32,1.8465E-32,1.657E-32,8.5673E-33,6.187E-33,2.9747E-33,2.436E-33,9.2774E-34,7.7977E-34,2.873E-34,2.1977E-34
1,0.32919,0.33986,0.34587,0.36697,0.3947,0.39536,0.40287,0.4338,0.50149,0.5144,0.51954,0.51973,0.53998,0.57617,0.58093,0.60583,0.68193,0.75335,0.76252,0.804,0.82662,0.84408,0.85022,0.87204,0.87332,0.89281,0.91924,0.93976,0.94762,0.97668,0.97762,0.99251,0.99746,0.99833,1,0.99946,0.99944,0.9987,0.95337,0.85122,0.82054,0.81956,0.81946,0.78381,0.72168,0.71223,0.70581,0.60109,0.58897,0.58248,0.4774,0.39745,0.35135,0.32231,0.28905,0.18529,0.1559,0.15262,0.11879,0.087974,0.076294,0.076252,0.061818,0.05474,0.05027,0.045016,0.040946,0.03579,0.03377,0.028441,0.020823,0.018054,0.014312,0.0088106,0.0083783,0.0068878,0.0061239,0.0042963,0.0022528,0.0018782,0.0011187,0.00072783,0.00057237,0.00037165,0.00035046,0.0003318,0.00025078,0.00021377,0.00021303,0.00018645,0.00016842,0.00014146,0.0001394,0.00013851,0.00013361,0.00012098,0.00010248,0.000093934,0.000062574,0.000062526,0.000037884,0.000037632,0.000033748,0.000031442,0.000030036,0.00002586,0.000022109,0.000013353,0.000012413,0.0000097963,0.0000034,0.0000024399,0.0000021802,0.0000010764,0.00000098792,0.00000089789,0.00000042884,0.00000038547,0.00000028012,0.00000024585,0.000000235,0.00000021542,0.00000012162,0.000000066734,0.000000062698,0.000000053312,0.000000039901,0.000000016358,0.000000015721,0.000000014753,0.0000000030783,0.000000001,6.558E-10,5.3798E-10,3.0964E-10,2.361E-10,2.0701E-10,1.2596E-10,4.8332E-11,2.8602E-11,2.5664E-11,2.297E-11,2.2586E-11,1.7654E-11,2.0635E-12,1.4025E-12,1.2878E-12,1.0493E-12,5.8921E-13,4.4272E-13,1.8343E-13,1.6382E-13,1.4022E-13,1.3017E-13,1.0282E-13,7.1327E-14,6.0179E-14,5.2499E-14,3.2938E-14,2.7782E-14,1.647E-14,1.4354E-14,9.3493E-15,8.3992E-15,7.1589E-15,7.1028E-15,6.3084E-15,4.4995E-15,2.2116E-15,2.1804E-15,1.2005E-15,8.7202E-16,6.5959E-16,1.4203E-16,8.6684E-17,8.2544E-17,2.3846E-17,1.7847E-17,1.7292E-17,9.0808E-18,8.935E-18,5.2037E-18,2.5035E-18,9.144E-19,7.7508E-19,5.2179E-19,2.3617E-19,1.6737E-19,1.2279E-19,8.7983E-20,3.2811E-20,1.9611E-20,1.951E-20,1.4943E-20,9.981E-21,9.3601E-21,5.3427E-21,4.2925E-21,3.5279E-21,2.0685E-21,1.7929E-21,1.3517E-21,9.9286E-22,5.5291E-22,3.2857E-22,5.2775E-23,4.2901E-23,3.4092E-23,2.286E-23,1.342E-23,1.2583E-23,5.6948E-24,5.4438E-24,4.3144E-24,3.2461E-24,2.1801E-24,1.6567E-26,1.1522E-26,9.72E-27,7.1209E-27,6.3249E-27,4.4135E-27,1.1829E-27,9.8914E-28,7.2197E-28,5.0381E-28,3.9725E-28,1.3042E-28,1.1884E-28,4.3131E-29,1.3243E-29,4.7708E-30,4.3704E-30,1.3994E-30,5.0921E-31,4.7932E-31,3.078E-31,1.2271E-31,1.2021E-31,1.1483E-31,3.707E-32,3.3284E-32,1.7263E-32,1.2486E-32,6.0242E-33,4.9378E-33,1.8891E-33,1.5891E-33,5.8823E-34,4.5052E-34
1,0.31324,0.32363,0.32947,0.35005,0.37715,0.37779,0.38515,0.41548,0.48218,0.49495,0.50004,0.50022,0.5203,0.55627,0.56102,0.58585,0.66218,0.7345,0.74383,0.78626,0.80954,0.82759,0.83395,0.85666,0.858,0.87843,0.9064,0.9284,0.93692,0.96918,0.97026,0.98797,0.99459,0.99589,0.99946,1,1,0.99984,0.9626,0.86682,0.83727,0.83632,0.83622,0.80161,0.74074,0.73144,0.7251,0.62107,0.60895,0.60245,0.49665,0.41542,0.36831,0.33851,0.30429,0.19674,0.16604,0.1626,0.12709,0.094553,0.082171,0.082127,0.066781,0.059233,0.054459,0.048839,0.044479,0.038945,0.036775,0.031038,0.022811,0.019811,0.015746,0.0097454,0.0092722,0.0076384,0.0067995,0.0047875,0.0025261,0.0021097,0.0012626,0.00082452,0.00064974,0.00042343,0.00039948,0.00037838,0.00028664,0.00024465,0.00024382,0.00021361,0.00019312,0.00016242,0.00016008,0.00015906,0.00015348,0.00013908,0.00011796,0.0001082,0.000072298,0.000072243,0.000043935,0.000043644,0.000039171,0.000036513,0.000034891,0.000030073,0.00002574,0.000015601,0.00001451,0.00001147,0.0000040093,0.0000028834,0.0000025784,0.0000012787,0.0000011742,0.0000010679,0.00000051234,0.00000046083,0.00000033553,0.00000029471,0.0000002818,0.00000025844,0.00000014639,0.000000080609,0.000000075761,0.000000064479,0.000000048339,0.000000019916,0.000000019144,0.000000018,0.0000000037816,0.0000000012882,8.121E-10,6.6687E-10,3.8489E-10,2.9387E-10,2.5783E-10,1.5726E-10,6.0624E-11,3.5965E-11,3.2288E-11,2.8914E-11,2.8433E-11,2.225E-11,2.6264E-12,1.7882E-12,1.6425E-12,1.3396E-12,7.5413E-13,5.6734E-13,2.3597E-13,2.1083E-13,1.8058E-13,1.677E-13,1.3259E-13,9.2126E-14,7.7783E-14,6.7896E-14,4.2681E-14,3.6025E-14,2.1404E-14,1.8664E-14,1.2178E-14,1.0945E-14,9.3351E-15,9.2624E-15,8.2303E-15,5.8784E-15,2.8977E-15,2.8569E-15,1.5767E-15,1.1468E-15,8.6837E-16,1.881E-16,1.1503E-16,1.0955E-16,3.1797E-17,2.3824E-17,2.3086E-17,1.2153E-17,1.1959E-17,6.9785E-18,3.3664E-18,1.2341E-18,1.0467E-18,7.0564E-19,3.2029E-19,2.2726E-19,1.6691E-19,1.1974E-19,4.4807E-20,2.6829E-20,2.6692E-20,2.0462E-20,1.3687E-20,1.2838E-20,7.3419E-21,5.9031E-21,4.8549E-21,2.8518E-21,2.473E-21,1.8661E-21,1.3722E-21,7.6564E-22,4.5578E-22,7.3647E-23,5.9909E-23,4.7643E-23,3.1988E-23,1.8811E-23,1.7641E-23,8.0042E-24,7.6526E-24,6.0694E-24,4.5706E-24,3.0735E-24,2.3712E-26,1.6509E-26,1.3934E-26,1.0218E-26,9.0787E-27,6.342E-27,1.7065E-27,1.4277E-27,1.043E-27,7.2862E-28,5.7491E-28,1.8937E-28,1.726E-28,6.2825E-29,1.9356E-29,6.9931E-30,6.4077E-30,2.0583E-30,7.5111E-31,7.0715E-31,4.5466E-31,1.8172E-31,1.7803E-31,1.7008E-31,5.5078E-32,4.9467E-32,2.5703E-32,1.8607E-32,8.995E-33,7.3769E-33,2.8295E-33,2.3813E-33,8.8382E-34,6.7739E-34
1,0.31297,0.32335,0.3292,0.34977,0.37686,0.3775,0.38486,0.41518,0.48185,0.49462,0.49971,0.4999,0.51997,0.55593,0.56068,0.58551,0.66185,0.73417,0.74351,0.78595,0.80924,0.82731,0.83367,0.85639,0.85774,0.87818,0.90617,0.9282,0.93673,0.96905,0.97013,0.98789,0.99453,0.99584,0.99944,1,1,0.99985,0.96275,0.86708,0.83755,0.8366,0.8365,0.80191,0.74106,0.73176,0.72543,0.62141,0.60929,0.60279,0.49698,0.41572,0.3686,0.33879,0.30455,0.19694,0.16622,0.16277,0.12723,0.094668,0.082274,0.08223,0.066868,0.059312,0.054533,0.048906,0.044541,0.039001,0.036828,0.031084,0.022846,0.019842,0.015772,0.009762,0.0092881,0.0076517,0.0068115,0.0047962,0.002531,0.0021138,0.0012651,0.00082626,0.00065113,0.00042437,0.00040036,0.00037922,0.00028729,0.00024521,0.00024437,0.0002141,0.00019357,0.0001628,0.00016046,0.00015944,0.00015384,0.00013941,0.00011824,0.00010846,0.000072475,0.00007242,0.000044045,0.000043754,0.00003927,0.000036605,0.00003498,0.00003015,0.000025806,0.000015642,0.000014548,0.000011501,0.0000040205,0.0000028916,0.0000025857,0.0000012825,0.0000011777,0.000001071,0.00000051388,0.00000046222,0.00000033655,0.00000029562,0.00000028266,0.00000025923,0.00000014685,0.000000080866,0.000000076,0.000000064686,0.000000048496,0.00000002,0.000000019208,0.000000018,0.0000000037948,0.0000000012928,8.1504E-10,6.693E-10,3.8631E-10,2.9496E-10,2.5879E-10,1.5786E-10,6.0857E-11,3.6105E-11,3.2413E-11,2.9026E-11,2.8544E-11,2.2337E-11,2.6371E-12,1.7955E-12,1.6493E-12,1.3452E-12,7.5728E-13,5.6972E-13,2.3697E-13,2.1174E-13,1.8136E-13,1.6842E-13,1.3316E-13,9.2526E-14,7.8122E-14,6.8192E-14,4.2868E-14,3.6184E-14,2.1499E-14,1.8747E-14,1.2233E-14,1.0994E-14,9.3771E-15,9.3041E-15,8.2674E-15,5.905E-15,2.9109E-15,2.87E-15,1.584E-15,1.1521E-15,8.7242E-16,1.89E-16,1.1558E-16,1.1008E-16,3.1953E-17,2.3941E-17,2.3199E-17,1.2213E-17,1.2018E-17,7.0132E-18,3.3833E-18,1.2404E-18,1.052E-18,7.0925E-19,3.2195E-19,2.2844E-19,1.6778E-19,1.2036E-19,4.5044E-20,2.6972E-20,2.6834E-20,2.0571E-20,1.376E-20,1.2907E-20,7.3815E-21,5.9351E-21,4.8812E-21,2.8673E-21,2.4865E-21,1.8763E-21,1.3797E-21,7.6987E-22,4.5831E-22,7.4064E-23,6.0248E-23,4.7914E-23,3.217E-23,1.8919E-23,1.7742E-23,8.0504E-24,7.6968E-24,6.1045E-24,4.5971E-24,3.0914E-24,2.3856E-26,1.661E-26,1.4019E-26,1.028E-26,9.1344E-27,6.381E-27,1.7171E-27,1.4366E-27,1.0495E-27,7.3318E-28,5.7852E-28,1.9057E-28,1.7369E-28,6.3226E-29,1.948E-29,7.0385E-30,6.4494E-30,2.0718E-30,7.5607E-31,7.1181E-31,4.5767E-31,1.8293E-31,1.7922E-31,1.7122E-31,5.5449E-32,4.98E-32,2.5876E-32,1.8733E-32,9.0563E-33,7.4272E-33,2.849E-33,2.3976E-33,8.8993E-34,6.8208E-34
1,0.30473,0.31496,0.32071,0.341,0.36774,0.36838,0.37565,0.40564,0.47175,0.48444,0.4895,0.48968,0.50964,0.54546,0.55019,0.57497,0.65136,0.72408,0.7335,0.7764,0.80001,0.81836,0.82484,0.848,0.84937,0.87029,0.89906,0.92185,0.93071,0.96468,0.96583,0.98506,0.99256,0.99411,0.9987,0.99984,0.99985,1,0.96723,0.87504,0.84615,0.84522,0.84512,0.81112,0.75101,0.74179,0.73551,0.63196,0.61985,0.61335,0.50724,0.42536,0.37772,0.34753,0.31279,0.20318,0.17177,0.16824,0.13179,0.0983,0.085526,0.08548,0.06962,0.061809,0.056863,0.051036,0.046511,0.040763,0.038507,0.032538,0.023962,0.02083,0.01658,0.010292,0.0097947,0.0080779,0.0071955,0.0050763,0.0026877,0.0022467,0.001348,0.00088214,0.00069594,0.00045443,0.00042884,0.00040629,0.00030817,0.00026321,0.00026232,0.00022996,0.00020799,0.00017506,0.00017254,0.00017145,0.00016546,0.00015,0.00012731,0.00011682,0.000078187,0.000078128,0.000047609,0.000047296,0.000042467,0.000039596,0.000037844,0.000032638,0.000027952,0.000016975,0.000015792,0.000012494,0.0000043844,0.0000031569,0.000002824,0.000001404,0.0000012896,0.0000011732,0.00000056428,0.00000050772,0.00000037006,0.00000032518,0.000000311,0.00000028528,0.00000016189,0.000000089313,0.000000084,0.000000071491,0.000000053644,0.000000022162,0.000000021306,0.00000002,0.0000000042287,0.0000000014449,9.1208E-10,7.4938E-10,4.3316E-10,3.3097E-10,2.9049E-10,1.7742E-10,6.8566E-11,4.0732E-11,3.6577E-11,3.2764E-11,3.2221E-11,2.523E-11,2.9942E-12,2.0405E-12,1.8747E-12,1.5297E-12,8.6235E-13,6.492E-13,2.7058E-13,2.4182E-13,2.072E-13,1.9245E-13,1.5225E-13,1.0587E-13,8.9423E-14,7.808E-14,4.9135E-14,4.149E-14,2.468E-14,2.1527E-14,1.406E-14,1.264E-14,1.0784E-14,1.07E-14,9.5104E-15,6.7977E-15,3.3561E-15,3.309E-15,1.8286E-15,1.3309E-15,1.0084E-15,2.1915E-16,1.3415E-16,1.2778E-16,3.7183E-17,2.7876E-17,2.7013E-17,1.4239E-17,1.4012E-17,8.1857E-18,3.9545E-18,1.4526E-18,1.2324E-18,8.315E-19,3.78E-19,2.6839E-19,1.9723E-19,1.4158E-19,5.3082E-20,3.1814E-20,3.1652E-20,2.4277E-20,1.625E-20,1.5245E-20,8.7274E-21,7.02E-21,5.7755E-21,3.3959E-21,2.9456E-21,2.2239E-21,1.6362E-21,9.1392E-22,5.4456E-22,8.8282E-23,7.184E-23,5.7155E-23,3.8401E-23,2.2604E-23,2.12E-23,9.6323E-24,9.2099E-24,7.3074E-24,5.5057E-24,3.7048E-24,2.8818E-26,2.0076E-26,1.695E-26,1.2435E-26,1.1051E-26,7.7245E-27,2.0829E-27,1.7431E-27,1.2741E-27,8.9057E-28,7.0297E-28,2.3196E-28,2.1145E-28,7.709E-29,2.3794E-29,8.6104E-30,7.8908E-30,2.5391E-30,9.2801E-31,8.7376E-31,5.6216E-31,2.25E-31,2.2044E-31,2.1061E-31,6.8319E-32,6.1368E-32,3.1918E-32,2.3117E-32,1.1188E-32,9.1777E-33,3.5252E-33,2.9675E-33,1.103E-33,8.457E-34
1,0.19798,0.20577,0.21018,0.22586,0.24689,0.2474,0.25319,0.27738,0.33252,0.3434,0.34776,0.34792,0.36528,0.39707,0.40133,0.42387,0.49608,0.56916,0.57899,0.62497,0.65123,0.67219,0.67972,0.70722,0.70888,0.73469,0.77198,0.80346,0.81633,0.87066,0.87271,0.91104,0.93024,0.93493,0.95337,0.9626,0.96275,0.96723,1,0.96713,0.95012,0.94954,0.94948,0.92716,0.8831,0.8759,0.87094,0.78275,0.77172,0.76574,0.66277,0.57659,0.52376,0.48922,0.44843,0.31157,0.26971,0.26492,0.21434,0.16579,0.14663,0.14657,0.1222,0.10992,0.10205,0.092655,0.085267,0.075753,0.071976,0.061851,0.046914,0.041319,0.033584,0.021735,0.020773,0.017412,0.015659,0.011363,0.0063186,0.0053528,0.0033327,0.0022466,0.0018013,0.0012101,0.0011463,0.0010899,0.0008416,0.00072609,0.0007238,0.00063981,0.00058235,0.00049545,0.00048878,0.00048587,0.00046992,0.0004286,0.00036744,0.00033892,0.00023238,0.00023221,0.00014567,0.00014477,0.0001308,0.00012245,0.00011733,0.00010205,0.000088167,0.000055051,0.000051418,0.000041205,0.000015286,0.000011195,0.000010072,0.0000051868,0.0000047844,0.0000043728,0.0000021796,0.0000019711,0.0000014585,0.0000012895,0.0000012358,0.0000011383,0.00000066324,0.000000376,0.00000035443,0.000000304,0.00000023106,0.000000099247,0.000000095577,0.00000009,0.000000020319,0.0000000072551,0.0000000046653,0.0000000038633,0.000000002282,0.0000000017622,0.0000000015545,0.000000001,3.878E-10,2.3492E-10,2.118E-10,1.905E-10,1.8746E-10,1.4812E-10,1.8988E-11,1.3116E-11,1.2086E-11,9.933E-12,5.7123E-12,4.3427E-12,1.865E-12,1.6731E-12,1.4411E-12,1.3418E-12,1.0699E-12,7.5314E-13,6.3973E-13,5.6111E-13,3.5856E-13,3.0445E-13,1.8421E-13,1.614E-13,1.0688E-13,9.6411E-14,8.2679E-14,8.2056E-14,7.321E-14,5.2894E-14,2.6707E-14,2.6344E-14,1.4832E-14,1.0903E-14,8.3326E-15,1.8978E-15,1.1791E-15,1.1248E-15,3.3962E-16,2.568E-16,2.4908E-16,1.3379E-16,1.3172E-16,7.8167E-17,3.8567E-17,1.4579E-17,1.2427E-17,8.4786E-18,3.9409E-18,2.8251E-18,2.0939E-18,1.517E-18,5.8434E-19,3.5516E-19,3.5339E-19,2.7301E-19,1.8475E-19,1.7361E-19,1.009E-19,8.1632E-20,6.7513E-20,4.0262E-20,3.5056E-20,2.6665E-20,1.9778E-20,1.1218E-20,6.7752E-21,1.1513E-21,9.418E-22,7.5367E-22,5.1152E-22,3.0517E-22,2.8668E-22,1.3287E-22,1.2718E-22,1.015E-22,7.7013E-23,5.2337E-23,4.5813E-25,3.2191E-25,2.7287E-25,2.0167E-25,1.7972E-25,1.2669E-25,3.5225E-26,2.9601E-26,2.1795E-26,1.5361E-26,1.2191E-26,4.1266E-27,3.7697E-27,1.4063E-27,4.4575E-28,1.6502E-28,1.5152E-28,5E-29,1.8684E-29,1.7615E-29,1.1443E-29,4.6723E-30,4.5796E-30,4.3798E-30,1.4558E-30,1.3107E-30,6.9133E-31,5.0418E-31,2.4781E-31,2.0414E-31,8.002E-32,6.7605E-32,2.5656E-32,1.9781E-32
1,0.12023,0.12566,0.12875,0.13984,0.15495,0.15531,0.15952,0.17731,0.21912,0.22756,0.23097,0.23109,0.24477,0.27023,0.27368,0.29214,0.35324,0.41832,0.42733,0.4704,0.4957,0.51629,0.52377,0.55154,0.55323,0.57998,0.61987,0.65488,0.66959,0.73491,0.7375,0.78805,0.8154,0.82237,0.85122,0.86682,0.86708,0.87504,0.96713,1,0.99812,0.998,0.99799,0.99154,0.97159,0.96771,0.96495,0.90719,0.89905,0.89456,0.81038,0.73146,0.67971,0.64456,0.60172,0.44723,0.39642,0.3905,0.32634,0.26177,0.23537,0.23527,0.20081,0.18304,0.17147,0.1575,0.14636,0.13182,0.12597,0.11009,0.08601,0.076754,0.063702,0.042991,0.041262,0.035151,0.031916,0.023822,0.013914,0.011946,0.0077188,0.0053599,0.0043677,0.0030191,0.0028709,0.0027392,0.0021535,0.0018767,0.0018712,0.001668,0.0015278,0.0013139,0.0012973,0.0012901,0.0012506,0.0011475,0.00099373,0.00092141,0.00064718,0.00064675,0.00041769,0.00041526,0.00037752,0.00035485,0.00034091,0.00029902,0.00026062,0.00016732,0.0001569,0.00012736,0.000049956,0.000037211,0.00003367,0.000017962,0.000016638,0.000015279,0.0000078927,0.0000071741,0.0000053892,0.000004794,0.000004604,0.000004258,0.0000025475,0.000001484,0.0000014029,0.000001212,0.00000093318,0.00000041677,0.000000402,0.00000037956,0.000000091558,0.000000034167,0.000000022381,0.00000001868,0.000000011276,0.0000000088,0.0000000078026,0.000000005,0.0000000020574,0.000000001271,0.0000000011505,0.000000001,0.000000001,8.1581E-10,1.1297E-10,7.9105E-11,7.3111E-11,6.0516E-11,3.5504E-11,2.7258E-11,1.2062E-11,1.0863E-11,9.4054E-12,8.7795E-12,7.056E-12,5.0277E-12,4.2947E-12,3.784E-12,2.4554E-12,2.0966E-12,1.2903E-12,1.1356E-12,7.6246E-13,6.9018E-13,5.9492E-13,5.9059E-13,5.2892E-13,3.8628E-13,1.9947E-13,1.9685E-13,1.1292E-13,8.3837E-14,6.4629E-14,1.5428E-14,9.7293E-15,9.2946E-15,2.9122E-15,2.2209E-15,2.1562E-15,1.1802E-15,1.1625E-15,7.0081E-16,3.5315E-16,1.3739E-16,1.1766E-16,8.1177E-17,3.858E-17,2.7923E-17,2.0875E-17,1.5264E-17,6.0408E-18,3.7234E-18,3.7053E-18,2.8833E-18,1.9725E-18,1.8569E-18,1.0955E-18,8.9153E-19,7.4119E-19,4.4833E-19,3.9184E-19,3.0028E-19,2.2454E-19,1.2933E-19,7.9176E-20,1.4103E-20,1.1598E-20,9.3357E-21,6.4008E-21,3.8703E-21,3.6417E-21,1.7217E-21,1.6499E-21,1.3244E-21,1.012E-21,6.9459E-22,6.8434E-24,4.8503E-24,4.1279E-24,3.0733E-24,2.7465E-24,1.9524E-24,5.5982E-25,4.7239E-25,3.5036E-25,2.4899E-25,1.987E-25,6.8997E-26,6.3163E-26,2.4112E-26,7.8485E-27,2.9726E-27,2.7348E-27,9.2549E-28,3.536E-28,3.3381E-28,2.1896E-28,9.1209E-29,8.9439E-29,8.5623E-29,2.9162E-29,2.6317E-29,1.4078E-29,1.0338E-29,5.1605E-30,4.2692E-30,1.7078E-30,1.4481E-30,5.6112E-31,4.3504E-31
1,0.10577,0.11069,0.11349,0.12358,0.13737,0.13771,0.14156,0.15789,0.19653,0.20438,0.20755,0.20767,0.22041,0.24424,0.24748,0.26484,0.32271,0.38504,0.39373,0.43543,0.46008,0.48022,0.48755,0.51486,0.51653,0.54298,0.58267,0.61777,0.6326,0.69905,0.7017,0.75395,0.78259,0.78993,0.82054,0.83727,0.83755,0.84615,0.95012,0.99812,1,1,1,0.99762,0.98416,0.98119,0.97905,0.93034,0.92312,0.91911,0.84169,0.76638,0.71601,0.68143,0.6389,0.48252,0.43012,0.42398,0.35705,0.28888,0.26077,0.26066,0.22373,0.20456,0.19205,0.17689,0.16476,0.14887,0.14246,0.125,0.098345,0.088036,0.073429,0.050051,0.048085,0.041121,0.037422,0.02812,0.016617,0.014312,0.009329,0.0065239,0.0053367,0.0037139,0.0035348,0.0033755,0.002665,0.0023281,0.0023214,0.0020733,0.0019019,0.0016398,0.0016195,0.0016107,0.0015621,0.0014355,0.001246,0.0011568,0.00081718,0.00081664,0.00053106,0.00052802,0.00048075,0.0004523,0.00043481,0.00038214,0.00033377,0.0002157,0.00020246,0.00016484,0.000065517,0.000049,0.000044397,0.000023883,0.000022146,0.000020359,0.000010607,0.0000096525,0.000007277,0.0000064827,0.0000062289,0.0000057664,0.0000034716,0.0000020355,0.0000019255,0.0000016664,0.0000012869,0.0000005801,0.00000055984,0.00000052887,0.00000012959,0.000000048868,0.000000032153,0.000000026885,0.000000016314,0.000000012763,0.00000001133,0.0000000072224,0.000000003,0.0000000018788,0.0000000017023,0.0000000015389,0.0000000015155,0.000000001211,1.708E-10,1.1998E-10,1.1097E-10,9.2009E-11,5.4238E-11,4.1738E-11,1.8602E-11,1.6767E-11,1.4536E-11,1.3576E-11,1.0932E-11,7.8118E-12,6.6819E-12,5.8936E-12,3.8383E-12,3.2817E-12,2.0279E-12,1.7866E-12,1.2035E-12,1.0903E-12,9.4095E-13,9.3416E-13,8.3737E-13,6.1312E-13,3.183E-13,3.1415E-13,1.8101E-13,1.3471E-13,1.0406E-13,2.5119E-14,1.5897E-14,1.5192E-14,4.8019E-15,3.6694E-15,3.5633E-15,1.9592E-15,1.93E-15,1.1678E-15,5.9144E-16,2.3167E-16,1.9862E-16,1.374E-16,6.5646E-17,4.762E-17,3.5674E-17,2.6142E-17,1.0412E-17,6.4392E-18,6.4082E-18,4.9952E-18,3.4261E-18,3.2266E-18,1.9104E-18,1.5568E-18,1.2959E-18,7.8652E-19,6.8804E-19,5.282E-19,3.9573E-19,2.2876E-19,1.405E-19,2.5307E-20,2.0839E-20,1.6797E-20,1.1544E-20,7.0027E-21,6.5916E-21,3.1311E-21,3.0013E-21,2.4125E-21,1.8466E-21,1.2704E-21,1.2872E-23,9.1419E-24,7.7878E-24,5.8082E-24,5.1941E-24,3.6998E-24,1.0686E-24,9.0262E-25,6.7061E-25,4.7752E-25,3.8157E-25,1.333E-25,1.2209E-25,4.6863E-26,1.535E-26,5.8454E-27,5.3802E-27,1.8317E-27,7.0353E-28,6.6437E-28,4.3679E-28,1.8281E-28,1.7928E-28,1.7167E-28,5.8809E-29,5.31E-29,2.85E-29,2.0963E-29,1.0503E-29,8.6978E-30,3.4961E-30,2.967E-30,1.1554E-30,8.9698E-31
1,0.10534,0.11025,0.11305,0.12311,0.13686,0.13719,0.14103,0.15732,0.19586,0.20369,0.20686,0.20697,0.21969,0.24346,0.2467,0.26402,0.3218,0.38404,0.39272,0.43438,0.459,0.47912,0.48645,0.51374,0.51541,0.54185,0.58153,0.61663,0.63146,0.69793,0.70058,0.75288,0.78155,0.7889,0.81956,0.83632,0.8366,0.84522,0.94954,0.998,1,1,1,0.99775,0.98449,0.98155,0.97943,0.931,0.92381,0.91982,0.84262,0.76743,0.71712,0.68255,0.64004,0.48362,0.43117,0.42503,0.35801,0.28974,0.26157,0.26147,0.22446,0.20525,0.19271,0.17751,0.16535,0.14941,0.14299,0.12548,0.098746,0.088403,0.073746,0.050282,0.04831,0.041318,0.037604,0.028262,0.016707,0.014391,0.009383,0.0065631,0.0053694,0.0037375,0.0035573,0.0033971,0.0026824,0.0023435,0.0023367,0.0020871,0.0019147,0.001651,0.0016305,0.0016216,0.0015727,0.0014453,0.0012547,0.0011649,0.00082302,0.00082248,0.00053497,0.0005319,0.00048431,0.00045566,0.00043805,0.00038501,0.0003363,0.00021738,0.00020405,0.00016615,0.000066063,0.000049414,0.000044773,0.000024092,0.00002234,0.000020538,0.000010703,0.0000097405,0.0000073442,0.0000065428,0.0000062867,0.0000058201,0.0000035046,0.0000020553,0.0000019442,0.0000016827,0.0000012997,0.000000586,0.00000056554,0.00000053426,0.000000131,0.000000049406,0.000000032512,0.000000027187,0.000000016499,0.000000012909,0.00000001146,0.0000000073063,0.0000000030632,0.0000000019014,0.0000000017229,0.0000000015575,0.0000000015338,0.0000000012258,1.7298E-10,1.2152E-10,1.124E-10,9.3198E-11,5.4946E-11,4.2287E-11,1.885E-11,1.6992E-11,1.4731E-11,1.3759E-11,1.1079E-11,7.918E-12,6.773E-12,5.9742E-12,3.8912E-12,3.3271E-12,2.0562E-12,1.8116E-12,1.2205E-12,1.1057E-12,9.5427E-13,9.4738E-13,8.4924E-13,6.2186E-13,3.2289E-13,3.1868E-13,1.8365E-13,1.3668E-13,1.0559E-13,2.5497E-14,1.6138E-14,1.5422E-14,4.876E-15,3.7263E-15,3.6186E-15,1.9899E-15,1.9602E-15,1.1862E-15,6.0086E-16,2.3541E-16,2.0184E-16,1.3963E-16,6.6724E-17,4.8406E-17,3.6264E-17,2.6576E-17,1.0588E-17,6.5483E-18,6.5168E-18,5.0801E-18,3.4846E-18,3.2817E-18,1.9432E-18,1.5837E-18,1.3183E-18,8.002E-19,7.0002E-19,5.3743E-19,4.0267E-19,2.3279E-19,1.43E-19,2.5765E-20,2.1216E-20,1.7102E-20,1.1755E-20,7.1312E-21,6.7127E-21,3.1891E-21,3.0569E-21,2.4573E-21,1.881E-21,1.2941E-21,1.3124E-23,9.3215E-24,7.941E-24,5.9228E-24,5.2966E-24,3.7731E-24,1.09E-24,9.2073E-25,6.841E-25,4.8716E-25,3.8929E-25,1.3602E-25,1.2458E-25,4.7828E-26,1.567E-26,5.968E-27,5.4931E-27,1.8705E-27,7.1854E-28,6.7855E-28,4.4614E-28,1.8675E-28,1.8315E-28,1.7538E-28,6.0089E-29,5.4257E-29,2.9124E-29,2.1423E-29,1.0735E-29,8.8899E-30,3.5738E-30,3.033E-30,1.1813E-30,9.1712E-31
1,0.1053,0.1102,0.113,0.12306,0.1368,0.13714,0.14097,0.15726,0.19579,0.20362,0.20678,0.2069,0.21961,0.24338,0.24661,0.26393,0.3217,0.38393,0.39261,0.43426,0.45888,0.479,0.48633,0.51362,0.51529,0.54172,0.58141,0.6165,0.63133,0.69781,0.70046,0.75277,0.78144,0.78879,0.81946,0.83622,0.8365,0.84512,0.94948,0.99799,1,1,1,0.99776,0.98452,0.98159,0.97947,0.93108,0.92389,0.9199,0.84272,0.76755,0.71723,0.68267,0.64017,0.48374,0.43129,0.42514,0.35812,0.28984,0.26166,0.26156,0.22454,0.20533,0.19278,0.17758,0.16542,0.14947,0.14305,0.12553,0.098789,0.088443,0.073781,0.050307,0.048334,0.041339,0.037623,0.028278,0.016717,0.0144,0.0093889,0.0065673,0.005373,0.00374,0.0035597,0.0033994,0.0026843,0.0023451,0.0023384,0.0020886,0.0019161,0.0016522,0.0016317,0.0016228,0.0015739,0.0014464,0.0012556,0.0011657,0.00082365,0.00082311,0.00053539,0.00053233,0.0004847,0.00045603,0.0004384,0.00038532,0.00033657,0.00021757,0.00020422,0.00016629,0.000066122,0.000049459,0.000044814,0.000024115,0.000022361,0.000020558,0.000010713,0.0000097501,0.0000073515,0.0000065494,0.000006293,0.0000058259,0.0000035082,0.0000020574,0.0000019463,0.0000016845,0.000001301,0.00000058664,0.00000056616,0.00000053485,0.00000013113,0.000000049465,0.000000032551,0.00000002722,0.000000016519,0.000000012925,0.000000011474,0.0000000073155,0.0000000030671,0.0000000019038,0.0000000017251,0.0000000015596,0.0000000015358,0.0000000012274,1.7322E-10,1.2169E-10,1.1255E-10,9.3327E-11,5.5024E-11,4.2346E-11,1.8877E-11,1.7016E-11,1.4752E-11,1.3779E-11,1.1095E-11,7.9296E-12,6.783E-12,5.983E-12,3.897E-12,3.3321E-12,2.0593E-12,1.8143E-12,1.2223E-12,1.1074E-12,9.5572E-13,9.4882E-13,8.5054E-13,6.2282E-13,3.2339E-13,3.1917E-13,1.8394E-13,1.3689E-13,1.0576E-13,2.5538E-14,1.6164E-14,1.5447E-14,4.8841E-15,3.7325E-15,3.6246E-15,1.9932E-15,1.9635E-15,1.1883E-15,6.0189E-16,2.3582E-16,2.0219E-16,1.3988E-16,6.6842E-17,4.8492E-17,3.6329E-17,2.6624E-17,1.0607E-17,6.5602E-18,6.5287E-18,5.0894E-18,3.491E-18,3.2877E-18,1.9468E-18,1.5866E-18,1.3208E-18,8.0169E-19,7.0133E-19,5.3844E-19,4.0343E-19,2.3324E-19,1.4327E-19,2.5815E-20,2.1258E-20,1.7136E-20,1.1778E-20,7.1453E-21,6.7259E-21,3.1954E-21,3.063E-21,2.4622E-21,1.8848E-21,1.2967E-21,1.3152E-23,9.3411E-24,7.9578E-24,5.9353E-24,5.3079E-24,3.7811E-24,1.0924E-24,9.2271E-25,6.8558E-25,4.8821E-25,3.9013E-25,1.3632E-25,1.2486E-25,4.7934E-26,1.5705E-26,5.9814E-27,5.5055E-27,1.8747E-27,7.2018E-28,6.8011E-28,4.4717E-28,1.8719E-28,1.8357E-28,1.7578E-28,6.0229E-29,5.4383E-29,2.9192E-29,2.1474E-29,1.076E-29,8.911E-30,3.5823E-30,3.0403E-30,1.1841E-30,9.1933E-31
1,0.091154,0.095537,0.098039,0.10706,0.11944,0.11974,0.1232,0.13795,0.17311,0.1803,0.18321,0.18331,0.19501,0.21699,0.21999,0.23609,0.2902,0.34919,0.35747,0.39741,0.42116,0.44066,0.44777,0.47437,0.476,0.5019,0.54105,0.57594,0.59076,0.65782,0.66052,0.71414,0.74389,0.75157,0.78381,0.80161,0.80191,0.81112,0.92716,0.99154,0.99762,0.99775,0.99776,1,0.994,0.99211,0.99069,0.95279,0.9467,0.94329,0.87441,0.80404,0.75576,0.72217,0.68041,0.5232,0.46934,0.463,0.39329,0.32131,0.29132,0.29121,0.25151,0.23078,0.21719,0.20066,0.18739,0.16993,0.16287,0.14355,0.11383,0.10226,0.08577,0.05912,0.056863,0.048838,0.044559,0.033736,0.020199,0.017459,0.011494,0.0081015,0.006656,0.0046674,0.0044468,0.0042505,0.0033719,0.0029536,0.0029452,0.0026364,0.0024225,0.0020947,0.0020692,0.0020582,0.0019972,0.0018383,0.0016,0.0014875,0.0010576,0.0010569,0.00069266,0.00068876,0.00062814,0.00059161,0.00056912,0.00050131,0.00043888,0.00028575,0.0002685,0.00021935,0.00008849,0.000066481,0.000060328,0.000032761,0.000030412,0.000027992,0.000014723,0.000013417,0.000010156,0.0000090624,0.0000087124,0.0000080742,0.0000048955,0.0000028913,0.0000027371,0.0000023734,0.0000018393,0.00000083774,0.00000080884,0.00000076466,0.0000001907,0.000000072764,0.000000048113,0.000000040315,0.000000024605,0.000000019304,0.00000001716,0.000000011,0.0000000046532,0.000000002903,0.0000000026332,0.0000000023831,0.0000000023472,0.0000000018802,2.7071E-10,1.9085E-10,1.7666E-10,1.4675E-10,8.6969E-11,6.7102E-11,3.0146E-11,2.7201E-11,2.3613E-11,2.207E-11,1.7808E-11,1.2767E-11,1.0937E-11,9.6584E-12,6.316E-12,5.4082E-12,3.3571E-12,2.9612E-12,2.0021E-12,1.8155E-12,1.5689E-12,1.5577E-12,1.3977E-12,1.0264E-12,5.3604E-13,5.2911E-13,3.064E-13,2.2863E-13,1.7702E-13,4.3269E-14,2.7492E-14,2.6284E-14,8.3904E-15,6.4262E-15,6.2419E-15,3.4494E-15,3.3983E-15,2.065E-15,1.0517E-15,4.1513E-16,3.5636E-16,2.4725E-16,1.1883E-16,8.6424E-17,6.4891E-17,4.7669E-17,1.9125E-17,1.1871E-17,1.1815E-17,9.2274E-18,6.3473E-18,5.9804E-18,3.5551E-18,2.9017E-18,2.4188E-18,1.4736E-18,1.2904E-18,9.9258E-19,7.4526E-19,4.3258E-19,2.6665E-19,4.8637E-20,4.0105E-20,3.2378E-20,2.2313E-20,1.3583E-20,1.2792E-20,6.1086E-21,5.8572E-21,4.7152E-21,3.6161E-21,2.4942E-21,2.6085E-23,1.8568E-23,1.5834E-23,1.1833E-23,1.0589E-23,7.5599E-24,2.2015E-24,1.8616E-24,1.3858E-24,9.8897E-25,7.9141E-25,2.7837E-25,2.551E-25,9.8521E-26,3.2502E-26,1.2452E-26,1.1467E-26,3.9303E-27,1.5186E-27,1.4346E-27,9.4558E-28,3.9788E-28,3.9024E-28,3.7378E-28,1.2888E-28,1.1644E-28,6.2731E-29,4.6228E-29,2.3257E-29,1.9281E-29,7.7922E-30,6.6194E-30,2.5921E-30,2.0153E-30
1,0.071267,0.074871,0.076933,0.084393,0.094693,0.094944,0.097841,0.11023,0.14012,0.14628,0.14878,0.14887,0.15897,0.17805,0.18067,0.19477,0.24274,0.29603,0.30359,0.34033,0.3624,0.38062,0.3873,0.4124,0.41395,0.4386,0.47623,0.51017,0.5247,0.59141,0.59413,0.64874,0.67959,0.68762,0.72168,0.74074,0.74106,0.75101,0.8831,0.97159,0.98416,0.98449,0.98452,0.994,1,0.99987,0.99963,0.97994,0.97582,0.97345,0.91999,0.85927,0.81551,0.78427,0.74468,0.58923,0.53392,0.52734,0.45413,0.37679,0.34401,0.34389,0.29998,0.2768,0.26151,0.24279,0.22768,0.20766,0.19952,0.17711,0.14223,0.12848,0.10872,0.076283,0.073502,0.063565,0.058231,0.044618,0.027278,0.023712,0.015857,0.011319,0.0093636,0.0066459,0.006342,0.0060711,0.004853,0.0042692,0.0042574,0.0038245,0.0035238,0.0030608,0.0030248,0.0030091,0.0029228,0.0026971,0.0023576,0.0021967,0.0015778,0.0015769,0.0010462,0.0010405,0.00095145,0.00089765,0.00086448,0.00076421,0.00067154,0.00044243,0.00041642,0.00034205,0.00014129,0.00010692,0.000097256,0.00005361,0.000049856,0.000045981,0.000024555,0.000022425,0.000017083,0.000015283,0.000014706,0.000013653,0.000008371,0.0000050014,0.0000047403,0.0000041231,0.0000032128,0.0000014877,0.0000014375,0.0000013605,0.000000349,0.00000013566,0.00000009041,0.000000076,0.00000004682,0.000000036898,0.000000032871,0.000000021232,0.0000000091254,0.0000000057407,0.0000000052161,0.0000000047287,0.0000000046588,0.0000000037462,5.5734E-10,3.952E-10,3.6627E-10,3.0519E-10,1.8241E-10,1.4132E-10,6.4303E-11,5.8115E-11,5.0563E-11,4.7308E-11,3.8301E-11,2.7601E-11,2.3701E-11,2.0971E-11,1.3803E-11,1.1847E-11,7.4075E-12,6.5462E-12,4.4521E-12,4.043E-12,3.5015E-12,3.4769E-12,3.1248E-12,2.3051E-12,1.2154E-12,1.1999E-12,7.0039E-13,5.2482E-13,4.0784E-13,1.017E-13,6.5027E-14,6.2206E-14,2.0172E-14,1.5506E-14,1.5067E-14,8.3932E-15,8.2707E-15,5.0592E-15,2.5999E-15,1.0388E-15,8.9354E-16,6.229E-16,3.0222E-16,2.2069E-16,1.6631E-16,1.2265E-16,4.9776E-17,3.1082E-17,3.0935E-17,2.4235E-17,1.6748E-17,1.5791E-17,9.4473E-18,7.7303E-18,6.458E-18,3.9581E-18,3.4716E-18,2.6789E-18,2.0183E-18,1.1792E-18,7.3106E-19,1.3604E-19,1.1243E-19,9.0988E-20,6.2974E-20,3.8557E-20,3.6334E-20,1.7498E-20,1.6786E-20,1.3547E-20,1.042E-20,7.2176E-21,7.9365E-23,5.6701E-23,4.8437E-23,3.6308E-23,3.2532E-23,2.3309E-23,6.8768E-24,5.8252E-24,4.3498E-24,3.1152E-24,2.4987E-24,8.8844E-25,8.1492E-25,3.1781E-25,1.0604E-25,4.1019E-26,3.7806E-26,1.3097E-26,5.1083E-27,4.8284E-27,3.1957E-27,1.3561E-27,1.3304E-27,1.2748E-27,4.4412E-28,4.0165E-28,2.1768E-28,1.6088E-28,8.1475E-29,6.7668E-29,2.7583E-29,2.3468E-29,9.2714E-30,7.2255E-30
1,0.068661,0.072158,0.074159,0.081405,0.091417,0.091662,0.09448,0.10654,0.13568,0.1417,0.14415,0.14423,0.1541,0.17277,0.17533,0.18914,0.2362,0.28863,0.29608,0.33231,0.35411,0.37212,0.37873,0.40358,0.40511,0.42954,0.46689,0.50063,0.5151,0.58163,0.58434,0.63899,0.66993,0.67798,0.71223,0.73144,0.73176,0.74179,0.8759,0.96771,0.98119,0.98155,0.98159,0.99211,0.99987,1,0.99994,0.98301,0.97918,0.97697,0.92596,0.86683,0.82385,0.79305,0.75387,0.59902,0.5436,0.53699,0.46338,0.38534,0.35218,0.35206,0.30756,0.28402,0.26848,0.24944,0.23406,0.21366,0.20536,0.18249,0.14682,0.13274,0.11247,0.07912,0.076255,0.066013,0.06051,0.046446,0.028483,0.02478,0.01661,0.011878,0.0098362,0.0069938,0.0066755,0.0063918,0.005115,0.0045026,0.0044902,0.0040358,0.0037199,0.0032334,0.0031955,0.003179,0.0030882,0.0028509,0.0024935,0.0023241,0.0016719,0.0016708,0.0011106,0.0011046,0.0010104,0.00095351,0.00091843,0.00081233,0.00071422,0.00047137,0.00044376,0.00036481,0.00015121,0.00011455,0.00010423,0.000057584,0.000053565,0.000049417,0.000026448,0.000024162,0.000018424,0.000016489,0.000015869,0.000014735,0.0000090499,0.0000054162,0.0000051343,0.0000044679,0.0000034842,0.0000016174,0.0000015629,0.0000014795,0.000000381,0.00000014854,0.000000099109,0.000000083364,0.00000005142,0.000000040549,0.000000036136,0.000000023369,0.000000010067,0.0000000063404,0.0000000057625,0.0000000052255,0.0000000051483,0.0000000041422,6.1924E-10,4.3946E-10,4.0737E-10,3.3958E-10,2.0322E-10,1.5755E-10,7.1818E-11,6.4922E-11,5.6504E-11,5.2874E-11,4.2829E-11,3.0888E-11,2.6533E-11,2.3483E-11,1.5471E-11,1.3284E-11,8.3145E-12,7.3498E-12,5.003E-12,4.5442E-12,3.9369E-12,3.9092E-12,3.5142E-12,2.5941E-12,1.3697E-12,1.3523E-12,7.9025E-13,5.9252E-13,4.607E-13,1.1522E-13,7.374E-14,7.0548E-14,2.293E-14,1.7635E-14,1.7137E-14,9.5577E-15,9.4184E-15,5.7669E-15,2.9675E-15,1.1878E-15,1.022E-15,7.1296E-16,3.4639E-16,2.531E-16,1.9084E-16,1.4082E-16,5.7246E-17,3.5778E-17,3.5609E-17,2.7909E-17,1.93E-17,1.82E-17,1.0898E-17,8.9209E-18,7.4551E-18,4.5733E-18,4.0121E-18,3.0974E-18,2.3348E-18,1.3654E-18,8.4723E-19,1.5812E-19,1.3072E-19,1.0583E-19,7.3294E-20,4.4913E-20,4.2328E-20,2.041E-20,1.9581E-20,1.5808E-20,1.2165E-20,8.4313E-21,9.3399E-23,6.6763E-23,5.7046E-23,4.2782E-23,3.8339E-23,2.7484E-23,8.1242E-24,6.8837E-24,5.1425E-24,3.6848E-24,2.9566E-24,1.0529E-24,9.6592E-25,3.7725E-25,1.2607E-25,4.884E-26,4.502E-26,1.5621E-26,6.1011E-27,5.7673E-27,3.8195E-27,1.6228E-27,1.5921E-27,1.5256E-27,5.3232E-28,4.8148E-28,2.6118E-28,1.9311E-28,9.7893E-29,8.1325E-29,3.3192E-29,2.8247E-29,1.1174E-29,8.7111E-30
1,0.066943,0.070369,0.07233,0.079433,0.089254,0.089494,0.092259,0.1041,0.13274,0.13867,0.14107,0.14116,0.15087,0.16926,0.17178,0.18539,0.23185,0.28368,0.29106,0.32695,0.34856,0.36643,0.37299,0.39766,0.39918,0.42346,0.46061,0.49421,0.50863,0.57502,0.57773,0.63238,0.66337,0.67145,0.70581,0.7251,0.72543,0.73551,0.87094,0.96495,0.97905,0.97943,0.97947,0.99069,0.99963,0.99994,1,0.98494,0.98132,0.97922,0.92988,0.87186,0.82942,0.79892,0.76004,0.60564,0.55016,0.54354,0.46968,0.39117,0.35776,0.35764,0.31274,0.28897,0.27326,0.25401,0.23844,0.21779,0.20938,0.1862,0.14998,0.13567,0.11506,0.081085,0.078164,0.067711,0.062092,0.047717,0.029323,0.025525,0.017136,0.01227,0.010168,0.0072382,0.0069099,0.0066172,0.0052994,0.0046669,0.0046541,0.0041846,0.003858,0.003355,0.0033158,0.0032988,0.0032048,0.0029593,0.0025894,0.002414,0.0017384,0.0017373,0.0011562,0.0011499,0.0010522,0.00099309,0.00095666,0.00084645,0.00074449,0.00049192,0.00046319,0.00038099,0.00015829,0.00012,0.00010922,0.000060427,0.00005622,0.000051876,0.000027807,0.000025408,0.000019387,0.000017355,0.000016704,0.000015513,0.0000095383,0.0000057151,0.0000054184,0.0000047165,0.0000036801,0.0000017111,0.0000016536,0.0000015655,0.00000040432,0.00000015791,0.00000010544,0.000000088723,0.000000054775,0.000000043214,0.000000038519,0.00000002493,0.000000010756,0.0000000067801,0.0000000061631,0.0000000055897,0.0000000055073,0.0000000044328,6.6484E-10,4.7209E-10,4.3767E-10,3.6495E-10,2.1858E-10,1.6953E-10,7.7379E-11,6.996E-11,6.0902E-11,5.6996E-11,4.6183E-11,3.3324E-11,2.8633E-11,2.5346E-11,1.671E-11,1.435E-11,8.9885E-12,7.9471E-12,5.4127E-12,4.9171E-12,4.2609E-12,4.231E-12,3.8041E-12,2.8093E-12,1.4848E-12,1.4659E-12,8.5733E-13,6.4308E-13,5.002E-13,1.2534E-13,8.0271E-14,7.6801E-14,2.5001E-14,1.9235E-14,1.8693E-14,1.0434E-14,1.0282E-14,6.2998E-15,3.2446E-15,1.3003E-15,1.119E-15,7.81E-16,3.798E-16,2.7763E-16,2.094E-16,1.5458E-16,6.2912E-17,3.9342E-17,3.9158E-17,3.0699E-17,2.1239E-17,2.003E-17,1.2002E-17,9.8267E-18,8.2139E-18,5.0418E-18,4.4238E-18,3.4163E-18,2.5761E-18,1.5075E-18,9.3593E-19,1.7502E-19,1.4472E-19,1.172E-19,8.1201E-20,4.9787E-20,4.6924E-20,2.2645E-20,2.1726E-20,1.7544E-20,1.3505E-20,9.3641E-21,1.0425E-22,7.4548E-23,6.3709E-23,4.7793E-23,4.2835E-23,3.0718E-23,9.092E-24,7.7051E-24,5.7579E-24,4.1272E-24,3.3123E-24,1.1809E-24,1.0834E-24,4.2354E-25,1.417E-25,5.4949E-26,5.0655E-26,1.7595E-26,6.8785E-27,6.5025E-27,4.3081E-27,1.832E-27,1.7973E-27,1.7224E-27,6.0159E-28,5.4419E-28,2.9537E-28,2.1846E-28,1.1081E-28,9.2075E-29,3.7612E-29,3.2013E-29,1.2675E-29,9.8836E-30
1,0.04397,0.046394,0.047787,0.052858,0.059938,0.060112,0.06212,0.070777,0.092123,0.096601,0.098423,0.098488,0.10589,0.12004,0.122,0.13261,0.16953,0.2119,0.21803,0.24817,0.26658,0.28196,0.28763,0.30914,0.31048,0.33192,0.3652,0.39581,0.4091,0.47151,0.4741,0.52716,0.55797,0.56609,0.60109,0.62107,0.62141,0.63196,0.78275,0.90719,0.93034,0.931,0.93108,0.95279,0.97994,0.98301,0.98494,1,0.9998,0.99953,0.97879,0.94076,0.90879,0.88432,0.85172,0.71023,0.65556,0.64892,0.5731,0.48916,0.45237,0.45223,0.40175,0.37453,0.35634,0.33383,0.31544,0.29077,0.28064,0.25242,0.20742,0.18929,0.16281,0.11802,0.11409,0.09992,0.092221,0.072232,0.045882,0.040302,0.02774,0.020264,0.016976,0.012319,0.011791,0.011318,0.0091746,0.0081346,0.0081136,0.0073362,0.0067926,0.0059499,0.005884,0.0058553,0.0056971,0.0052821,0.0046534,0.0043535,0.0031864,0.0031845,0.0021613,0.0021501,0.0019756,0.0018697,0.0018043,0.0016055,0.0014205,0.00095639,0.00090294,0.00074913,0.00032316,0.0002478,0.00022641,0.00012828,0.00011969,0.00011079,0.000060832,0.000055775,0.000042993,0.000038647,0.000037249,0.00003469,0.000021712,0.00001325,0.000012586,0.00001101,0.0000086652,0.0000041363,0.0000040019,0.0000037957,0.0000010249,0.00000041238,0.00000027882,0.00000023585,0.00000014775,0.0000001174,0.000000105,0.000000068845,0.000000030437,0.000000019441,0.00000001772,0.000000016116,0.000000015885,0.000000012864,0.000000002,0.0000000014565,0.000000001353,0.0000000011336,6.8818E-10,5.3729E-10,2.5024E-10,2.2683E-10,1.9816E-10,1.8576E-10,1.5132E-10,1.1009E-10,9.4951E-11,8.4307E-11,5.616E-11,4.8411E-11,3.0673E-11,2.7201E-11,1.87E-11,1.7027E-11,1.4806E-11,1.4705E-11,1.3255E-11,9.86E-12,5.2906E-12,5.2251E-12,3.0946E-12,2.3369E-12,1.8283E-12,4.7287E-13,3.0589E-13,2.9295E-13,9.7774E-14,7.5659E-14,7.3572E-14,4.159E-14,4.0998E-14,2.5388E-14,1.3263E-14,5.4192E-15,4.6783E-15,3.2899E-15,1.624E-15,1.1948E-15,9.0645E-16,6.7331E-16,2.7907E-16,1.7617E-16,1.7536E-16,1.3815E-16,9.6286E-17,9.0909E-17,5.5029E-17,4.5233E-17,3.7942E-17,2.3513E-17,2.0684E-17,1.6054E-17,1.2172E-17,7.1967E-18,4.5092E-18,8.7042E-19,7.2231E-19,5.8725E-19,4.0966E-19,2.5346E-19,2.3915E-19,1.1697E-19,1.1231E-19,9.1046E-20,7.0421E-20,4.9153E-20,5.9263E-22,4.2624E-22,3.6525E-22,2.7537E-22,2.4726E-22,1.7833E-22,5.3887E-23,4.5795E-23,3.439E-23,2.4789E-23,1.9968E-23,7.2425E-24,6.6541E-24,2.642E-24,8.9991E-25,3.5436E-25,3.271E-25,1.1557E-25,4.586E-26,4.3392E-26,2.8937E-26,1.2472E-26,1.2239E-26,1.1737E-26,4.1675E-27,3.7757E-27,2.0688E-27,1.5373E-27,7.8798E-28,6.566E-28,2.7191E-28,2.32E-28,9.3155E-29,7.2914E-29
1,0.04182,0.044144,0.04548,0.050348,0.057152,0.057319,0.05925,0.067583,0.088172,0.092498,0.09426,0.094323,0.10148,0.11518,0.11708,0.12737,0.16323,0.20453,0.21051,0.23998,0.25801,0.27308,0.27865,0.29976,0.30108,0.32215,0.35492,0.38511,0.39824,0.46,0.46258,0.51528,0.54595,0.55404,0.58897,0.60895,0.60929,0.61985,0.77172,0.89905,0.92312,0.92381,0.92389,0.9467,0.97582,0.97918,0.98132,0.9998,1,0.99994,0.98265,0.94716,0.91658,0.89295,0.86125,0.72192,0.66758,0.66096,0.58519,0.50089,0.4638,0.46366,0.41266,0.38509,0.36664,0.34379,0.3251,0.29999,0.28966,0.26087,0.21486,0.19628,0.16909,0.12297,0.11892,0.10428,0.096314,0.075603,0.048206,0.042386,0.029259,0.021423,0.017969,0.013069,0.012512,0.012014,0.0097517,0.0086531,0.0086309,0.0078089,0.0072338,0.0063417,0.0062719,0.0062415,0.0060738,0.005634,0.0049672,0.004649,0.003409,0.003407,0.0023175,0.0023056,0.0021195,0.0020065,0.0019367,0.0017245,0.0015268,0.0010302,0.00097289,0.00080796,0.00035004,0.00026876,0.00024567,0.00013957,0.00013027,0.00012063,0.000066417,0.00006092,0.000047013,0.000042281,0.000040758,0.00003797,0.000023814,0.000014564,0.000013836,0.00001211,0.0000095408,0.000004568,0.0000044201,0.0000041934,0.0000011381,0.00000045947,0.00000031111,0.00000026332,0.00000016524,0.0000001314,0.00000011758,0.0000000772,0.000000034227,0.000000021895,0.00000002,0.000000018161,0.000000017902,0.000000014508,0.0000000023059,0.0000000016541,0.000000001537,0.0000000012885,7.834E-10,6.1209E-10,2.8574E-10,2.5908E-10,2.2643E-10,2.123E-10,1.7305E-10,1.2602E-10,1.0873E-10,9.6578E-11,6.441E-11,5.5548E-11,3.5241E-11,3.1263E-11,2.1515E-11,1.9596E-11,1.7046E-11,1.693E-11,1.5265E-11,1.1365E-11,6.1087E-12,6.0332E-12,3.5784E-12,2.7043E-12,2.1171E-12,5.4958E-13,3.5591E-13,3.4091E-13,1.141E-13,8.8353E-14,8.5922E-14,4.8643E-14,4.7952E-14,2.973E-14,1.5556E-14,6.3706E-15,5.5016E-15,3.8722E-15,1.9148E-15,1.4098E-15,1.0702E-15,7.9553E-16,3.3042E-16,2.0881E-16,2.0785E-16,1.6384E-16,1.1429E-16,1.0792E-16,6.5401E-17,5.3783E-17,4.5133E-17,2.8E-17,2.4638E-17,1.9134E-17,1.4516E-17,8.593E-18,5.3897E-18,1.0442E-18,8.6685E-19,7.0509E-19,4.9225E-19,3.0488E-19,2.877E-19,1.4093E-19,1.3533E-19,1.0976E-19,8.4938E-20,5.9332E-20,7.2192E-22,5.1957E-22,4.4537E-22,3.3596E-22,3.0173E-22,2.1776E-22,6.5958E-23,5.6071E-23,4.2131E-23,3.0389E-23,2.4489E-23,8.8997E-24,8.178E-24,3.2528E-24,1.1103E-24,4.3796E-25,4.0433E-25,1.4313E-25,5.6896E-26,5.3839E-26,3.593E-26,1.551E-26,1.5222E-26,1.4598E-26,5.1931E-27,4.7058E-27,2.5812E-27,1.9191E-27,9.8485E-28,8.2091E-28,3.4049E-28,2.906E-28,1.1687E-28,9.1516E-29
1,0.040702,0.042975,0.044281,0.049042,0.055701,0.055865,0.057755,0.065918,0.086108,0.090354,0.092083,0.092145,0.099171,0.11264,0.1145,0.12462,0.15993,0.20065,0.20655,0.23566,0.25348,0.26839,0.2739,0.2948,0.2961,0.31697,0.34946,0.37943,0.39246,0.45387,0.45643,0.50892,0.53951,0.54759,0.58248,0.60245,0.60279,0.61335,0.76574,0.89456,0.91911,0.91982,0.9199,0.94329,0.97345,0.97697,0.97922,0.99953,0.99994,1,0.98456,0.95046,0.92064,0.89747,0.86626,0.72816,0.67401,0.6674,0.59169,0.50721,0.46998,0.46984,0.41856,0.39082,0.37224,0.3492,0.33035,0.30501,0.29458,0.26548,0.21892,0.20011,0.17254,0.12569,0.12157,0.10668,0.098569,0.077463,0.049493,0.043542,0.030103,0.022068,0.018523,0.013487,0.012915,0.012402,0.010075,0.0089433,0.0089205,0.0080737,0.0074811,0.0065614,0.0064894,0.006458,0.0062851,0.0058315,0.0051435,0.0048151,0.0035343,0.0035323,0.0024056,0.0023933,0.0022007,0.0020837,0.0020114,0.0017916,0.0015868,0.0010719,0.0010125,0.00084128,0.00036532,0.00028069,0.00025664,0.00014601,0.0001363,0.00012624,0.000069612,0.000063864,0.000049316,0.000044363,0.000042769,0.00003985,0.00002502,0.000015319,0.000014556,0.000012743,0.000010045,0.0000048172,0.0000046616,0.000004423,0.0000012037,0.00000048685,0.0000003299,0.00000027932,0.00000017544,0.00000013957,0.00000012491,0.000000082081,0.000000036446,0.000000023334,0.000000021278,0.000000019361,0.000000019085,0.000000015472,0.0000000024671,0.0000000017708,0.0000000016455,0.0000000013799,8.3968E-10,6.5633E-10,3.0677E-10,2.782E-10,2.4319E-10,2.2804E-10,1.8594E-10,1.3547E-10,1.1692E-10,1.0387E-10,6.9316E-11,5.9792E-11,3.7961E-11,3.3682E-11,2.3194E-11,2.1127E-11,1.8382E-11,1.8257E-11,1.6464E-11,1.2263E-11,6.5977E-12,6.5163E-12,3.8679E-12,2.9243E-12,2.2902E-12,5.9566E-13,3.86E-13,3.6974E-13,1.2394E-13,9.6008E-14,9.337E-14,5.29E-14,5.215E-14,3.2354E-14,1.6944E-14,6.9472E-15,6.0008E-15,4.2254E-15,2.0914E-15,1.5404E-15,1.1698E-15,8.6989E-16,3.6171E-16,2.2872E-16,2.2767E-16,1.7952E-16,1.2528E-16,1.1831E-16,7.1741E-17,5.9011E-17,4.9531E-17,3.0746E-17,2.7059E-17,2.102E-17,1.5953E-17,9.4494E-18,5.9302E-18,1.1511E-18,9.5586E-19,7.7767E-19,5.4315E-19,3.3659E-19,3.1765E-19,1.5573E-19,1.4954E-19,1.2132E-19,9.3913E-20,6.5628E-20,8.0244E-22,5.7773E-22,4.9531E-22,3.7374E-22,3.3571E-22,2.4236E-22,7.3505E-23,6.2497E-23,4.6974E-23,3.3893E-23,2.7319E-23,9.9388E-24,9.1337E-24,3.6364E-24,1.2425E-24,4.9061E-25,4.5297E-25,1.6052E-25,6.3866E-26,6.0438E-26,4.0351E-26,1.7433E-26,1.7109E-26,1.6408E-26,5.843E-27,5.2952E-27,2.9063E-27,2.1614E-27,1.1099E-27,9.2531E-28,3.8411E-28,3.2788E-28,1.3198E-28,1.0337E-28
1,0.025647,0.027182,0.028067,0.031312,0.035893,0.036007,0.037316,0.043013,0.057365,0.060426,0.061677,0.061721,0.066826,0.076708,0.078087,0.085603,0.11233,0.14401,0.14867,0.1719,0.18632,0.1985,0.20303,0.22031,0.2214,0.23886,0.26642,0.29223,0.30358,0.35801,0.36031,0.40819,0.43666,0.44426,0.4774,0.49665,0.49698,0.50724,0.66277,0.81038,0.84169,0.84262,0.84272,0.87441,0.91999,0.92596,0.92988,0.97879,0.98265,0.98456,1,0.98991,0.97383,0.95917,0.93743,0.82506,0.77616,0.77005,0.69794,0.61332,0.57472,0.57458,0.52012,0.49003,0.46963,0.44405,0.42289,0.39409,0.38213,0.34837,0.29312,0.27034,0.23644,0.17724,0.17192,0.15254,0.14187,0.11366,0.075095,0.066671,0.047273,0.035364,0.030013,0.022283,0.021392,0.020593,0.016934,0.015136,0.0151,0.013745,0.012791,0.011301,0.011184,0.011133,0.010851,0.01011,0.0089784,0.0084351,0.0062943,0.0062908,0.00437,0.0043488,0.0040158,0.0038129,0.0036871,0.0033032,0.0029432,0.0020262,0.0019191,0.0016086,0.00072558,0.00056399,0.00051768,0.00030171,0.00028246,0.00026244,0.00014829,0.00013651,0.00010651,0.000096214,0.00009289,0.000086791,0.000055485,0.000034608,0.000032947,0.000028988,0.000023052,0.000011353,0.000010999,0.000010455,0.0000029765,0.0000012407,0.0000008514,0.00000072473,0.000000462,0.00000037021,0.00000033248,0.00000022134,0.00000010075,0.000000065367,0.000000059772,0.00000005454,0.000000053785,0.000000043874,0.0000000073742,0.0000000053421,0.000000005,0.0000000041919,0.0000000025858,0.000000002,0.000000001,8.8258E-10,7.7427E-10,7.2728E-10,5.9621E-10,4.3801E-10,3.7949E-10,3.3817E-10,2.2805E-10,1.9747E-10,1.2683E-10,1.1288E-10,7.8467E-11,7.1644E-11,6.2554E-11,6.2138E-11,5.6182E-11,4.2155E-11,2.303E-11,2.2753E-11,1.3679E-11,1.0412E-11,8.2028E-12,2.203E-12,1.4421E-12,1.3828E-12,4.7538E-13,3.7039E-13,3.6044E-13,2.0686E-13,2.0399E-13,1.2792E-13,6.7965E-14,2.8418E-14,2.4625E-14,1.7472E-14,8.7802E-15,6.5095E-15,4.9726E-15,3.721E-15,1.5761E-15,1.0062E-15,1.0016E-15,7.937E-16,5.5802E-16,5.2759E-16,3.2323E-16,2.6694E-16,2.2486E-16,1.4094E-16,1.2435E-16,9.7095E-17,7.4099E-17,4.4353E-17,2.8093E-17,5.6314E-18,4.693E-18,3.8334E-18,2.696E-18,1.6861E-18,1.593E-18,7.9164E-19,7.6077E-19,6.1961E-19,4.8197E-19,3.3909E-19,4.4945E-21,3.2549E-21,2.7983E-21,2.122E-21,1.9097E-21,1.3867E-21,4.2947E-22,3.6619E-22,2.7661E-22,2.0072E-22,1.6239E-22,6.0116E-23,5.5326E-23,2.2376E-23,7.7857E-24,3.1223E-24,2.8866E-24,1.0407E-24,4.2038E-25,3.9817E-25,2.6759E-25,1.172E-25,1.1505E-25,1.1042E-25,3.998E-26,3.6289E-26,2.0109E-26,1.5026E-26,7.798E-27,6.5198E-27,2.7443E-27,2.3483E-27,9.5878E-28,7.5381E-28
1,0.017268,0.018358,0.018988,0.021308,0.024609,0.024691,0.02564,0.029791,0.040401,0.042689,0.043627,0.04366,0.0475,0.054992,0.056044,0.061799,0.082562,0.10771,0.11145,0.13027,0.14207,0.15211,0.15586,0.17025,0.17115,0.18582,0.20921,0.23138,0.2412,0.28897,0.29102,0.33395,0.35987,0.36682,0.39745,0.41542,0.41572,0.42536,0.57659,0.73146,0.76638,0.76743,0.76755,0.80404,0.85927,0.86683,0.87186,0.94076,0.94716,0.95046,0.98991,1,0.99614,0.98934,0.97671,0.89214,0.8503,0.84493,0.77957,0.69893,0.66091,0.66076,0.60591,0.57501,0.55384,0.52702,0.50461,0.47379,0.46087,0.42407,0.36268,0.33693,0.29809,0.22867,0.22232,0.19902,0.18608,0.15141,0.10278,0.091928,0.066525,0.050586,0.043317,0.032669,0.031429,0.030314,0.025175,0.022628,0.022576,0.020644,0.019279,0.017135,0.016966,0.016892,0.016484,0.015409,0.013761,0.012966,0.0098044,0.0097992,0.0069171,0.0068849,0.0063795,0.0060706,0.0058787,0.0052913,0.0047374,0.0033118,0.0031436,0.0026537,0.0012343,0.00096841,0.00089168,0.00052987,0.00049722,0.00046318,0.00026691,0.00024641,0.00019386,0.00017571,0.00016984,0.00015904,0.00010316,0.00006532,0.000062281,0.000055017,0.000044062,0.000022171,0.0000215,0.000020469,0.0000060432,0.0000025808,0.0000017893,0.0000015297,0.00000098685,0.0000007954,0.00000071634,0.000000482,0.00000022379,0.00000014678,0.00000013451,0.000000123,0.00000012135,0.000000099487,0.000000017448,0.000000012735,0.000000011878,0.00000001,0.0000000062671,0.000000005,0.0000000024048,0.0000000021911,0.0000000019277,0.0000000018132,0.0000000014929,0.0000000011042,0.000000001,8.5727E-10,5.8303E-10,5.064E-10,3.2833E-10,2.9292E-10,2.0518E-10,1.8769E-10,1.6434E-10,1.6327E-10,1.4793E-10,1.1166E-10,6.1761E-11,6.1033E-11,3.7072E-11,2.8374E-11,2.246E-11,6.1899E-12,4.0854E-12,3.9205E-12,1.3756E-12,1.0768E-12,1.0484E-12,6.0799E-13,5.9971E-13,3.7934E-13,2.0391E-13,8.6619E-14,7.5252E-14,5.3723E-14,2.7329E-14,2.0369E-14,1.5634E-14,1.1758E-14,5.0551E-15,3.2522E-15,3.2378E-15,2.5759E-15,1.8219E-15,1.7242E-15,1.0651E-15,8.8247E-16,7.4549E-16,4.7093E-16,4.1638E-16,3.2645E-16,2.5025E-16,1.5106E-16,9.6401E-17,1.9832E-17,1.6575E-17,1.3583E-17,9.606E-18,6.0524E-18,5.7232E-18,2.8755E-18,2.7651E-18,2.2593E-18,1.7643E-18,1.248E-18,1.7655E-20,1.2847E-20,1.1069E-20,8.4279E-21,7.5964E-21,5.5417E-21,1.7456E-21,1.4918E-21,1.1314E-21,8.2474E-22,6.6928E-22,2.5127E-22,2.3152E-22,9.4828E-23,3.3482E-23,1.3597E-23,1.2584E-23,4.6002E-24,1.8811E-24,1.7831E-24,1.2047E-24,5.3348E-25,5.2385E-25,5.0302E-25,1.8459E-25,1.6777E-25,9.3688E-26,7.0271E-26,3.6782E-26,3.0825E-26,1.312E-26,1.125E-26,4.6461E-27,3.6641E-27
1,0.013391,0.014263,0.014768,0.016633,0.019298,0.019364,0.020133,0.023508,0.032211,0.034101,0.034877,0.034904,0.038088,0.044329,0.045207,0.05003,0.067584,0.089122,0.092351,0.10866,0.11896,0.12776,0.13105,0.14374,0.14454,0.15754,0.1784,0.19831,0.20717,0.25063,0.2525,0.29206,0.31615,0.32264,0.35135,0.36831,0.3686,0.37772,0.52376,0.67971,0.71601,0.71712,0.71723,0.75576,0.81551,0.82385,0.82942,0.90879,0.91658,0.92064,0.97383,0.99614,1,0.99829,0.99169,0.92682,0.8905,0.88573,0.82626,0.75001,0.71319,0.71305,0.65909,0.62829,0.60702,0.5799,0.55709,0.52549,0.51217,0.47398,0.40946,0.38209,0.34045,0.26491,0.25793,0.23217,0.21778,0.17892,0.1235,0.11096,0.081317,0.062461,0.053782,0.040955,0.039452,0.038098,0.031833,0.028711,0.028647,0.02627,0.024585,0.021931,0.021721,0.02163,0.021124,0.019787,0.017731,0.016736,0.01276,0.012753,0.0090916,0.0090504,0.0084039,0.0080079,0.0077616,0.0070061,0.0062915,0.0044401,0.0042203,0.0035781,0.001696,0.0013384,0.0012348,0.0007426,0.00069784,0.0006511,0.00037979,0.00035122,0.00027774,0.00025227,0.00024401,0.00022882,0.00014976,0.000095708,0.000091342,0.000080887,0.000065067,0.000033177,0.000032192,0.000030676,0.0000092624,0.0000040154,0.0000028014,0.0000024014,0.0000015607,0.0000012625,0.0000011389,0.00000077128,0.00000036258,0.00000023939,0.00000021969,0.00000020119,0.00000019852,0.00000016325,0.000000029392,0.000000021552,0.000000020122,0.000000017064,0.000000010715,0.0000000085059,0.0000000041676,0.0000000038022,0.0000000033512,0.0000000031548,0.0000000026045,0.0000000019343,0.0000000016843,0.000000001507,0.000000001,8.9653E-10,5.8465E-10,5.224E-10,3.6764E-10,3.367E-10,2.9533E-10,2.9343E-10,2.662E-10,2.0167E-10,1.124E-10,1.1109E-10,6.791E-11,5.2152E-11,4.1403E-11,1.1594E-11,7.6914E-12,7.3846E-12,2.6238E-12,2.0599E-12,2.0062E-12,1.1709E-12,1.1552E-12,7.3461E-13,3.9771E-13,1.7061E-13,1.4845E-13,1.0639E-13,5.453E-14,4.0775E-14,3.1387E-14,2.3681E-14,1.0275E-14,6.642E-15,6.613E-15,5.2739E-15,3.7441E-15,3.5453E-15,2.2014E-15,1.8275E-15,1.5466E-15,9.8169E-16,8.6911E-16,6.8313E-16,5.2512E-16,3.1864E-16,2.0428E-16,4.2704E-17,3.5755E-17,2.9359E-17,2.0835E-17,1.3187E-17,1.2477E-17,6.3114E-18,6.0714E-18,4.9705E-18,3.8908E-18,2.7616E-18,4.067E-20,2.968E-20,2.5607E-20,1.9546E-20,1.7635E-20,1.2902E-20,4.1066E-21,3.5145E-21,2.672E-21,1.9533E-21,1.5881E-21,6.0141E-22,5.5454E-22,2.2892E-22,8.1562E-23,3.338E-23,3.0914E-23,1.1398E-23,4.6962E-24,4.4534E-24,3.0189E-24,1.3459E-24,1.3218E-24,1.2697E-24,4.6982E-25,4.2733E-25,2.3979E-25,1.8028E-25,9.4861E-26,7.9611E-26,3.412E-26,2.9292E-26,1.2184E-26,9.6266E-27
1,0.011258,0.012007,0.012441,0.014045,0.016346,0.016403,0.017068,0.019995,0.027586,0.029243,0.029922,0.029947,0.032743,0.038242,0.039018,0.043284,0.058904,0.078234,0.081146,0.095904,0.10526,0.11328,0.11628,0.12788,0.12861,0.14055,0.15977,0.1782,0.18643,0.22701,0.22876,0.266,0.2888,0.29497,0.32231,0.33851,0.33879,0.34753,0.48922,0.64456,0.68143,0.68255,0.68267,0.72217,0.78427,0.79305,0.79892,0.88432,0.89295,0.89747,0.95917,0.98934,0.99829,1,0.9975,0.94657,0.91437,0.91006,0.8552,0.78268,0.74704,0.7469,0.69405,0.66359,0.64244,0.61535,0.59245,0.56057,0.54708,0.50822,0.44199,0.41367,0.37034,0.29091,0.28351,0.25613,0.24078,0.19908,0.13895,0.12522,0.092541,0.071561,0.061843,0.047399,0.045698,0.044166,0.037053,0.033495,0.033422,0.030707,0.028779,0.025735,0.025494,0.025388,0.024807,0.023269,0.020898,0.019749,0.015139,0.015132,0.010858,0.01081,0.010052,0.0095871,0.0092977,0.0084087,0.0075661,0.0053733,0.0051119,0.0043466,0.0020865,0.0016529,0.0015268,0.0009256,0.00087063,0.00081319,0.00047819,0.00044273,0.0003513,0.00031952,0.00030921,0.00029022,0.0001911,0.00012288,0.00011734,0.00010408,0.000083971,0.000043196,0.000041929,0.000039979,0.000012253,0.0000053653,0.0000037589,0.0000032279,0.0000021082,0.0000017094,0.0000015439,0.0000010501,0.00000049771,0.00000033007,0.00000030317,0.00000027791,0.00000027425,0.000000226,0.000000041406,0.000000030454,0.000000028452,0.000000024168,0.000000015245,0.000000012128,0.000000006,0.0000000054631,0.0000000048207,0.0000000045408,0.0000000037555,0.0000000027968,0.0000000024384,0.0000000021839,0.0000000014983,0.0000000013054,8.5459E-10,7.6436E-10,5.3961E-10,4.9459E-10,4.3432E-10,4.3155E-10,3.9184E-10,2.9757E-10,1.667E-10,1.6478E-10,1.0115E-10,7.7856E-11,6.1931E-11,1.7528E-11,1.1667E-11,1.1205E-11,4.0147E-12,3.158E-12,3.0764E-12,1.8032E-12,1.7791E-12,1.1354E-12,6.1765E-13,2.6668E-13,2.323E-13,1.669E-13,8.5976E-14,6.4428E-14,4.9691E-14,3.7569E-14,1.6401E-14,1.0636E-14,1.059E-14,8.4591E-15,6.0201E-15,5.7028E-15,3.5531E-15,2.9535E-15,2.5025E-15,1.5936E-15,1.412E-15,1.1117E-15,8.5616E-16,5.2132E-16,3.3525E-16,7.0832E-17,5.9378E-17,4.8819E-17,3.4725E-17,2.2046E-17,2.0866E-17,1.0603E-17,1.0202E-17,8.3631E-18,6.557E-18,4.6643E-18,7.0554E-20,5.1589E-20,4.455E-20,3.4062E-20,3.075E-20,2.254E-20,7.2247E-21,6.1889E-21,4.713E-21,3.4518E-21,2.8099E-21,1.0703E-21,9.8733E-22,4.0971E-22,1.4685E-22,6.0413E-23,5.5974E-23,2.0756E-23,8.5949E-24,8.153E-24,5.5388E-24,2.4806E-24,2.4364E-24,2.3409E-24,8.7097E-25,7.9261E-25,4.4617E-25,3.3597E-25,1.7741E-25,1.4903E-25,6.4166E-26,5.5131E-26,2.3039E-26,1.8227E-26
1,0.0090864,0.0097053,0.010065,0.011396,0.013312,0.01336,0.013915,0.016365,0.022767,0.024172,0.024749,0.024769,0.027147,0.031841,0.032506,0.036165,0.049656,0.066525,0.06908,0.082083,0.090369,0.097489,0.10016,0.11052,0.11117,0.12187,0.13918,0.15588,0.16336,0.20048,0.20209,0.23649,0.2577,0.26345,0.28905,0.30429,0.30455,0.31279,0.44843,0.60172,0.6389,0.64004,0.64017,0.68041,0.74468,0.75387,0.76004,0.85172,0.86125,0.86626,0.93743,0.97671,0.99169,0.9975,1,0.96659,0.93979,0.93609,0.88748,0.82035,0.78652,0.78639,0.73545,0.70571,0.68492,0.65812,0.63531,0.60338,0.58979,0.55042,0.48258,0.45328,0.40813,0.32428,0.3164,0.28712,0.27062,0.22548,0.15951,0.14428,0.10771,0.08397,0.072889,0.056301,0.054338,0.052567,0.044318,0.040173,0.040088,0.036916,0.034657,0.031083,0.030799,0.030675,0.029991,0.028178,0.025377,0.024016,0.018532,0.018523,0.013398,0.01334,0.012426,0.011864,0.011514,0.010437,0.0094139,0.0067366,0.0064159,0.0054745,0.0026682,0.0021236,0.0019647,0.0012026,0.0011325,0.0010591,0.00062893,0.0005831,0.0004646,0.00042328,0.00040986,0.00038512,0.00025542,0.00016546,0.00015814,0.00014055,0.00011379,0.000059161,0.000057454,0.000054822,0.000017109,0.0000075823,0.0000053392,0.0000045947,0.0000030188,0.0000024548,0.0000022203,0.000001518,0.00000072669,0.00000048451,0.00000044552,0.00000040884,0.00000040354,0.00000033336,0.00000006238,0.00000004605,0.000000043059,0.000000036647,0.000000023243,0.000000018541,0.0000000092217,0.0000000084292,0.0000000074488,0.000000007,0.0000000058193,0.0000000043483,0.0000000037969,0.0000000034048,0.0000000023457,0.000000002,0.0000000013463,0.0000000012056,8.5433E-10,7.8379E-10,6.8924E-10,6.8489E-10,6.2252E-10,4.7415E-10,2.6726E-10,2.6421E-10,1.6302E-10,1.2582E-10,1.0032E-10,2.876E-11,1.9221E-11,1.8468E-11,6.6842E-12,5.2702E-12,5.1352E-12,3.0255E-12,2.9855E-12,1.9136E-12,1.047E-12,4.5562E-13,3.9739E-13,2.8638E-13,1.4843E-13,1.1152E-13,8.6213E-14,6.5345E-14,2.874E-14,1.8708E-14,1.8628E-14,1.491E-14,1.0642E-14,1.0086E-14,6.3101E-15,5.2537E-15,4.4578E-15,2.8497E-15,2.5277E-15,1.9942E-15,1.5392E-15,9.4115E-16,6.0748E-16,1.3001E-16,1.0915E-16,8.9882E-17,6.411E-17,4.0852E-17,3.8683E-17,1.9763E-17,1.9022E-17,1.5618E-17,1.2269E-17,8.751E-18,1.3672E-19,1.0021E-19,8.6631E-20,6.637E-20,5.9962E-20,4.4054E-20,1.424E-20,1.2212E-20,9.3184E-21,6.8403E-21,5.5765E-21,2.1389E-21,1.9743E-21,8.2446E-22,2.9767E-22,1.2322E-22,1.1423E-22,4.2651E-23,1.7769E-23,1.6862E-23,1.1485E-23,5.1721E-24,5.0806E-24,4.8827E-24,1.8289E-24,1.6654E-24,9.4108E-25,7.0997E-25,3.7649E-25,3.1663E-25,1.3709E-25,1.179E-25,4.9554E-26,3.9263E-26
1,0.0039491,0.0042419,0.0044126,0.0050503,0.0059805,0.0060039,0.0062761,0.00749,0.010744,0.011472,0.011773,0.011783,0.013029,0.015523,0.01588,0.017857,0.025339,0.035047,0.036548,0.044294,0.049321,0.053692,0.055346,0.061811,0.062223,0.069001,0.080168,0.09115,0.096136,0.12144,0.12256,0.14683,0.16215,0.16635,0.18529,0.19674,0.19694,0.20318,0.31157,0.44723,0.48252,0.48362,0.48374,0.5232,0.58923,0.59902,0.60564,0.71023,0.72192,0.72816,0.82506,0.89214,0.92682,0.94657,0.96659,1,0.9958,0.99473,0.97436,0.93431,0.91078,0.91068,0.87206,0.848,0.83057,0.80743,0.78717,0.75794,0.74521,0.70738,0.63897,0.60818,0.55925,0.46353,0.45418,0.41895,0.3987,0.34179,0.25408,0.23292,0.18051,0.145,0.12794,0.1017,0.098535,0.095664,0.082122,0.075202,0.07506,0.069705,0.065859,0.059711,0.05922,0.059005,0.057817,0.054655,0.049724,0.047306,0.037403,0.037386,0.027847,0.027737,0.025998,0.024924,0.024252,0.022172,0.020176,0.014849,0.014199,0.012273,0.0063275,0.0051229,0.004767,0.0030235,0.0028594,0.0026868,0.001654,0.0015414,0.001247,0.0011431,0.0011092,0.0010466,0.00071285,0.00047465,0.00045492,0.00040729,0.00033406,0.00018065,0.00017574,0.00016815,0.000056092,0.000025989,0.000018646,0.000016173,0.000010861,0.000008927,0.0000081157,0.0000056567,0.0000028089,0.0000019101,0.0000017635,0.000001625,0.000001605,0.000001338,0.00000027066,0.00000020255,0.00000019,0.00000016285,0.00000010539,0.000000084906,0.000000043524,0.000000039937,0.000000035479,0.000000033526,0.000000028,0.000000021188,0.000000018607,0.000000016762,0.000000011728,0.000000010292,0.0000000068861,0.0000000061944,0.0000000044512,0.0000000040979,0.0000000036222,0.0000000036003,0.000000003285,0.0000000025294,0.0000000014584,0.0000000014424,9.0691E-10,7.07E-10,5.6866E-10,1.7093E-10,1.1597E-10,1.1159E-10,4.1923E-11,3.334E-11,3.2517E-11,1.9526E-11,1.9277E-11,1.2553E-11,7.0159E-12,3.1429E-12,2.7542E-12,2.0073E-12,1.064E-12,8.0716E-13,6.2944E-13,4.8153E-13,2.1764E-13,1.4369E-13,1.431E-13,1.1537E-13,8.3261E-14,7.9047E-14,5.0209E-14,4.2051E-14,3.5869E-14,2.326E-14,2.071E-14,1.6463E-14,1.2811E-14,7.9555E-15,5.2057E-15,1.1683E-15,9.8604E-16,8.1681E-16,5.8859E-16,3.8018E-16,3.6059E-16,1.8795E-16,1.8111E-16,1.4957E-16,1.1834E-16,8.5254E-17,1.5007E-18,1.1095E-18,9.6304E-19,7.4329E-19,6.7341E-19,4.99E-19,1.6637E-19,1.4328E-19,1.1013E-19,8.1525E-20,6.6831E-20,2.6302E-20,2.433E-20,1.0398E-20,3.8564E-21,1.6335E-21,1.5173E-21,5.8109E-22,2.4758E-22,2.3525E-22,1.6181E-22,7.4351E-23,7.3068E-23,7.0292E-23,2.6984E-23,2.463E-23,1.4117E-23,1.0724E-23,5.7767E-24,4.8789E-24,2.1561E-24,1.8612E-24,7.9883E-25,6.365E-25
1,0.0028982,0.0031192,0.0032483,0.0037318,0.0044404,0.0044583,0.0046664,0.0055976,0.0081168,0.0086839,0.0089185,0.0089269,0.0099014,0.011862,0.012143,0.013707,0.019676,0.027522,0.028743,0.035078,0.039215,0.042828,0.044198,0.049571,0.049915,0.055578,0.064963,0.074255,0.078493,0.10016,0.10113,0.12216,0.13555,0.13923,0.1559,0.16604,0.16622,0.17177,0.26971,0.39642,0.43012,0.43117,0.43129,0.46934,0.53392,0.5436,0.55016,0.65556,0.66758,0.67401,0.77616,0.8503,0.8905,0.91437,0.93979,0.9958,1,0.99994,0.99077,0.96239,0.94365,0.94357,0.9111,0.89011,0.87463,0.85376,0.83523,0.80811,0.79617,0.76029,0.694,0.66364,0.6148,0.51719,0.50753,0.47086,0.44962,0.38933,0.2945,0.27127,0.21301,0.17292,0.15345,0.12322,0.11955,0.11621,0.1004,0.092265,0.092098,0.085781,0.08123,0.073929,0.073344,0.073089,0.071673,0.0679,0.061995,0.05909,0.047121,0.047101,0.035447,0.035311,0.033171,0.031846,0.031016,0.028441,0.025962,0.019297,0.018478,0.016044,0.0084369,0.006872,0.0064076,0.0041152,0.0038977,0.0036686,0.0022872,0.0021353,0.0017367,0.0015955,0.0015494,0.001464,0.0010066,0.00067674,0.00064924,0.00058277,0.00048017,0.00026328,0.00025628,0.00024546,0.000083821,0.000039449,0.00002849,0.000024781,0.000016771,0.000013836,0.000012601,0.0000088427,0.0000044479,0.0000030457,0.000002816,0.0000025987,0.0000025671,0.0000021471,0.00000044637,0.00000033567,0.00000031515,0.00000027084,0.00000017652,0.00000014271,0.000000073939,0.000000067937,0.000000060465,0.000000057188,0.000000047912,0.0000000364,0.000000032,0.0000000289,0.000000020331,0.000000017877,0.000000012,0.000000010842,0.0000000078295,0.0000000072169,0.0000000063908,0.0000000063527,0.0000000058041,0.0000000044862,0.0000000026073,0.0000000025791,0.0000000016324,0.0000000012771,0.000000001,3.1492E-10,2.1479E-10,2.0678E-10,7.8713E-11,6.2789E-11,6.1259E-11,3.7032E-11,3.6567E-11,2.3945E-11,1.3483E-11,6.1021E-12,5.3563E-12,3.9193E-12,2.0938E-12,1.5939E-12,1.2467E-12,9.569E-13,4.3668E-13,2.8974E-13,2.8855E-13,2.3324E-13,1.6898E-13,1.6052E-13,1.0251E-13,8.6029E-14,7.3518E-14,4.7915E-14,4.272E-14,3.4048E-14,2.6572E-14,1.6591E-14,1.0909E-14,2.4895E-15,2.1051E-15,1.7474E-15,1.2637E-15,8.2017E-16,7.7834E-16,4.0857E-16,3.9386E-16,3.2595E-16,2.5854E-16,1.8691E-16,3.431E-18,2.5443E-18,2.2117E-18,1.7114E-18,1.5521E-18,1.1536E-18,3.8882E-19,3.3534E-19,2.5844E-19,1.9187E-19,1.5759E-19,6.2587E-20,5.7938E-20,2.4965E-20,9.3466E-21,3.9912E-21,3.7097E-21,1.4336E-21,6.1561E-22,5.8523E-22,4.0392E-22,1.8692E-22,1.8372E-22,1.768E-22,6.8464E-23,6.254E-23,3.6025E-23,2.7435E-23,1.486E-23,1.2569E-23,5.5946E-24,4.8356E-24,2.0909E-24,1.6693E-24
1,0.0027909,0.0030044,0.0031292,0.0035966,0.0042821,0.0042994,0.0045007,0.0054022,0.0078436,0.0083937,0.0086212,0.0086294,0.009575,0.011479,0.011752,0.013271,0.019077,0.02672,0.02791,0.03409,0.038129,0.041658,0.042996,0.048248,0.048584,0.054122,0.063307,0.072409,0.076562,0.097818,0.098767,0.11943,0.13259,0.13621,0.15262,0.1626,0.16277,0.16824,0.26492,0.3905,0.42398,0.42503,0.42514,0.463,0.52734,0.53699,0.54354,0.64892,0.66096,0.6674,0.77005,0.84493,0.88573,0.91006,0.93609,0.99473,0.99994,1,0.9922,0.96527,0.94714,0.94706,0.91539,0.8948,0.87958,0.85901,0.84071,0.81389,0.80207,0.76647,0.70052,0.67026,0.62148,0.52374,0.51405,0.47723,0.4559,0.39524,0.2996,0.27612,0.21716,0.17651,0.15675,0.12602,0.12228,0.11889,0.10279,0.094505,0.094334,0.087895,0.083255,0.075807,0.07521,0.074949,0.073505,0.069652,0.063622,0.060654,0.048419,0.048398,0.036468,0.036329,0.034136,0.032778,0.031928,0.029288,0.026744,0.019902,0.019061,0.01656,0.0087285,0.0071146,0.0066355,0.004268,0.0040431,0.0038062,0.0023766,0.0022192,0.0018062,0.0016598,0.0016119,0.0015233,0.0010485,0.00070578,0.00067719,0.00060804,0.00050127,0.00027531,0.00026801,0.00025672,0.000087913,0.000041453,0.00002996,0.000026069,0.000017659,0.000014575,0.000013277,0.0000093247,0.0000046976,0.0000032194,0.0000029771,0.0000027478,0.0000027145,0.0000022712,0.00000047374,0.00000035646,0.0000003347,0.00000028774,0.00000018769,0.00000015181,0.000000078752,0.000000072371,0.000000064426,0.00000006094,0.000000051073,0.000000038822,0.000000034169,0.000000030836,0.000000021707,0.000000019092,0.000000012861,0.00000001159,0.0000000083741,0.0000000077199,0.0000000068377,0.000000006797,0.0000000062111,0.000000004803,0.0000000027941,0.0000000027639,0.0000000017508,0.0000000013703,0.0000000011059,3.387E-10,2.3115E-10,2.2255E-10,8.485E-11,6.7708E-11,6.6061E-11,3.9968E-11,3.9466E-11,2.5861E-11,1.4575E-11,6.6044E-12,5.7983E-12,4.2447E-12,2.2698E-12,1.7286E-12,1.3526E-12,1.0386E-12,4.7448E-13,3.1501E-13,3.1372E-13,2.5366E-13,1.8386E-13,1.7467E-13,1.1161E-13,9.3696E-14,8.0088E-14,5.2228E-14,4.6573E-14,3.7131E-14,2.8988E-14,1.8112E-14,1.1915E-14,2.7247E-15,2.3045E-15,1.9134E-15,1.3844E-15,8.9898E-16,8.5319E-16,4.4824E-16,4.3212E-16,3.577E-16,2.8381E-16,2.0526E-16,3.787E-18,2.8093E-18,2.4425E-18,1.8906E-18,1.7148E-18,1.275E-18,4.303E-19,3.7118E-19,2.8615E-19,2.1252E-19,1.7459E-19,6.9414E-20,6.4263E-20,2.7718E-20,1.0389E-20,4.4406E-21,4.1278E-21,1.5968E-21,6.8637E-22,6.5253E-22,4.5056E-22,2.0868E-22,2.0511E-22,1.974E-22,7.6518E-23,6.9905E-23,4.0291E-23,3.0693E-23,1.6635E-23,1.4073E-23,6.2696E-24,5.4199E-24,2.3456E-24,1.8731E-24
1,0.0018025,0.0019457,0.0020295,0.0023448,0.00281,0.0028218,0.0029591,0.0035768,0.0052701,0.0056552,0.0058148,0.0058205,0.0064858,0.0078339,0.0080282,0.0091129,0.013308,0.018928,0.019811,0.024429,0.027472,0.030146,0.031163,0.035173,0.03543,0.039689,0.046808,0.053928,0.057196,0.074095,0.074856,0.091542,0.10229,0.10526,0.11879,0.12709,0.12723,0.13179,0.21434,0.32634,0.35705,0.35801,0.35812,0.39329,0.45413,0.46338,0.46968,0.5731,0.58519,0.59169,0.69794,0.77957,0.82626,0.8552,0.88748,0.97436,0.99077,0.9922,1,0.99015,0.97933,0.97928,0.95733,0.9418,0.92985,0.91321,0.89799,0.87509,0.8648,0.83319,0.77248,0.74382,0.6967,0.59917,0.58928,0.55139,0.52918,0.46509,0.36103,0.3349,0.26816,0.22112,0.19791,0.16132,0.15683,0.15273,0.1332,0.12307,0.12286,0.11494,0.1092,0.099952,0.099208,0.098883,0.097081,0.092263,0.084687,0.080942,0.065373,0.065347,0.049936,0.049756,0.046894,0.045116,0.044,0.040527,0.037166,0.028032,0.026899,0.023515,0.012733,0.010465,0.0097871,0.0064035,0.0060786,0.0057354,0.0036437,0.0034108,0.0027963,0.0025773,0.0025056,0.0023725,0.0016541,0.0011282,0.0010839,0.00097668,0.00081022,0.00045347,0.00044181,0.00042377,0.00014984,0.000072175,0.000052635,0.000045974,0.000031471,0.000026108,0.000023842,0.000016901,0.0000086651,0.000005995,0.0000055545,0.000005137,0.0000050763,0.0000042659,0.00000092372,0.00000069961,0.00000065787,0.00000056751,0.00000037379,0.00000030377,0.00000015989,0.0000001472,0.00000013137,0.00000012442,0.00000010467,0.00000008,0.000000070636,0.000000063885,0.000000045308,0.00000004,0.000000027139,0.000000024509,0.000000017828,0.000000016463,0.000000014618,0.000000014533,0.000000013304,0.000000010342,0.0000000060822,0.000000006,0.0000000038466,0.000000003,0.0000000024518,7.6815E-10,5.2803E-10,5.0875E-10,1.9747E-10,1.5823E-10,1.5445E-10,9.4302E-11,9.3138E-11,6.1496E-11,3.5016E-11,1.6089E-11,1.4157E-11,1.042E-11,5.6325E-12,4.3093E-12,3.386E-12,2.6115E-12,1.2089E-12,8.0804E-13,8.0478E-13,6.53E-13,4.7581E-13,4.5241E-13,2.912E-13,2.4515E-13,2.1007E-13,1.3794E-13,1.2323E-13,9.8604E-14,7.7282E-14,4.8646E-14,3.2214E-14,7.5365E-15,6.3904E-15,5.321E-15,3.8687E-15,2.5287E-15,2.4018E-15,1.274E-15,1.2289E-15,1.0201E-15,8.1215E-16,5.902E-16,1.1531E-17,8.5895E-18,7.4824E-18,5.8125E-18,5.2791E-18,3.9411E-18,1.3501E-18,1.1669E-18,9.0279E-19,6.7319E-19,5.5452E-19,2.232E-19,2.0686E-19,9.022E-20,3.4253E-20,1.4804E-20,1.3774E-20,5.3938E-21,2.3435E-21,2.2294E-21,1.5466E-21,7.2328E-22,7.1108E-22,6.8466E-22,2.6855E-22,2.4561E-22,1.4253E-22,1.0894E-22,5.949E-23,5.0432E-23,2.2689E-23,1.9649E-23,8.5898E-24,6.878E-24
1,0.0010823,0.0011718,0.0012244,0.0014228,0.0017177,0.0017252,0.0018127,0.0022084,0.0033082,0.0035608,0.0036658,0.0036695,0.0041085,0.0050046,0.0051344,0.0058619,0.0087137,0.012609,0.013227,0.016485,0.018653,0.020569,0.021301,0.024199,0.024385,0.027487,0.03272,0.038004,0.040446,0.05322,0.053801,0.066633,0.074994,0.07732,0.087974,0.094553,0.094668,0.0983,0.16579,0.26177,0.28888,0.28974,0.28984,0.32131,0.37679,0.38534,0.39117,0.48916,0.50089,0.50721,0.61332,0.69893,0.75001,0.78268,0.82035,0.93431,0.96239,0.96527,0.99015,1,0.99797,0.99796,0.98812,0.97909,0.97145,0.96009,0.94912,0.9318,0.92375,0.89818,0.84625,0.8207,0.7775,0.68407,0.67432,0.63656,0.61412,0.54809,0.437,0.40833,0.33361,0.27957,0.25244,0.20899,0.20359,0.19865,0.17495,0.16253,0.16227,0.1525,0.14539,0.13386,0.13293,0.13252,0.13026,0.12421,0.11463,0.10988,0.089915,0.08988,0.06978,0.069542,0.065764,0.06341,0.061929,0.057304,0.052802,0.040434,0.038884,0.034229,0.019106,0.015848,0.014868,0.0099162,0.0094347,0.0089248,0.0057813,0.0054268,0.0044858,0.0041483,0.0040375,0.0038315,0.00271,0.001876,0.0018052,0.001633,0.0013642,0.0007799,0.00076056,0.00073058,0.00026777,0.00013212,0.000097328,0.000085374,0.000059137,0.000049342,0.000045185,0.000032365,0.000016925,0.000011835,0.000010989,0.000010186,0.000010069,0.0000085037,0.0000019204,0.0000014652,0.00000138,0.0000011951,0.00000079578,0.00000065018,0.00000034784,0.00000032092,0.00000028722,0.00000027238,0.00000023014,0.00000017714,0.00000015682,0.00000014218,0.00000010168,0.000000089946,0.000000061662,0.000000055822,0.000000040912,0.00000003785,0.000000033702,0.00000003351,0.000000030741,0.000000024,0.00000001431,0.000000014162,0.0000000091452,0.0000000072311,0.0000000058883,0.0000000018926,0.0000000013116,0.0000000012647,5.0087E-10,4.0321E-10,3.9378E-10,2.4291E-10,2.3997E-10,1.5981E-10,9.2047E-11,4.296E-11,3.7899E-11,2.8065E-11,1.5355E-11,1.1809E-11,9.3225E-12,7.2263E-12,3.3947E-12,2.2864E-12,2.2774E-12,1.8552E-12,1.3598E-12,1.2942E-12,8.3986E-13,7.0928E-13,6.0954E-13,4.0334E-13,3.6107E-13,2.9009E-13,2.2837E-13,1.4495E-13,9.6703E-14,2.3211E-14,1.9738E-14,1.6487E-14,1.2054E-14,7.9364E-15,7.5448E-15,4.0457E-15,3.9047E-15,3.2516E-15,2.5987E-15,1.8987E-15,3.9561E-17,2.9609E-17,2.5849E-17,2.016E-17,1.8338E-17,1.3753E-17,4.7908E-18,4.1503E-18,3.2236E-18,2.4147E-18,1.995E-18,8.1424E-19,7.5547E-19,3.3365E-19,1.2852E-19,5.6238E-20,5.2382E-20,2.0796E-20,9.1455E-21,8.7064E-21,6.0718E-21,2.8706E-21,2.8228E-21,2.7194E-21,1.0809E-21,9.8985E-22,5.7883E-22,4.441E-22,2.4456E-22,2.078E-22,9.4526E-23,8.2021E-23,3.6266E-23,2.9127E-23
1,0.00085359,0.00092545,0.0009677,0.0011275,0.0013657,0.0013718,0.0014426,0.0017638,0.0026621,0.0028694,0.0029556,0.0029587,0.0033198,0.0040594,0.0041667,0.0047696,0.0071472,0.010423,0.010946,0.013708,0.015553,0.017188,0.017814,0.020298,0.020458,0.023126,0.027643,0.032227,0.034351,0.04552,0.04603,0.057336,0.064742,0.066808,0.076294,0.082171,0.082274,0.085526,0.14663,0.23537,0.26077,0.26157,0.26166,0.29132,0.34401,0.35218,0.35776,0.45237,0.4638,0.46998,0.57472,0.66091,0.71319,0.74704,0.78652,0.91078,0.94365,0.94714,0.97933,0.99797,1,1,0.99588,0.98998,0.98446,0.97572,0.96689,0.95244,0.94556,0.92321,0.87619,0.8525,0.81179,0.72164,0.7121,0.67491,0.65266,0.58654,0.47336,0.44376,0.36588,0.30886,0.28001,0.23345,0.22762,0.2223,0.19664,0.18314,0.18286,0.1722,0.16443,0.15179,0.15076,0.15032,0.14783,0.14117,0.13062,0.12536,0.1032,0.10316,0.080663,0.080396,0.076144,0.073491,0.071821,0.066596,0.061497,0.047416,0.045643,0.040307,0.022809,0.018999,0.017849,0.012008,0.011437,0.010832,0.0070785,0.0066527,0.0055197,0.0051121,0.0049781,0.0047289,0.0033666,0.0023462,0.0022592,0.0020473,0.0017158,0.00099037,0.00096622,0.00092876,0.000346,0.00017258,0.00012772,0.00011225,0.000078169,0.000065391,0.000059957,0.000043149,0.000022767,0.000015997,0.000014869,0.000013796,0.000013639,0.000011545,0.0000026572,0.0000020342,0.0000019173,0.0000016634,0.000001113,0.00000091157,0.0000004913,0.0000004537,0.00000040659,0.00000038582,0.00000032662,0.00000025216,0.00000022354,0.0000002029,0.00000014566,0.000000129,0.000000088821,0.000000080497,0.000000059198,0.000000054814,0.000000048868,0.000000048593,0.00000004462,0.000000035,0.000000020942,0.000000020727,0.000000013446,0.000000010658,0.0000000086975,0.000000002828,0.000000002,0.0000000018974,7.5833E-10,6.1176E-10,5.9758E-10,3.7035E-10,3.6592E-10,2.4463E-10,1.4163E-10,6.6573E-11,5.8798E-11,4.3661E-11,2.4018E-11,1.8516E-11,1.4648E-11,1.138E-11,5.3819E-12,3.6374E-12,3.6232E-12,2.9567E-12,2.173E-12,2.069E-12,1.3477E-12,1.1398E-12,9.8077E-13,6.5127E-13,5.8356E-13,4.697E-13,3.7051E-13,2.3606E-13,1.5801E-13,3.8369E-14,3.267E-14,2.7329E-14,2.003E-14,1.3232E-14,1.2584E-14,6.7811E-15,6.5466E-15,5.4593E-15,4.3708E-15,3.2012E-15,6.8672E-17,5.1505E-17,4.5009E-17,3.5168E-17,3.2011E-17,2.4058E-17,8.4441E-18,7.3226E-18,5.6978E-18,4.2768E-18,3.5381E-18,1.4532E-18,1.349E-18,5.9918E-19,2.3232E-19,1.0223E-19,9.5265E-20,3.8057E-20,1.6828E-20,1.6025E-20,1.1203E-20,5.3224E-21,5.2345E-21,5.044E-21,2.0169E-21,1.8481E-21,1.0844E-21,8.3344E-22,4.6073E-22,3.9188E-22,1.7916E-22,1.5559E-22,6.9151E-23,5.5615E-23
1,0.00085282,0.00092462,0.00096684,0.0011265,0.0013645,0.0013706,0.0014414,0.0017623,0.0026599,0.002867,0.0029532,0.0029563,0.0033171,0.0040561,0.0041634,0.0047659,0.0071418,0.010415,0.010938,0.013698,0.015542,0.017177,0.017802,0.020284,0.020445,0.02311,0.027626,0.032206,0.03433,0.045493,0.046002,0.057304,0.064706,0.066771,0.076252,0.082127,0.08223,0.08548,0.14657,0.23527,0.26066,0.26147,0.26156,0.29121,0.34389,0.35206,0.35764,0.45223,0.46366,0.46984,0.57458,0.66076,0.71305,0.7469,0.78639,0.91068,0.94357,0.94706,0.97928,0.99796,1,1,0.9959,0.99001,0.9845,0.97577,0.96695,0.95251,0.94564,0.9233,0.8763,0.85261,0.81192,0.72178,0.71224,0.67505,0.6528,0.58669,0.47349,0.44389,0.366,0.30898,0.28012,0.23354,0.22772,0.2224,0.19673,0.18322,0.18294,0.17228,0.1645,0.15186,0.15083,0.15039,0.1479,0.14124,0.13068,0.12542,0.10325,0.10321,0.080706,0.080439,0.076186,0.073532,0.071861,0.066633,0.061532,0.047444,0.04567,0.040331,0.022824,0.019012,0.017861,0.012017,0.011445,0.010839,0.0070838,0.0066578,0.005524,0.0051161,0.004982,0.0047326,0.0033693,0.0023481,0.0022611,0.0020491,0.0017173,0.00099125,0.00096708,0.00092959,0.00034633,0.00017275,0.00012785,0.00011236,0.00007825,0.00006546,0.000060021,0.000043195,0.000022792,0.000016015,0.000014886,0.000013811,0.000013655,0.000011558,0.0000026604,0.0000020367,0.0000019197,0.0000016654,0.0000011144,0.00000091272,0.00000049194,0.00000045428,0.00000040712,0.00000038632,0.00000032705,0.00000025249,0.00000022384,0.00000020317,0.00000014585,0.00000012919,0.000000088943,0.000000080607,0.00000005928,0.00000005489,0.000000048936,0.000000048661,0.000000044682,0.000000035,0.000000021,0.000000020757,0.000000013466,0.000000010674,0.0000000087102,0.0000000028323,0.000000002,0.0000000019003,7.5951E-10,6.1271E-10,5.9852E-10,3.7093E-10,3.6649E-10,2.4502E-10,1.4186E-10,6.6682E-11,5.8894E-11,4.3733E-11,2.4059E-11,1.8547E-11,1.4673E-11,1.14E-11,5.3912E-12,3.6438E-12,3.6295E-12,2.9618E-12,2.1768E-12,2.0726E-12,1.3501E-12,1.1418E-12,9.8252E-13,6.5244E-13,5.8461E-13,4.7055E-13,3.7118E-13,2.3649E-13,1.583E-13,3.8441E-14,3.2732E-14,2.7381E-14,2.0068E-14,1.3257E-14,1.2608E-14,6.7942E-15,6.5593E-15,5.47E-15,4.3794E-15,3.2075E-15,6.8814E-17,5.1612E-17,4.5103E-17,3.5241E-17,3.2078E-17,2.4109E-17,8.462E-18,7.3382E-18,5.71E-18,4.2859E-18,3.5457E-18,1.4563E-18,1.3519E-18,6.0049E-19,2.3283E-19,1.0246E-19,9.5479E-20,3.8143E-20,1.6866E-20,1.6062E-20,1.1228E-20,5.3348E-21,5.2466E-21,5.0557E-21,2.0217E-21,1.8524E-21,1.087E-21,8.3541E-22,4.6182E-22,3.9281E-22,1.7959E-22,1.5597E-22,6.9319E-23,5.575E-23
1,0.00060397,0.0006561,0.0006868,0.00080319,0.00097757,0.00098203,0.001034,0.0012707,0.0019385,0.0020936,0.0021582,0.0021605,0.0024317,0.0029897,0.0030709,0.0035284,0.0053483,0.0078866,0.0082946,0.01046,0.011914,0.013209,0.013706,0.015683,0.01581,0.017944,0.021578,0.025289,0.027016,0.036162,0.036582,0.045943,0.05212,0.053849,0.061818,0.066781,0.066868,0.06962,0.1222,0.20081,0.22373,0.22446,0.22454,0.25151,0.29998,0.30756,0.31274,0.40175,0.41266,0.41856,0.52012,0.60591,0.65909,0.69405,0.73545,0.87206,0.9111,0.91539,0.95733,0.98812,0.99588,0.9959,1,0.9987,0.9963,0.99148,0.98589,0.97582,0.97075,0.95343,0.91434,0.89373,0.85733,0.77343,0.76434,0.72856,0.70691,0.64164,0.52685,0.49623,0.41451,0.35359,0.32239,0.27149,0.26507,0.2592,0.23073,0.21564,0.21533,0.20338,0.19463,0.18035,0.17919,0.17868,0.17587,0.1683,0.15627,0.15025,0.12474,0.1247,0.09851,0.098197,0.093208,0.090088,0.088121,0.081953,0.075913,0.059107,0.056976,0.050542,0.029167,0.02444,0.023007,0.015672,0.014948,0.01418,0.0093841,0.0088355,0.0073698,0.0068403,0.0066659,0.0063413,0.0045566,0.0032061,0.0030902,0.0028076,0.0023637,0.0013832,0.0013502,0.0012991,0.00049536,0.00025094,0.00018692,0.00016473,0.0001156,0.000097064,0.000089158,0.000064596,0.000034521,0.000024424,0.000022733,0.000021123,0.000020888,0.000017737,0.0000041948,0.0000032267,0.0000030445,0.0000026479,0.0000017843,0.0000014664,0.0000007987,0.00000073856,0.00000066309,0.00000062977,0.00000053463,0.00000041452,0.0000003682,0.00000033474,0.0000002416,0.00000021442,0.0000001485,0.0000001348,0.000000099614,0.000000092348,0.00000008248,0.000000082,0.000000075416,0.000000059349,0.000000035812,0.000000035451,0.000000023149,0.000000018414,0.000000015072,0.000000005,0.0000000034837,0.0000000033621,0.0000000013613,0.0000000011015,0.0000000010763,6.715E-10,6.6357E-10,4.4607E-10,2.6019E-10,1.2354E-10,1.0929E-10,8.1477E-11,4.5173E-11,3.4942E-11,2.7727E-11,2.1611E-11,1.0318E-11,7.008E-12,6.9808E-12,5.7112E-12,4.2135E-12,4.0143E-12,2.6287E-12,2.2278E-12,1.9205E-12,1.2816E-12,1.1499E-12,9.2799E-13,7.3411E-13,4.7026E-13,3.1628E-13,7.8083E-14,6.6609E-14,5.5834E-14,4.1068E-14,2.7259E-14,2.5939E-14,1.4075E-14,1.3594E-14,1.136E-14,9.1173E-15,6.7008E-15,1.4985E-16,1.1273E-16,9.8651E-17,7.728E-17,7.0412E-17,5.3076E-17,1.8831E-17,1.6354E-17,1.2758E-17,9.6042E-18,7.9609E-18,3.2992E-18,3.0649E-18,1.3724E-18,5.3711E-19,2.3825E-19,2.2218E-19,8.9546E-20,3.9906E-20,3.802E-20,2.6669E-20,1.276E-20,1.2551E-20,1.2098E-20,4.8795E-21,4.4746E-21,2.6387E-21,2.0329E-21,1.1299E-21,9.6252E-22,4.4319E-22,3.854E-22,1.7254E-22,1.3904E-22
1,0.00049566,0.00053904,0.00056461,0.00066168,0.00080749,0.00081122,0.0008548,0.0010535,0.0016167,0.001748,0.0018027,0.0018047,0.0020347,0.0025093,0.0025786,0.0029689,0.0045292,0.0067206,0.0070741,0.0089551,0.010223,0.011354,0.011789,0.013521,0.013633,0.015508,0.018712,0.021994,0.023525,0.031668,0.032043,0.040429,0.045985,0.047542,0.05474,0.059233,0.059312,0.061809,0.10992,0.18304,0.20456,0.20525,0.20533,0.23078,0.2768,0.28402,0.28897,0.37453,0.38509,0.39082,0.49003,0.57501,0.62829,0.66359,0.70571,0.848,0.89011,0.8948,0.9418,0.97909,0.98998,0.99001,0.9987,1,0.99938,0.99682,0.99311,0.98561,0.98161,0.96731,0.93307,0.9144,0.88079,0.80118,0.79242,0.75775,0.73662,0.67234,0.55743,0.52642,0.44296,0.38007,0.34765,0.2944,0.28766,0.28148,0.25145,0.23549,0.23515,0.22246,0.21316,0.19794,0.1967,0.19616,0.19316,0.18507,0.17218,0.16572,0.13824,0.13819,0.1098,0.10946,0.10402,0.10062,0.098475,0.091735,0.085121,0.066641,0.064289,0.057173,0.033359,0.028046,0.026431,0.01813,0.017308,0.016433,0.010952,0.010322,0.0086355,0.0080247,0.0078235,0.0074484,0.0053802,0.0038059,0.0036704,0.0033395,0.0028186,0.0016621,0.0016231,0.0015625,0.0006036,0.00030845,0.0002306,0.00020354,0.00014345,0.0001207,0.00011098,0.000080708,0.000043441,0.000030854,0.000028741,0.000026727,0.000026433,0.000022485,0.0000053994,0.0000041644,0.0000039316,0.0000034242,0.0000023165,0.0000019075,0.0000010451,0.00000096715,0.00000086922,0.000000826,0.00000070226,0.00000054581,0.00000048536,0.00000044164,0.00000031972,0.00000028407,0.0000001974,0.00000017934,0.00000013289,0.00000012328,0.00000011022,0.00000010962,0.00000010086,0.000000079543,0.00000004821,0.000000047728,0.000000031282,0.000000024931,0.000000020442,0.0000000068203,0.0000000047827,0.0000000046172,0.0000000018832,0.0000000015264,0.0000000014918,9.3413E-10,9.2319E-10,6.2253E-10,3.6463E-10,1.7412E-10,1.5418E-10,1.1519E-10,6.4146E-11,4.9712E-11,3.9513E-11,3.0854E-11,1.481E-11,1.0087E-11,1.0048E-11,8.2321E-12,6.0864E-12,5.8006E-12,3.8097E-12,3.2324E-12,2.7894E-12,1.8667E-12,1.6761E-12,1.3546E-12,1.0733E-12,6.8965E-13,4.6507E-13,1.1589E-13,9.8962E-14,8.3049E-14,6.1208E-14,4.0735E-14,3.8775E-14,2.1123E-14,2.0405E-14,1.7071E-14,1.372E-14,1.0104E-14,2.3127E-16,1.7428E-16,1.5264E-16,1.1974E-16,1.0916E-16,8.2423E-17,2.9422E-17,2.5572E-17,1.9978E-17,1.5064E-17,1.25E-17,5.2064E-18,4.8387E-18,2.1765E-18,8.563E-19,3.8155E-19,3.5594E-19,1.4417E-19,6.4533E-20,6.1499E-20,4.322E-20,2.0761E-20,2.0423E-20,1.969E-20,7.9797E-21,7.3209E-21,4.3292E-21,3.3398E-21,1.862E-21,1.5875E-21,7.3387E-22,6.3864E-22,2.871E-22,2.316E-22
1,0.000432,0.00047015,0.00049266,0.0005782,0.00070691,0.00071021,0.00074872,0.00092456,0.0014247,0.0015416,0.0015904,0.0015921,0.0017972,0.0022211,0.002283,0.0026324,0.0040336,0.006011,0.0063308,0.0080354,0.0091873,0.010216,0.010612,0.012191,0.012294,0.014006,0.016938,0.01995,0.021357,0.028862,0.029208,0.036968,0.042124,0.043572,0.05027,0.054459,0.054533,0.056863,0.10205,0.17147,0.19205,0.19271,0.19278,0.21719,0.26151,0.26848,0.27326,0.35634,0.36664,0.37224,0.46963,0.55384,0.60702,0.64244,0.68492,0.83057,0.87463,0.87958,0.92985,0.97145,0.98446,0.9845,0.9963,0.99938,1,0.999,0.9966,0.9909,0.98766,0.97549,0.94475,0.92751,0.89595,0.81961,0.81112,0.77733,0.75664,0.69326,0.57862,0.54743,0.46295,0.39883,0.36561,0.31082,0.30385,0.29747,0.26638,0.24981,0.24946,0.23627,0.22659,0.21071,0.20942,0.20886,0.20572,0.19727,0.18377,0.17701,0.14814,0.14809,0.11813,0.11777,0.11202,0.10841,0.10614,0.098985,0.091958,0.072267,0.069753,0.062141,0.036532,0.030785,0.029035,0.020011,0.019115,0.018161,0.012162,0.011471,0.0096159,0.0089433,0.0087215,0.0083079,0.0060226,0.0042761,0.0041255,0.0037573,0.0031768,0.0018832,0.0018395,0.0017715,0.00069047,0.00035496,0.00026604,0.00023507,0.00016616,0.00014001,0.00012882,0.000093929,0.000050807,0.000036181,0.000033722,0.000031376,0.000031034,0.000026431,0.0000064139,0.0000049559,0.0000046808,0.0000040807,0.0000027681,0.0000022824,0.0000012556,0.0000011626,0.0000010456,0.00000099387,0.000000846,0.00000065857,0.00000058608,0.00000053361,0.00000038711,0.00000034421,0.00000023974,0.00000021794,0.0000001618,0.00000015017,0.00000013435,0.00000013362,0.000000123,0.000000097153,0.000000059063,0.000000058476,0.000000038424,0.000000030664,0.000000025172,0.0000000084523,0.0000000059392,0.0000000057347,0.0000000023508,0.0000000019075,0.0000000018645,0.0000000011706,0.0000000011569,7.8181E-10,4.5924E-10,2.2015E-10,1.9506E-10,1.4596E-10,8.1525E-11,6.3263E-11,5.0343E-11,3.9359E-11,1.8962E-11,1.2939E-11,1.289E-11,1.0571E-11,7.8271E-12,7.4613E-12,4.9104E-12,4.1696E-12,3.6007E-12,2.4143E-12,2.1689E-12,1.7547E-12,1.3918E-12,8.9616E-13,6.0545E-13,1.5184E-13,1.2975E-13,1.0898E-13,8.0426E-14,5.3622E-14,5.1053E-14,2.7887E-14,2.6944E-14,2.2559E-14,1.8149E-14,1.3382E-14,3.1128E-16,2.3485E-16,2.0579E-16,1.6161E-16,1.4738E-16,1.1141E-16,3.9934E-17,3.4729E-17,2.7158E-17,2.0501E-17,1.7024E-17,7.1155E-18,6.6149E-18,2.9848E-18,1.1785E-18,5.2676E-19,4.9153E-19,1.9978E-19,8.9691E-20,8.5491E-20,6.016E-20,2.8976E-20,2.8506E-20,2.7487E-20,1.1177E-20,1.0257E-20,6.077E-21,4.6926E-21,2.6218E-21,2.2364E-21,1.0367E-21,9.0265E-22,4.0693E-22,3.2852E-22
1,0.00036189,0.00039424,0.00041333,0.00048599,0.00059557,0.00059838,0.00063122,0.00078141,0.0012105,0.0013111,0.0013531,0.0013546,0.0015314,0.0018976,0.0019512,0.002254,0.0034734,0.0052045,0.0054854,0.0069861,0.008003,0.0089134,0.0092638,0.010664,0.010755,0.012278,0.014892,0.017585,0.018846,0.025595,0.025907,0.032923,0.037601,0.038917,0.045016,0.048839,0.048906,0.051036,0.092655,0.1575,0.17689,0.17751,0.17758,0.20066,0.24279,0.24944,0.25401,0.33383,0.34379,0.3492,0.44405,0.52702,0.5799,0.61535,0.65812,0.80743,0.85376,0.85901,0.91321,0.96009,0.97572,0.97577,0.99148,0.99682,0.999,1,0.99929,0.99592,0.99365,0.98428,0.95815,0.9428,0.91402,0.84223,0.8341,0.80161,0.78157,0.7196,0.60574,0.57441,0.48889,0.42335,0.38917,0.33248,0.32525,0.31861,0.2862,0.26886,0.2685,0.25467,0.2445,0.22779,0.22643,0.22584,0.22253,0.21361,0.19935,0.19218,0.16152,0.16146,0.12944,0.12905,0.12288,0.11901,0.11657,0.10887,0.1013,0.07999,0.077261,0.068982,0.040947,0.034607,0.032672,0.022656,0.021657,0.020592,0.013876,0.013099,0.011009,0.01025,0.0099996,0.0095322,0.0069417,0.004952,0.0047799,0.0043588,0.0036935,0.0022044,0.0021538,0.0020752,0.00081815,0.00042381,0.00031866,0.00028196,0.00020005,0.00016887,0.00015552,0.00011377,0.000061927,0.000044249,0.000041271,0.000038427,0.000038012,0.000032425,0.0000079742,0.0000061761,0.0000058362,0.0000050942,0.0000034677,0.0000028641,0.0000015838,0.0000014674,0.0000013209,0.0000012561,0.0000010706,0.00000083525,0.000000744,0.000000678,0.00000049314,0.00000043891,0.00000030661,0.00000027893,0.00000020758,0.00000019278,0.00000017262,0.00000017169,0.00000015816,0.00000012515,0.000000076378,0.000000075625,0.000000049853,0.000000039854,0.000000032765,0.000000011092,0.0000000078138,0.0000000075468,0.0000000031134,0.0000000025301,0.0000000024735,0.000000001558,0.0000000015399,0.000000001,6.1518E-10,2.9637E-10,2.6281E-10,1.9703E-10,1.1048E-10,8.5872E-11,6.8437E-11,5.3591E-11,2.5939E-11,1.7743E-11,1.7676E-11,1.4514E-11,1.0767E-11,1.0267E-11,6.7745E-12,5.7583E-12,4.9772E-12,3.3455E-12,3.0074E-12,2.4362E-12,1.9351E-12,1.2493E-12,8.46E-13,2.139E-13,1.8295E-13,1.5381E-13,1.1372E-13,7.5994E-14,7.2374E-14,3.967E-14,3.8335E-14,3.2128E-14,2.5879E-14,1.9115E-14,4.5382E-16,3.429E-16,3.0069E-16,2.3642E-16,2.1572E-16,1.633E-16,5.8848E-17,5.1215E-17,4.0101E-17,3.0315E-17,2.5197E-17,1.0578E-17,9.8376E-18,4.4566E-18,1.7678E-18,7.9327E-19,7.4046E-19,3.0227E-19,1.3623E-19,1.2988E-19,9.1547E-20,4.4247E-20,4.3533E-20,4.1984E-20,1.7143E-20,1.5739E-20,9.3476E-21,7.2268E-21,4.0485E-21,3.456E-21,1.6077E-21,1.4007E-21,6.3372E-22,5.1211E-22
1,0.00031115,0.00033924,0.00035583,0.00041903,0.00051453,0.00051698,0.00054564,0.0006769,0.0010533,0.0011417,0.0011787,0.00118,0.0013357,0.001659,0.0017063,0.0019741,0.0030566,0.0046013,0.0048526,0.0061979,0.0071117,0.0079312,0.0082468,0.0095103,0.0095925,0.010968,0.013337,0.015784,0.016931,0.023091,0.023376,0.029808,0.03411,0.035321,0.040946,0.044479,0.044541,0.046511,0.085267,0.14636,0.16476,0.16535,0.16542,0.18739,0.22768,0.23406,0.23844,0.31544,0.3251,0.33035,0.42289,0.50461,0.55709,0.59245,0.63531,0.78717,0.83523,0.84071,0.89799,0.94912,0.96689,0.96695,0.98589,0.99311,0.9966,0.99929,1,0.99861,0.99718,0.99021,0.9681,0.95442,0.92811,0.86046,0.85269,0.82141,0.802,0.74146,0.62863,0.59729,0.51112,0.44452,0.40961,0.3514,0.34395,0.3371,0.30361,0.28563,0.28526,0.27089,0.26031,0.24291,0.24149,0.24087,0.23742,0.2281,0.21319,0.20568,0.17347,0.17341,0.13961,0.1392,0.13267,0.12857,0.12597,0.1178,0.10975,0.087015,0.084095,0.075224,0.045017,0.038141,0.036039,0.02512,0.024026,0.022862,0.015486,0.014629,0.012323,0.011483,0.011206,0.010689,0.007814,0.0055965,0.0054041,0.0049333,0.0041882,0.0025139,0.0024569,0.0023681,0.00094269,0.00049148,0.00037055,0.00032824,0.00023363,0.00019752,0.00018204,0.00013354,0.000073077,0.000052366,0.000048869,0.000045529,0.000045041,0.000038473,0.0000095688,0.0000074258,0.0000070202,0.0000061341,0.0000041877,0.0000034637,0.0000019238,0.0000017834,0.0000016066,0.0000015284,0.0000013042,0.0000010193,0.00000090871,0.00000082855,0.000000604,0.000000538,0.00000037679,0.000000343,0.00000025578,0.00000023766,0.000000213,0.00000021183,0.00000019525,0.00000015474,0.000000094746,0.000000093818,0.000000062,0.000000049649,0.000000040869,0.00000001393,0.000000009835,0.0000000095009,0.0000000039409,0.0000000032066,0.0000000031352,0.000000002,0.000000002,0.0000000013294,7.8618E-10,3.8035E-10,3.3751E-10,2.5345E-10,1.4257E-10,1.1097E-10,8.8553E-11,6.9436E-11,3.3742E-11,2.3128E-11,2.304E-11,1.8939E-11,1.4072E-11,1.3422E-11,8.8757E-12,7.5508E-12,6.5315E-12,4.3993E-12,3.957E-12,3.2088E-12,2.5519E-12,1.6511E-12,1.1204E-12,2.8522E-13,2.4415E-13,2.0544E-13,1.5211E-13,1.0185E-13,9.7021E-14,5.3335E-14,5.1549E-14,4.3239E-14,3.4864E-14,2.5789E-14,6.2295E-16,4.7128E-16,4.135E-16,3.2548E-16,2.9709E-16,2.2519E-16,8.1513E-17,7.0983E-17,5.5638E-17,4.2111E-17,3.5031E-17,1.4761E-17,1.3732E-17,6.2418E-18,2.4856E-18,1.1191E-18,1.0449E-18,4.2811E-19,1.9357E-19,1.8458E-19,1.3029E-19,6.3158E-20,6.2142E-20,5.994E-20,2.4562E-20,2.2558E-20,1.3425E-20,1.039E-20,5.8336E-21,4.9829E-21,2.3249E-21,2.0266E-21,9.1971E-22,7.4382E-22
1,0.00025142,0.00027443,0.00028803,0.00033993,0.00041856,0.00042058,0.00044422,0.00055271,0.00086537,0.00093913,0.00096997,0.00097108,0.0011012,0.001372,0.0014117,0.0016369,0.0025513,0.0038655,0.0040801,0.0052321,0.0060173,0.006723,0.0069952,0.0080867,0.0081577,0.0093497,0.011408,0.013542,0.014546,0.019953,0.020205,0.025887,0.029703,0.030779,0.03579,0.038945,0.039001,0.040763,0.075753,0.13182,0.14887,0.14941,0.14947,0.16993,0.20766,0.21366,0.21779,0.29077,0.29999,0.30501,0.39409,0.47379,0.52549,0.56057,0.60338,0.75794,0.80811,0.81389,0.87509,0.9318,0.95244,0.95251,0.97582,0.98561,0.9909,0.99592,0.99861,1,0.99975,0.99617,0.97981,0.96856,0.94588,0.88445,0.87721,0.84783,0.82941,0.77123,0.66046,0.62923,0.54255,0.47471,0.43887,0.3787,0.37095,0.36384,0.32888,0.31005,0.30965,0.29456,0.28342,0.26506,0.26356,0.2629,0.25925,0.24939,0.23355,0.22557,0.19118,0.19112,0.15479,0.15435,0.14729,0.14285,0.14004,0.13118,0.12243,0.097624,0.094425,0.084685,0.051258,0.04358,0.041225,0.028942,0.027706,0.026388,0.018005,0.017026,0.014387,0.013423,0.013105,0.01251,0.009195,0.0066222,0.0063983,0.0058494,0.0049791,0.0030125,0.0029451,0.0028403,0.001146,0.00060288,0.00045625,0.00040481,0.0002894,0.0002452,0.00022621,0.0001666,0.000091843,0.000066076,0.000061715,0.000057545,0.000056936,0.000048723,0.00001231,0.0000095797,0.000009062,0.0000079297,0.0000054357,0.000004505,0.0000025175,0.0000023355,0.0000021063,0.0000020047,0.0000017134,0.0000013424,0.0000011982,0.0000010935,0.00000079968,0.00000071313,0.00000050114,0.00000045663,0.00000034147,0.00000031749,0.00000028481,0.0000002833,0.00000026132,0.00000020756,0.00000012767,0.00000012643,0.000000083894,0.000000067301,0.000000055497,0.000000019098,0.000000013525,0.000000013069,0.000000005462,0.000000004452,0.0000000043537,0.0000000027604,0.0000000027289,0.0000000018593,0.0000000011043,5.3739E-10,4.7732E-10,3.5926E-10,2.0301E-10,1.5833E-10,1.2656E-10,9.9425E-11,4.8582E-11,3.3395E-11,3.3269E-11,2.7388E-11,2.0395E-11,1.9459E-11,1.2908E-11,1.0994E-11,9.5201E-12,6.4308E-12,5.7887E-12,4.7014E-12,3.7451E-12,2.4308E-12,1.6539E-12,4.2511E-13,3.6429E-13,3.0689E-13,2.277E-13,1.5288E-13,1.4568E-13,8.041E-14,7.7735E-14,6.5281E-14,5.2714E-14,3.9071E-14,9.668E-16,7.3269E-16,6.434E-16,5.0719E-16,4.6323E-16,3.5171E-16,1.2811E-16,1.1166E-16,8.765E-17,6.6453E-17,5.5341E-17,2.3441E-17,2.1816E-17,9.963E-18,3.989E-18,1.8043E-18,1.6854E-18,6.941E-19,3.1526E-19,3.007E-19,2.1268E-19,1.0351E-19,1.0186E-19,9.8268E-20,4.0469E-20,3.7185E-20,2.2193E-20,1.72E-20,9.6877E-21,8.2822E-21,3.8803E-21,3.3849E-21,1.5427E-21,1.2491E-21
1,0.00022944,0.00025056,0.00026305,0.00031073,0.00038306,0.00038492,0.00040668,0.00050664,0.00079532,0.00086354,0.00089206,0.00089309,0.0010135,0.0012645,0.0013013,0.0015102,0.0023606,0.0035864,0.0037868,0.0048643,0.0055998,0.0062614,0.0065168,0.0075414,0.0076081,0.0087285,0.010666,0.012678,0.013624,0.018736,0.018974,0.024359,0.027982,0.029005,0.03377,0.036775,0.036828,0.038507,0.071976,0.12597,0.14246,0.14299,0.14305,0.16287,0.19952,0.20536,0.20938,0.28064,0.28966,0.29458,0.38213,0.46087,0.51217,0.54708,0.58979,0.74521,0.79617,0.80207,0.8648,0.92375,0.94556,0.94564,0.97075,0.98161,0.98766,0.99365,0.99718,0.99975,1,0.99788,0.98401,0.97382,0.95274,0.8941,0.88711,0.8586,0.84065,0.7836,0.67391,0.64279,0.55602,0.48775,0.45157,0.39061,0.38275,0.37552,0.33997,0.32078,0.32038,0.30499,0.29362,0.27485,0.27331,0.27264,0.26891,0.25881,0.24259,0.23441,0.19909,0.19903,0.16159,0.16114,0.15385,0.14927,0.14637,0.13721,0.12815,0.10243,0.099111,0.088986,0.054122,0.046082,0.043614,0.030713,0.029412,0.028025,0.019181,0.018146,0.015353,0.014333,0.013995,0.013365,0.0098457,0.0071076,0.0068689,0.0062837,0.0053547,0.0032507,0.0031785,0.0030661,0.0012442,0.00065704,0.00049804,0.00044219,0.00031672,0.00026859,0.00024791,0.00018288,0.00010113,0.000072885,0.000068097,0.000063519,0.00006285,0.000053826,0.000013691,0.000010667,0.000010093,0.0000088372,0.0000060682,0.0000050335,0.0000028202,0.0000026172,0.0000023614,0.000002248,0.0000019227,0.0000015079,0.0000013466,0.0000012294,0.00000090028,0.00000080322,0.00000056529,0.00000051527,0.00000038579,0.00000035881,0.000000322,0.00000032031,0.00000029557,0.000000235,0.00000014482,0.00000014342,0.000000095318,0.000000076532,0.000000063156,0.000000021823,0.000000015474,0.000000015,0.0000000062701,0.0000000051144,0.000000005,0.0000000031766,0.0000000031405,0.0000000021427,0.0000000012749,6.2197E-10,5.5267E-10,4.1637E-10,2.3574E-10,1.84E-10,1.4719E-10,1.1573E-10,5.6681E-11,3.9009E-11,3.8863E-11,3.2012E-11,2.3862E-11,2.277E-11,1.5124E-11,1.2888E-11,1.1165E-11,7.5514E-12,6.7995E-12,5.526E-12,4.405E-12,2.8629E-12,1.9503E-12,5.0333E-13,4.3151E-13,3.6371E-13,2.7009E-13,1.8156E-13,1.7303E-13,9.567E-14,9.2497E-14,7.7716E-14,6.2794E-14,4.6582E-14,1.1645E-15,8.832E-16,7.7584E-16,6.1199E-16,5.5907E-16,4.2479E-16,1.5515E-16,1.3527E-16,1.0625E-16,8.0613E-17,6.7165E-17,2.8512E-17,2.6541E-17,1.2145E-17,4.8738E-18,2.2089E-18,2.0636E-18,8.5173E-19,3.876E-19,3.6975E-19,2.6173E-19,1.2761E-19,1.2557E-19,1.2116E-19,5.0002E-20,4.5953E-20,2.746E-20,2.1294E-20,1.201E-20,1.0271E-20,4.8207E-21,4.2065E-21,1.9206E-21,1.5558E-21
1,0.00017535,0.00019176,0.00020147,0.00023863,0.00029518,0.00029664,0.0003137,0.00039223,0.00062045,0.00067463,0.00069731,0.00069813,0.00079403,0.00099451,0.001024,0.0011916,0.0018779,0.0028759,0.0030399,0.0039241,0.0045303,0.005077,0.0052884,0.0061384,0.0061939,0.0071265,0.0087458,0.010435,0.011232,0.015558,0.01576,0.020352,0.023457,0.024336,0.028441,0.031038,0.031084,0.032538,0.061851,0.11009,0.125,0.12548,0.12553,0.14355,0.17711,0.18249,0.1862,0.25242,0.26087,0.26548,0.34837,0.42407,0.47398,0.50822,0.55042,0.70738,0.76029,0.76647,0.83319,0.89818,0.92321,0.9233,0.95343,0.96731,0.97549,0.98428,0.99021,0.99617,0.99788,1,0.99348,0.98645,0.97019,0.92014,0.91392,0.88817,0.8717,0.81834,0.71255,0.68195,0.59542,0.52624,0.48919,0.42621,0.41804,0.41051,0.37333,0.35315,0.35273,0.33649,0.32446,0.30454,0.30291,0.3022,0.29822,0.28747,0.27014,0.26137,0.22334,0.22327,0.18261,0.18212,0.17415,0.16913,0.16596,0.15591,0.14594,0.11747,0.11377,0.10248,0.063212,0.054053,0.051231,0.036399,0.034895,0.033287,0.022989,0.021777,0.018495,0.017293,0.016894,0.01615,0.011977,0.0087058,0.0084194,0.0077161,0.0065968,0.0040443,0.0039561,0.0038189,0.0015757,0.0008414,0.00064077,0.00057004,0.00041054,0.00034908,0.00032261,0.00023914,0.00013346,0.000096657,0.0000904,0.000084409,0.000083533,0.000071703,0.000018597,0.000014538,0.000013767,0.000012076,0.0000083338,0.0000069299,0.0000039121,0.000003634,0.0000032832,0.0000031275,0.0000026802,0.0000021085,0.0000018856,0.0000017235,0.000001267,0.000001132,0.00000080009,0.00000073012,0.00000054855,0.00000051063,0.00000045887,0.00000045646,0.0000004216,0.00000033608,0.00000020831,0.00000020632,0.00000013777,0.0000001109,0.000000091714,0.000000032068,0.000000022824,0.000000022066,0.0000000093384,0.0000000076337,0.0000000074675,0.000000004765,0.0000000047114,0.0000000032272,0.0000000019305,9.4863E-10,8.4393E-10,6.376E-10,3.6302E-10,2.8404E-10,2.2771E-10,1.7945E-10,8.8491E-11,6.1117E-11,6.0891E-11,5.0248E-11,3.7557E-11,3.5855E-11,2.3905E-11,2.0401E-11,1.7697E-11,1.2012E-11,1.0827E-11,8.8153E-12,7.0415E-12,4.5941E-12,3.1403E-12,8.2015E-13,7.0406E-13,5.943E-13,4.4246E-13,2.9844E-13,2.8454E-13,1.5811E-13,1.5291E-13,1.2866E-13,1.0415E-13,7.7451E-14,1.9948E-15,1.5162E-15,1.3332E-15,1.0536E-15,9.6317E-16,7.334E-16,2.6994E-16,2.356E-16,1.854E-16,1.4096E-16,1.1761E-16,5.0248E-17,4.6799E-17,2.1539E-17,8.7019E-18,3.9666E-18,3.7075E-18,1.54E-18,7.0474E-19,6.725E-19,4.772E-19,2.3384E-19,2.3014E-19,2.221E-19,9.2225E-20,8.4807E-20,5.0858E-20,3.9507E-20,2.2369E-20,1.9151E-20,9.0346E-21,7.8907E-21,3.6217E-21,2.9379E-21
1,0.00010826,0.00011868,0.00012486,0.00014859,0.00018491,0.00018585,0.00019685,0.00024771,0.00039714,0.0004329,0.0004479,0.00044844,0.00051203,0.00064572,0.00066549,0.00077803,0.001244,0.0019319,0.0020459,0.002664,0.0030908,0.0034777,0.0036277,0.0042332,0.0042728,0.0049411,0.0061096,0.0073378,0.0079205,0.011111,0.011261,0.014693,0.017035,0.0177,0.020823,0.022811,0.022846,0.023962,0.046914,0.08601,0.098345,0.098746,0.098789,0.11383,0.14223,0.14682,0.14998,0.20742,0.21486,0.21892,0.29312,0.36268,0.40946,0.44199,0.48258,0.63897,0.694,0.70052,0.77248,0.84625,0.87619,0.8763,0.91434,0.93307,0.94475,0.95815,0.9681,0.97981,0.98401,0.99348,1,0.99871,0.99137,0.95781,0.95311,0.93293,0.91951,0.87407,0.77781,0.74882,0.66462,0.59516,0.55724,0.49166,0.48304,0.47508,0.4355,0.41381,0.41335,0.39577,0.3827,0.36092,0.35913,0.35835,0.35398,0.34213,0.32293,0.31318,0.27048,0.27041,0.22403,0.22345,0.21427,0.20847,0.20479,0.19311,0.18146,0.14788,0.14348,0.12997,0.082167,0.070791,0.067266,0.048543,0.046624,0.044569,0.031271,0.029689,0.025384,0.023798,0.023271,0.022286,0.016722,0.012302,0.011912,0.010952,0.0094171,0.0058738,0.0057501,0.0055574,0.002361,0.0012856,0.00098711,0.00088121,0.00064076,0.0005474,0.00050702,0.00037903,0.00021496,0.00015704,0.00014713,0.00013763,0.00013624,0.00011742,0.000031511,0.000024783,0.000023498,0.000020677,0.000014397,0.000012023,0.0000068782,0.0000064001,0.0000057955,0.0000055268,0.000004753,0.0000037594,0.0000033703,0.0000030868,0.0000022846,0.0000020462,0.0000014572,0.0000013324,0.0000010072,0.000000939,0.00000084574,0.0000008414,0.00000077845,0.00000062351,0.00000039033,0.00000038667,0.00000026035,0.00000021049,0.00000017475,0.000000062383,0.000000044694,0.000000043238,0.0000000186,0.000000015262,0.000000014936,0.0000000096108,0.0000000095047,0.0000000065559,0.000000004,0.000000002,0.0000000017563,0.0000000013335,7.6671E-10,6.0245E-10,4.8482E-10,3.8363E-10,1.9146E-10,1.3305E-10,1.3257E-10,1.0975E-10,8.2426E-11,7.8752E-11,5.2855E-11,4.5225E-11,3.9322E-11,2.6858E-11,2.4248E-11,1.9808E-11,1.588E-11,1.0431E-11,7.173E-12,1.9128E-12,1.6459E-12,1.3929E-12,1.0417E-12,7.0681E-13,6.7437E-13,3.7805E-13,3.6579E-13,3.0858E-13,2.5056E-13,1.8715E-13,5.0792E-15,3.8753E-15,3.4137E-15,2.7065E-15,2.4773E-15,1.8934E-15,7.0643E-16,6.1769E-16,4.8765E-16,3.7213E-16,3.1123E-16,1.3448E-16,1.2537E-16,5.8292E-17,2.3829E-17,1.0972E-17,1.0264E-17,4.3113E-18,1.9924E-18,1.9024E-18,1.3557E-18,6.7024E-19,6.5975E-19,6.37E-19,2.6738E-19,2.4612E-19,1.4852E-19,1.1572E-19,6.5976E-20,5.659E-20,2.6937E-20,2.3565E-20,1.0916E-20,8.8769E-21
1,0.000087012,0.000095494,0.00010053,0.00011989,0.00014959,0.00015036,0.00015937,0.00020112,0.00032438,0.00035397,0.0003664,0.00036685,0.00041958,0.00053076,0.00054723,0.00064111,0.0010316,0.0016122,0.0017087,0.0022335,0.0025971,0.0029273,0.0030555,0.0035739,0.0036079,0.0041816,0.0051878,0.0062491,0.0067537,0.0095276,0.0096588,0.01266,0.014716,0.015302,0.018054,0.019811,0.019842,0.02083,0.041319,0.076754,0.088036,0.088403,0.088443,0.10226,0.12848,0.13274,0.13567,0.18929,0.19628,0.20011,0.27034,0.33693,0.38209,0.41367,0.45328,0.60818,0.66364,0.67026,0.74382,0.8207,0.8525,0.85261,0.89373,0.9144,0.92751,0.9428,0.95442,0.96856,0.97382,0.98645,0.99871,1,0.99674,0.97096,0.96699,0.94954,0.93764,0.89627,0.8053,0.77733,0.69496,0.62598,0.58796,0.52167,0.51292,0.50482,0.46439,0.44213,0.44166,0.42358,0.41009,0.38758,0.38572,0.38491,0.38038,0.36809,0.34812,0.33796,0.29327,0.29319,0.24429,0.24369,0.23396,0.22781,0.2239,0.21147,0.19907,0.16311,0.15838,0.14384,0.091934,0.079471,0.075598,0.054935,0.052807,0.050526,0.035701,0.033928,0.029095,0.02731,0.026717,0.025606,0.019313,0.014285,0.01384,0.012743,0.010984,0.006904,0.0067609,0.0065378,0.0028138,0.0015455,0.001191,0.0010649,0.00077761,0.00066569,0.00061721,0.00046314,0.00026454,0.000194,0.00018191,0.0001703,0.0001686,0.00014556,0.000039663,0.000031277,0.000029673,0.000026147,0.000018277,0.000015294,0.0000088007,0.0000081951,0.0000074287,0.0000070877,0.0000061048,0.0000048403,0.0000043441,0.0000039821,0.0000029562,0.0000026506,0.000001894,0.0000017333,0.0000013138,0.0000012257,0.0000011051,0.0000010994,0.0000010179,0.00000081707,0.00000051376,0.000000509,0.000000344,0.00000027863,0.00000023172,0.000000083488,0.00000006,0.000000058053,0.000000025156,0.000000020676,0.000000020238,0.000000013071,0.000000012927,0.0000000089444,0.0000000054231,0.0000000027143,0.000000002422,0.0000000018429,0.0000000010643,8.3785E-10,6.754E-10,5.3539E-10,2.6862E-10,1.872E-10,1.8652E-10,1.5463E-10,1.1638E-10,1.1123E-10,7.4877E-11,6.4141E-11,5.5827E-11,3.8238E-11,3.4547E-11,2.8263E-11,2.2694E-11,1.4952E-11,1.0309E-11,2.7748E-12,2.3901E-12,2.025E-12,1.5174E-12,1.0323E-12,9.8528E-13,5.5451E-13,5.3665E-13,4.5323E-13,3.6853E-13,2.758E-13,7.6611E-15,5.855E-15,5.1617E-15,4.0983E-15,3.7533E-15,2.8734E-15,1.0786E-15,9.4385E-16,7.4622E-16,5.7037E-16,4.7754E-16,2.0739E-16,1.9341E-16,9.0338E-17,3.7122E-17,1.717E-17,1.6068E-17,6.7827E-18,3.1483E-18,3.0068E-18,2.1468E-18,1.0655E-18,1.049E-18,1.013E-18,4.2723E-19,3.9345E-19,2.3808E-19,1.8576E-19,1.0623E-19,9.1191E-20,4.3581E-20,3.8152E-20,1.7746E-20,1.4447E-20
1,0.000061149,0.000067226,0.000070841,0.000084763,0.00010621,0.00010677,0.00011329,0.00014362,0.00023385,0.00025564,0.0002648,0.00026513,0.00030408,0.00038652,0.00039877,0.00046873,0.00076199,0.0012026,0.0012763,0.0016785,0.0019586,0.0022139,0.0023132,0.0027159,0.0027423,0.0031898,0.0039784,0.0048147,0.0052139,0.0074215,0.0075263,0.0099372,0.011599,0.012074,0.014312,0.015746,0.015772,0.01658,0.033584,0.063702,0.073429,0.073746,0.073781,0.08577,0.10872,0.11247,0.11506,0.16281,0.16909,0.17254,0.23644,0.29809,0.34045,0.37034,0.40813,0.55925,0.6148,0.62148,0.6967,0.7775,0.81179,0.81192,0.85733,0.88079,0.89595,0.91402,0.92811,0.94588,0.95274,0.97019,0.99137,0.99674,1,0.98697,0.98423,0.97138,0.96209,0.92778,0.84652,0.82054,0.74214,0.6747,0.63695,0.57019,0.56129,0.55304,0.5116,0.48863,0.48814,0.46938,0.45533,0.43178,0.42984,0.42899,0.42423,0.4113,0.39022,0.37944,0.33176,0.33168,0.27888,0.27823,0.26764,0.26093,0.25666,0.24306,0.22943,0.18963,0.18436,0.1681,0.10933,0.095012,0.090544,0.066525,0.064033,0.061357,0.043841,0.04173,0.035954,0.033813,0.033101,0.031765,0.024157,0.018021,0.017474,0.016126,0.013957,0.0088798,0.0087004,0.0084205,0.0036997,0.0020603,0.0015969,0.0014313,0.0010523,0.00090386,0.00083937,0.00063362,0.00036605,0.00027009,0.00025357,0.00023769,0.00023537,0.00020379,0.000056883,0.000045047,0.000042777,0.000037779,0.000026573,0.000022304,0.000012955,0.000012078,0.000010967,0.000010472,0.0000090416,0.0000071961,0.0000064699,0.0000059391,0.0000044302,0.0000039793,0.0000028585,0.0000026196,0.0000019943,0.0000018625,0.0000016819,0.0000016735,0.0000015513,0.0000012493,0.0000007911,0.00000078388,0.00000053283,0.000000433,0.000000361,0.000000132,0.000000095296,0.000000092262,0.000000040444,0.000000033331,0.000000032634,0.000000021201,0.000000021,0.000000014582,0.0000000088998,0.0000000044946,0.000000004,0.0000000030668,0.0000000017834,0.0000000014082,0.0000000011382,9.0489E-10,4.5787E-10,3.2048E-10,3.1933E-10,2.6534E-10,2.0039E-10,1.9162E-10,1.296E-10,1.1122E-10,9.6963E-11,6.6708E-11,6.0341E-11,4.9481E-11,3.9831E-11,2.637E-11,1.8259E-11,4.9873E-12,4.3029E-12,3.6524E-12,2.7456E-12,1.8757E-12,1.7911E-12,1.0143E-12,9.8201E-13,8.3087E-13,6.7708E-13,5.0828E-13,1.4651E-14,1.1227E-14,9.9101E-15,7.8865E-15,7.2288E-15,5.5488E-15,2.1029E-15,1.8427E-15,1.4602E-15,1.119E-15,9.3846E-16,4.1082E-16,3.8339E-16,1.8036E-16,7.4734E-17,3.4814E-17,3.26E-17,1.387E-17,6.4828E-18,6.194E-18,4.4359E-18,2.2155E-18,2.1813E-18,2.1071E-18,8.955E-19,8.2528E-19,5.0159E-19,3.9221E-19,2.2538E-19,1.9373E-19,9.3174E-20,8.166E-20,3.8231E-20,3.1178E-20
1,0.000029568,0.000032621,0.000034441,0.000041486,0.000052426,0.000052711,0.000056059,0.000071713,0.00011901,0.00013056,0.00013543,0.00013561,0.00015638,0.00020073,0.00020735,0.00024536,0.0004071,0.00065536,0.00069733,0.00092846,0.001091,0.0012402,0.0012985,0.001536,0.0015517,0.0018179,0.0022916,0.0027995,0.0030436,0.0044107,0.0044763,0.0059971,0.0070585,0.0073633,0.0088106,0.0097454,0.009762,0.010292,0.021735,0.042991,0.050051,0.050282,0.050307,0.05912,0.076283,0.07912,0.081085,0.11802,0.12297,0.12569,0.17724,0.22867,0.26491,0.29091,0.32428,0.46353,0.51719,0.52374,0.59917,0.68407,0.72164,0.72178,0.77343,0.80118,0.81961,0.84223,0.86046,0.88445,0.8941,0.92014,0.95781,0.97096,0.98697,1,0.99987,0.99688,0.99329,0.97496,0.91738,0.89669,0.83007,0.76881,0.7332,0.66817,0.65931,0.65106,0.60908,0.58542,0.58492,0.56538,0.55064,0.52569,0.52362,0.52271,0.51764,0.50376,0.48096,0.46922,0.41651,0.41641,0.35657,0.35581,0.34361,0.33584,0.33088,0.31501,0.29899,0.25147,0.24509,0.22528,0.15172,0.13326,0.12745,0.095732,0.09239,0.088789,0.064879,0.061952,0.053885,0.05087,0.049865,0.047974,0.037094,0.028147,0.027342,0.025347,0.022115,0.014419,0.014143,0.013711,0.0062788,0.0035945,0.0028186,0.0025388,0.0018922,0.001636,0.0015241,0.0011644,0.00068814,0.00051401,0.00048379,0.00045466,0.00045039,0.00039218,0.0001149,0.000091766,0.000087304,0.000077449,0.000055163,0.000046587,0.000027573,0.000025768,0.000023473,0.000022448,0.000019479,0.000015622,0.000014095,0.000012976,0.0000097725,0.0000088084,0.0000063955,0.0000058774,0.0000045133,0.0000042242,0.0000038268,0.0000038082,0.0000035385,0.0000028692,0.0000018425,0.0000018262,0.000001256,0.000001027,0.000000861,0.00000032422,0.00000023625,0.00000022893,0.00000010271,0.000000085099,0.000000083369,0.000000054806,0.00000005423,0.000000038079,0.00000002355,0.000000012109,0.000000010853,0.0000000083453,0.0000000049211,0.0000000039092,0.0000000031767,0.0000000025401,0.0000000013073,9.2307E-10,9.1985E-10,7.6778E-10,5.8382E-10,5.5889E-10,3.8157E-10,3.2866E-10,2.8747E-10,1.9954E-10,1.8092E-10,1.4905E-10,1.206E-10,8.061E-11,5.6293E-11,1.5836E-11,1.3709E-11,1.1679E-11,8.8352E-12,6.0871E-12,5.8185E-12,3.3363E-12,3.2323E-12,2.7448E-12,2.2467E-12,1.6971E-12,5.2678E-14,4.0586E-14,3.5915E-14,2.8713E-14,2.6365E-14,2.0345E-14,7.8605E-15,6.9055E-15,5.4971E-15,4.2346E-15,3.5637E-15,1.5852E-15,1.4813E-15,7.07E-16,2.9787E-16,1.4075E-16,1.3197E-16,5.7039E-17,2.7034E-17,2.5851E-17,1.8626E-17,9.4197E-18,9.277E-18,8.967E-18,3.8696E-18,3.5714E-18,2.1898E-18,1.7197E-18,9.9786E-19,8.6E-19,4.1891E-19,3.6798E-19,1.7454E-19,1.4284E-19
1,0.000027442,0.000030285,0.000031982,0.00003855,0.000048757,0.000049023,0.000052148,0.000066772,0.00011102,0.00012184,0.0001264,0.00012657,0.00014604,0.00018763,0.00019385,0.00022954,0.00038163,0.0006156,0.00065519,0.00087344,0.0010271,0.0011682,0.0012234,0.0014482,0.0014631,0.0017153,0.0021646,0.0026468,0.0028788,0.0041794,0.0042419,0.0056914,0.0067043,0.0069954,0.0083783,0.0092722,0.0092881,0.0097947,0.020773,0.041262,0.048085,0.04831,0.048334,0.056863,0.073502,0.076255,0.078164,0.11409,0.11892,0.12157,0.17192,0.22232,0.25793,0.28351,0.3164,0.45418,0.50753,0.51405,0.58928,0.67432,0.7121,0.71224,0.76434,0.79242,0.81112,0.8341,0.85269,0.87721,0.88711,0.91392,0.95311,0.96699,0.98423,0.99987,1,0.99804,0.99504,0.97841,0.92349,0.90343,0.83826,0.77785,0.74258,0.67794,0.66911,0.66089,0.61898,0.59531,0.5948,0.57524,0.56046,0.53544,0.53336,0.53245,0.52735,0.51341,0.49049,0.47867,0.42554,0.42545,0.36497,0.3642,0.35186,0.34398,0.33896,0.32288,0.30662,0.25835,0.25186,0.23168,0.15658,0.13768,0.13172,0.099162,0.095726,0.092022,0.067393,0.064373,0.056044,0.05293,0.05189,0.049936,0.038675,0.029397,0.028561,0.026489,0.023131,0.015118,0.01483,0.01438,0.0066127,0.0037962,0.0029803,0.0026857,0.0020044,0.0017342,0.0016161,0.0012362,0.00073224,0.00054763,0.00051556,0.00048465,0.00048011,0.0004183,0.00012315,0.000098439,0.000093671,0.000083134,0.000059287,0.000050101,0.000029709,0.000027771,0.000025306,0.000024205,0.000021014,0.000016866,0.000015223,0.000014018,0.000010568,0.0000095284,0.0000069257,0.0000063664,0.0000048931,0.0000045807,0.0000041511,0.000004131,0.0000038394,0.0000031152,0.0000020034,0.0000019857,0.0000013673,0.0000011187,0.0000009384,0.00000035441,0.00000025849,0.00000025051,0.00000011265,0.000000093388,0.000000091495,0.000000060219,0.000000059588,0.000000041883,0.000000025937,0.000000013361,0.000000012,0.0000000092171,0.0000000054428,0.0000000043262,0.0000000035175,0.0000000028143,0.0000000014508,0.000000001,0.000000001,8.5325E-10,6.4926E-10,6.216E-10,4.2478E-10,3.6602E-10,3.2025E-10,2.2249E-10,2.0178E-10,1.6632E-10,1.3464E-10,9.008E-11,6.296E-11,1.7765E-11,1.5383E-11,1.311E-11,9.9243E-12,6.8433E-12,6.542E-12,3.7559E-12,3.639E-12,3.0913E-12,2.5314E-12,1.9134E-12,5.9836E-14,4.6126E-14,4.0829E-14,3.2656E-14,2.9991E-14,2.3155E-14,8.9637E-15,7.8768E-15,6.2731E-15,4.8349E-15,4.0703E-15,1.8134E-15,1.6948E-15,8.1009E-16,3.4188E-16,1.6178E-16,1.517E-16,6.5673E-17,3.1169E-17,2.9808E-17,2.149E-17,1.0882E-17,1.0717E-17,1.036E-17,4.4776E-18,4.1331E-18,2.5365E-18,1.9929E-18,1.1575E-18,9.9783E-19,4.8667E-19,4.276E-19,2.0309E-19,1.6626E-19
1,0.000020546,0.000022706,0.000023996,0.000028999,0.000036798,0.000037002,0.000039395,0.000050619,0.00008479,0.00009318,0.000096719,0.000096847,0.00011199,0.00014442,0.00014928,0.00017722,0.00029699,0.00048275,0.00051432,0.00068892,0.00081233,0.00092596,0.00097044,0.0011521,0.0011641,0.0013686,0.0017343,0.0021284,0.0023184,0.0033894,0.003441,0.004643,0.005487,0.0057301,0.0068878,0.0076384,0.0076517,0.0080779,0.017412,0.035151,0.041121,0.041318,0.041339,0.048838,0.063565,0.066013,0.067711,0.09992,0.10428,0.10668,0.15254,0.19902,0.23217,0.25613,0.28712,0.41895,0.47086,0.47723,0.55139,0.63656,0.67491,0.67505,0.72856,0.75775,0.77733,0.80161,0.82141,0.84783,0.8586,0.88817,0.93293,0.94954,0.97138,0.99688,0.99804,1,0.99931,0.98937,0.94503,0.9275,0.86837,0.81161,0.77786,0.71507,0.70641,0.69833,0.65689,0.63332,0.63282,0.61325,0.59841,0.57319,0.57109,0.57016,0.56501,0.55088,0.52757,0.51551,0.46099,0.46089,0.39817,0.39737,0.38448,0.37624,0.37098,0.35411,0.337,0.28586,0.27895,0.2574,0.17633,0.15569,0.14916,0.11325,0.10944,0.10532,0.077806,0.074412,0.065022,0.061499,0.060323,0.058108,0.045294,0.034657,0.033694,0.031305,0.027421,0.018092,0.017755,0.017228,0.0080502,0.0046711,0.0036837,0.0033259,0.0024953,0.0021644,0.0020196,0.001552,0.00092744,0.00069691,0.00065675,0.00061798,0.00061228,0.00053463,0.00016037,0.00012862,0.00012248,0.00010889,0.00007803,0.000066097,0.000039481,0.000036939,0.000033703,0.000032256,0.000028058,0.000022586,0.000020413,0.000018818,0.000014239,0.000012857,0.0000093835,0.0000086351,0.000006659,0.0000062391,0.000005661,0.0000056339,0.000005241,0.0000042636,0.0000027569,0.0000027329,0.0000018903,0.0000015503,0.0000013032,0.00000049783,0.00000036441,0.00000035329,0.0000001603,0.00000013317,0.0000001305,0.000000086283,0.000000085388,0.000000060247,0.000000037501,0.000000019453,0.000000017459,0.000000013471,0.000000008,0.000000006372,0.0000000051918,0.0000000041631,0.0000000021603,0.0000000015319,0.0000000015267,0.0000000012771,0.000000001,9.3323E-10,6.4008E-10,5.5231E-10,4.8386E-10,3.3731E-10,3.062E-10,2.5284E-10,2.0508E-10,1.3772E-10,9.6578E-11,2.7563E-11,2.3898E-11,2.0396E-11,1.5478E-11,1.0708E-11,1.024E-11,5.9075E-12,5.7253E-12,4.8704E-12,3.9952E-12,3.027E-12,9.7417E-14,7.5253E-14,6.6675E-14,5.3425E-14,4.9097E-14,3.7985E-14,1.4814E-14,1.3031E-14,1.0396E-14,8.029E-15,6.7683E-15,3.0342E-15,2.8372E-15,1.3637E-15,5.7924E-16,2.7562E-16,2.5857E-16,1.1263E-16,5.3743E-17,5.1412E-17,3.7153E-17,1.8904E-17,1.8621E-17,1.8004E-17,7.8275E-18,7.2293E-18,4.4518E-18,3.5035E-18,2.0426E-18,1.7627E-18,8.6395E-19,7.5975E-19,3.6268E-19,2.9731E-19
1,0.000017286,0.000019119,0.000020214,0.000024465,0.000031105,0.000031279,0.000033319,0.000042902,0.000072176,0.000079382,0.000082424,0.000082534,0.000095555,0.00012351,0.0001277,0.00015183,0.00025563,0.00041741,0.00044498,0.00059771,0.00070592,0.0008057,0.0008448,0.0010047,0.0010153,0.0011956,0.0015187,0.0018678,0.0020364,0.0029893,0.0030354,0.0041094,0.0048656,0.0050837,0.0061239,0.0067995,0.0068115,0.0071955,0.015659,0.031916,0.037422,0.037604,0.037623,0.044559,0.058231,0.06051,0.062092,0.092221,0.096314,0.098569,0.14187,0.18608,0.21778,0.24078,0.27062,0.3987,0.44962,0.4559,0.52918,0.61412,0.65266,0.6528,0.70691,0.73662,0.75664,0.78157,0.802,0.82941,0.84065,0.8717,0.91951,0.93764,0.96209,0.99329,0.99504,0.99931,1,0.99406,0.95622,0.94028,0.88502,0.8307,0.79801,0.73659,0.72807,0.7201,0.67912,0.6557,0.65519,0.63569,0.62087,0.59562,0.59351,0.59259,0.58741,0.57322,0.54976,0.5376,0.4824,0.4823,0.41841,0.4176,0.40441,0.39597,0.39058,0.37326,0.35567,0.30291,0.29575,0.27341,0.1888,0.1671,0.16022,0.12227,0.11822,0.11386,0.084541,0.080912,0.070855,0.067075,0.065812,0.063432,0.049632,0.038124,0.03708,0.034487,0.030264,0.02008,0.019711,0.019133,0.0090253,0.0052701,0.0041672,0.0037667,0.0028348,0.0024626,0.0022995,0.0017719,0.0010644,0.00080207,0.00075628,0.00071205,0.00070555,0.00061688,0.0001871,0.00015035,0.00014323,0.00012747,0.000091607,0.000077707,0.000046615,0.000043638,0.000039845,0.000038148,0.00003322,0.000026788,0.000024231,0.000022352,0.000016951,0.000015317,0.000011206,0.000010319,0.0000079735,0.0000074744,0.0000067868,0.0000067546,0.000006287,0.0000051224,0.0000033229,0.0000032941,0.0000022846,0.0000018764,0.0000015793,0.00000060736,0.00000044553,0.000000432,0.00000019707,0.00000016391,0.00000016065,0.00000010651,0.00000010541,0.00000007454,0.000000046538,0.000000024241,0.000000021771,0.000000016825,0.00000001,0.000000008,0.0000000065219,0.0000000052365,0.0000000027279,0.0000000019383,0.0000000019317,0.0000000016176,0.0000000012361,0.0000000011842,8.1395E-10,7.0294E-10,6.1628E-10,4.305E-10,3.91E-10,3.2321E-10,2.6246E-10,1.7665E-10,1.2411E-10,3.5662E-11,3.0944E-11,2.6431E-11,2.0087E-11,1.3923E-11,1.3318E-11,7.705E-12,7.4686E-12,6.3587E-12,5.2213E-12,3.9615E-12,1.2967E-13,1.0029E-13,8.8913E-14,7.1318E-14,6.5567E-14,5.0789E-14,1.9895E-14,1.7511E-14,1.3985E-14,1.0813E-14,9.1226E-15,4.1046E-15,3.8393E-15,1.8514E-15,7.8941E-16,3.7686E-16,3.5364E-16,1.5459E-16,7.4004E-17,7.0808E-17,5.124E-17,2.6147E-17,2.5756E-17,2.4907E-17,1.0867E-17,1.004E-17,6.1948E-18,4.8801E-18,2.8514E-18,2.4622E-18,1.2103E-18,1.0649E-18,5.0986E-19,4.183E-19
1,0.000010306,0.000011425,0.000012096,0.000014706,0.000018804,0.000018912,0.000020176,0.000026138,0.000044541,0.000049105,0.000051035,0.000051104,0.000059386,0.000077263,0.000079955,0.000095489,0.000163,0.00026974,0.00028807,0.00039016,0.00046298,0.00053044,0.00055694,0.00066572,0.00067294,0.00079628,0.0010188,0.0012609,0.0013784,0.002048,0.0020806,0.0028447,0.0033871,0.0035441,0.0042963,0.0047875,0.0047962,0.0050763,0.011363,0.023822,0.02812,0.028262,0.028278,0.033736,0.044618,0.046446,0.047717,0.072232,0.075603,0.077463,0.11366,0.15141,0.17892,0.19908,0.22548,0.34179,0.38933,0.39524,0.46509,0.54809,0.58654,0.58669,0.64164,0.67234,0.69326,0.7196,0.74146,0.77123,0.7836,0.81834,0.87407,0.89627,0.92778,0.97496,0.97841,0.98937,0.99406,1,0.9821,0.9712,0.92853,0.88253,0.85362,0.79746,0.7895,0.78203,0.74313,0.72056,0.72008,0.70111,0.6866,0.66167,0.65958,0.65866,0.65352,0.63937,0.61581,0.60352,0.5471,0.547,0.4804,0.47954,0.46561,0.45668,0.45095,0.4325,0.41365,0.35645,0.34861,0.32402,0.22908,0.20421,0.19627,0.15203,0.14726,0.1421,0.10712,0.10274,0.090545,0.085937,0.084394,0.081482,0.06447,0.050095,0.048781,0.045509,0.040155,0.027084,0.026605,0.025856,0.012541,0.0074609,0.0059458,0.0053922,0.0040956,0.0035738,0.0033442,0.0025978,0.0015846,0.001204,0.0011372,0.0010726,0.001063,0.000933,0.00029236,0.00023628,0.00022538,0.00020118,0.00014581,0.0001242,0.000075453,0.000070748,0.000064742,0.00006205,0.000054215,0.000043944,0.000039844,0.000036824,0.000028107,0.000025458,0.00001876,0.000017308,0.000013452,0.000012628,0.000011491,0.000011438,0.000010663,0.0000087276,0.0000057156,0.0000056672,0.0000039616,0.0000032674,0.0000027601,0.0000010827,0.00000079926,0.00000077552,0.00000035932,0.00000029994,0.00000029408,0.00000019653,0.00000019455,0.00000013849,0.000000087239,0.000000046,0.000000041391,0.000000032139,0.000000019322,0.000000015478,0.000000012673,0.000000010215,0.0000000053824,0.0000000038472,0.0000000038342,0.0000000032206,0.0000000024723,0.0000000023703,0.0000000016396,0.0000000014195,0.0000000012472,8.7649E-10,7.9733E-10,6.6118E-10,5.3876E-10,3.6496E-10,2.579E-10,7.559E-11,6.5736E-11,5.6289E-11,4.2961E-11,2.9947E-11,2.8666E-11,1.6724E-11,1.6219E-11,1.3842E-11,1.14E-11,8.6859E-12,2.9887E-13,2.32E-13,2.0602E-13,1.6577E-13,1.5258E-13,1.1861E-13,4.7071E-14,4.1502E-14,3.3248E-14,2.5798E-14,2.1814E-14,9.9214E-15,9.2885E-15,4.523E-15,1.9503E-15,9.4005E-16,8.8286E-16,3.9007E-16,1.8849E-16,1.8045E-16,1.3111E-16,6.7474E-17,6.6477E-17,6.4312E-17,2.8349E-17,2.6217E-17,1.6273E-17,1.2857E-17,7.5617E-18,6.5411E-18,3.2431E-18,2.8578E-18,1.3804E-18,1.1351E-18
1,0.0000040707,0.0000045313,0.0000048081,0.0000058916,0.000007609,0.0000076543,0.0000081875,0.00001072,0.000018681,0.000020681,0.000021529,0.00002156,0.000025216,0.000033183,0.00003439,0.000041394,0.000072375,0.00012259,0.00013132,0.00018044,0.0002159,0.000249,0.00026207,0.00031603,0.00031962,0.0003814,0.00049412,0.00061831,0.0006791,0.0010305,0.0010477,0.0014573,0.0017522,0.0018381,0.0022528,0.0025261,0.002531,0.0026877,0.0063186,0.013914,0.016617,0.016707,0.016717,0.020199,0.027278,0.028483,0.029323,0.045882,0.048206,0.049493,0.075095,0.10278,0.1235,0.13895,0.15951,0.25408,0.2945,0.2996,0.36103,0.437,0.47336,0.47349,0.52685,0.55743,0.57862,0.60574,0.62863,0.66046,0.67391,0.71255,0.77781,0.8053,0.84652,0.91738,0.92349,0.94503,0.95622,0.9821,1,0.99866,0.98116,0.95313,0.93296,0.89002,0.88361,0.87753,0.84494,0.82538,0.82496,0.80817,0.79514,0.77236,0.77043,0.76958,0.76481,0.75159,0.72926,0.71747,0.66204,0.66193,0.5939,0.593,0.57842,0.569,0.56294,0.54327,0.52296,0.45996,0.45117,0.42331,0.31179,0.28142,0.27163,0.21592,0.2098,0.20315,0.15722,0.15135,0.13488,0.12859,0.12648,0.12248,0.098811,0.078332,0.076434,0.071689,0.063857,0.044324,0.043595,0.042452,0.021616,0.013283,0.010731,0.0097884,0.0075543,0.0066432,0.0062398,0.0049158,0.0030797,0.0023738,0.0022488,0.0021273,0.0021094,0.0018638,0.00061814,0.00050457,0.00048235,0.00043283,0.00031834,0.00027312,0.00016963,0.00015949,0.00014652,0.00014068,0.00012364,0.00010111,0.000092061,0.000085366,0.000065899,0.000059933,0.000044722,0.000041395,0.000032501,0.000030589,0.00002794,0.000027816,0.000026004,0.000021453,0.000014283,0.000014167,0.00001004,0.0000083418,0.0000070916,0.0000028796,0.0000021491,0.0000020875,0.00000099388,0.00000083486,0.00000081911,0.00000055505,0.00000054963,0.00000039581,0.00000025323,0.00000013636,0.00000012314,0.000000096401,0.000000058913,0.000000047525,0.000000039158,0.000000031778,0.000000017081,0.000000012336,0.000000012295,0.000000010383,0.000000008,0.0000000077125,0.0000000053944,0.0000000046903,0.000000004137,0.0000000029377,0.0000000026799,0.0000000022345,0.0000000018317,0.0000000012549,8.9562E-10,2.7176E-10,2.3725E-10,2.0403E-10,1.5689E-10,1.1045E-10,1.0585E-10,6.2664E-11,6.0821E-11,5.2131E-11,4.3159E-11,3.3122E-11,1.2432E-12,9.7117E-13,8.6499E-13,6.9973E-13,6.4539E-13,5.0484E-13,2.0492E-13,1.8123E-13,1.4597E-13,1.1395E-13,9.6746E-14,4.4835E-14,4.204E-14,2.0821E-14,9.1548E-15,4.4873E-15,4.2204E-15,1.8996E-15,9.33E-16,8.9408E-16,6.5428E-16,3.4169E-16,3.3675E-16,3.2602E-16,1.4631E-16,1.3554E-16,8.5005E-17,6.7504E-17,4.0156E-17,3.4844E-17,1.7535E-17,1.5494E-17,7.5993E-18,6.2749E-18
1,0.0000031421,0.0000035016,0.0000037177,0.0000045652,0.000005912,0.0000059476,0.0000063664,0.0000083601,0.000014657,0.000016244,0.000016918,0.000016943,0.00001985,0.000026204,0.000027168,0.00003277,0.000057672,0.000098303,0.0001054,0.00014539,0.00017435,0.00020144,0.00021215,0.00025644,0.0002594,0.00031025,0.00040331,0.00050619,0.00055666,0.00084953,0.00086397,0.0012073,0.0014554,0.0015279,0.0018782,0.0021097,0.0021138,0.0022467,0.0053528,0.011946,0.014312,0.014391,0.0144,0.017459,0.023712,0.02478,0.025525,0.040302,0.042386,0.043542,0.066671,0.091928,0.11096,0.12522,0.14428,0.23292,0.27127,0.27612,0.3349,0.40833,0.44376,0.44389,0.49623,0.52642,0.54743,0.57441,0.59729,0.62923,0.64279,0.68195,0.74882,0.77733,0.82054,0.89669,0.90343,0.9275,0.94028,0.9712,0.99866,1,0.98978,0.96723,0.94983,0.9113,0.90542,0.89983,0.86952,0.85111,0.85071,0.83479,0.82237,0.80053,0.79867,0.79785,0.79326,0.78049,0.75883,0.74734,0.69294,0.69283,0.62525,0.62435,0.60976,0.60031,0.59423,0.57443,0.55393,0.48992,0.48093,0.45239,0.33694,0.30517,0.29488,0.23607,0.22957,0.2225,0.17342,0.16713,0.14938,0.1426,0.14031,0.13599,0.11029,0.087909,0.085827,0.080616,0.071994,0.050363,0.049552,0.048279,0.02491,0.015443,0.012522,0.01144,0.0088675,0.0078145,0.0073475,0.0058107,0.0036668,0.0028375,0.0026901,0.0025469,0.0025258,0.0022357,0.00075305,0.00061636,0.00058956,0.0005298,0.00039122,0.00033631,0.00021012,0.00019772,0.00018183,0.00017467,0.00015375,0.00012605,0.00011489,0.00010663,0.00008257,0.000075178,0.00005629,0.000052148,0.000041058,0.000038669,0.000035356,0.000035201,0.000032933,0.000027228,0.00001821,0.000018063,0.00001285,0.000010697,0.0000091096,0.000003734,0.000002795,0.0000027157,0.0000013026,0.000001096,0.0000010756,0.00000073159,0.00000072452,0.00000052339,0.00000033627,0.00000018213,0.00000016461,0.00000012916,0.000000079284,0.000000064082,0.00000005289,0.000000043,0.00000002324,0.00000001683,0.000000016776,0.000000014186,0.000000011,0.000000010565,0.0000000074116,0.0000000064517,0.0000000056966,0.0000000040567,0.0000000037035,0.0000000030926,0.0000000025392,0.0000000017449,0.0000000012488,3.825E-10,3.3428E-10,2.8781E-10,2.2176E-10,1.5654E-10,1.5007E-10,8.9197E-11,8.6592E-11,7.4306E-11,6.1605E-11,4.7372E-11,1.8206E-12,1.4247E-12,1.2699E-12,1.0288E-12,9.4945E-13,7.4395E-13,3.0384E-13,2.6893E-13,2.1692E-13,1.6963E-13,1.4417E-13,6.7155E-14,6.2996E-14,3.1343E-14,1.3855E-14,6.8222E-15,6.4188E-15,2.9037E-15,1.4325E-15,1.3731E-15,1.0068E-15,5.2789E-16,5.2031E-16,5.0383E-16,2.2722E-16,2.1058E-16,1.3244E-16,1.0532E-16,6.2847E-17,5.4579E-17,2.7579E-17,2.4385E-17,1.201E-17,9.9282E-18
1,0.0000015115,0.0000016896,0.000001797,0.0000022198,0.0000028963,0.0000029142,0.0000031257,0.0000041376,0.0000073773,0.0000082019,0.0000085527,0.0000085654,0.000010084,0.000013427,0.000013937,0.00001691,0.000030303,0.000052566,0.00005649,0.000078777,0.000095057,0.00011038,0.00011646,0.00014171,0.0001434,0.00017261,0.00022651,0.00028665,0.00031634,0.0004905,0.00049916,0.00070657,0.00085811,0.00090255,0.0011187,0.0012626,0.0012651,0.001348,0.0033327,0.0077188,0.009329,0.009383,0.0093889,0.011494,0.015857,0.01661,0.017136,0.02774,0.029259,0.030103,0.047273,0.066525,0.081317,0.092541,0.10771,0.18051,0.21301,0.21716,0.26816,0.33361,0.36588,0.366,0.41451,0.44296,0.46295,0.48889,0.51112,0.54255,0.55602,0.59542,0.66462,0.69496,0.74214,0.83007,0.83826,0.86837,0.88502,0.92853,0.98116,0.98978,1,0.99343,0.98437,0.95946,0.9553,0.95126,0.9284,0.91384,0.91352,0.90058,0.89029,0.87184,0.87025,0.86955,0.8656,0.85454,0.83547,0.82521,0.77544,0.77534,0.71107,0.71021,0.696,0.68675,0.68077,0.66118,0.64069,0.57547,0.56616,0.53636,0.41201,0.37669,0.36515,0.29809,0.29056,0.28235,0.22447,0.21693,0.19554,0.18729,0.1845,0.17922,0.1475,0.11935,0.11671,0.11006,0.098998,0.070767,0.069694,0.068006,0.036398,0.023123,0.018943,0.017382,0.013636,0.012088,0.011397,0.0091095,0.0058654,0.0045884,0.0043598,0.0041371,0.0041042,0.0036512,0.0012836,0.0010585,0.0010142,0.00091499,0.00068318,0.00059051,0.00037512,0.00035373,0.00032624,0.00031384,0.00027746,0.00022901,0.0002094,0.00019483,0.00015215,0.00013896,0.00010504,0.000097548,0.000077394,0.000073029,0.000066964,0.000066678,0.000062514,0.000051994,0.000035209,0.000034934,0.00002511,0.000021019,0.000017986,0.0000075669,0.0000057111,0.0000055535,0.0000027189,0.0000022987,0.0000022569,0.0000015513,0.0000015367,0.0000011198,0.00000072793,0.00000040058,0.000000363,0.00000028659,0.0000001781,0.00000014472,0.00000012,0.000000098077,0.000000053807,0.00000003927,0.000000039146,0.000000033237,0.000000025932,0.000000024926,0.000000017633,0.000000015399,0.000000013636,0.0000000097875,0.000000009,0.000000007508,0.0000000061923,0.0000000042917,0.0000000030946,0.000000001,8.5279E-10,7.3663E-10,5.7076E-10,4.0592E-10,3.895E-10,2.3407E-10,2.2738E-10,1.9575E-10,1.6292E-10,1.2597E-10,5.1695E-12,4.0646E-12,3.6311E-12,2.9537E-12,2.7301E-12,2.1492E-12,8.9285E-13,7.921E-13,6.4149E-13,5.0395E-13,4.2962E-13,2.0297E-13,1.9062E-13,9.606E-14,4.3093E-14,2.1489E-14,2.0241E-14,9.2851E-15,4.6376E-15,4.4485E-15,3.2793E-15,1.7386E-15,1.714E-15,1.6607E-15,7.5911E-16,7.0444E-16,4.4651E-16,3.5644E-16,2.1453E-16,1.8674E-16,9.543E-17,8.4551E-17,4.2127E-17,3.4931E-17
1,0.00000082868,0.00000092863,0.000000989,0.0000012275,0.0000016112,0.0000016214,0.0000017419,0.0000023206,0.0000041939,0.0000046744,0.0000048792,0.0000048866,0.0000057756,0.0000077433,0.0000080446,0.0000098069,0.00001783,0.000031368,0.000033772,0.000047508,0.000057613,0.000067168,0.000070969,0.000086819,0.000087884,0.00010632,0.00014058,0.0001791,0.0001982,0.00031125,0.00031691,0.00045326,0.00055373,0.0005833,0.00072783,0.00082452,0.00082626,0.00088214,0.0022466,0.0053599,0.0065239,0.0065631,0.0065673,0.0081015,0.011319,0.011878,0.01227,0.020264,0.021423,0.022068,0.035364,0.050586,0.062461,0.071561,0.08397,0.145,0.17292,0.17651,0.22112,0.27957,0.30886,0.30898,0.35359,0.38007,0.39883,0.42335,0.44452,0.47471,0.48775,0.52624,0.59516,0.62598,0.6747,0.76881,0.77785,0.81161,0.8307,0.88253,0.95313,0.96723,0.99343,1,0.99804,0.98517,0.98255,0.97994,0.96404,0.95318,0.95293,0.94293,0.93478,0.91979,0.91848,0.9179,0.91463,0.90537,0.88913,0.88026,0.83608,0.836,0.77666,0.77584,0.76243,0.75365,0.74794,0.72915,0.70932,0.64503,0.63572,0.60569,0.47692,0.43934,0.42696,0.35405,0.34576,0.33668,0.27195,0.26341,0.23903,0.22957,0.22637,0.22028,0.18343,0.15024,0.14709,0.13917,0.12589,0.091565,0.090245,0.088167,0.048593,0.031481,0.026004,0.023944,0.018966,0.016891,0.015963,0.012867,0.0084196,0.0066439,0.0063242,0.0060122,0.005966,0.0053289,0.0019388,0.0016085,0.0015432,0.0013966,0.0010521,0.00091336,0.00058799,0.0005554,0.00051342,0.00049446,0.00043867,0.00036405,0.0003337,0.00031111,0.00024462,0.00022397,0.00017058,0.00015873,0.00012671,0.00011975,0.00011005,0.0001096,0.00010292,0.000086015,0.000058831,0.000058384,0.000042315,0.000035578,0.000030561,0.000013128,0.0000099743,0.0000097055,0.0000048304,0.0000040993,0.0000040264,0.0000027908,0.0000027652,0.0000020292,0.0000013315,0.00000074213,0.00000067391,0.00000053471,0.00000033559,0.00000027385,0.000000228,0.00000018706,0.00000010387,0.000000076279,0.000000076,0.000000064772,0.000000050781,0.000000048848,0.000000034788,0.00000003046,0.000000027,0.000000019528,0.000000017895,0.000000015055,0.000000012461,0.0000000086956,0.0000000063079,0.000000002,0.0000000017792,0.0000000015409,0.0000000011993,8.5805E-10,8.2392E-10,4.9953E-10,4.8549E-10,4.1903E-10,3.4987E-10,2.717E-10,1.1751E-11,9.2748E-12,8.3006E-12,6.7741E-12,6.269E-12,4.9537E-12,2.0862E-12,1.8542E-12,1.5065E-12,1.1879E-12,1.0152E-12,4.8506E-13,4.5599E-13,2.3214E-13,1.0538E-13,5.3084E-14,5.0043E-14,2.3215E-14,1.171E-14,1.1239E-14,8.3207E-15,4.4508E-15,4.3888E-15,4.254E-15,1.9658E-15,1.8261E-15,1.1647E-15,9.3261E-16,5.6519E-16,4.9291E-16,2.5417E-16,2.2556E-16,1.1343E-16,9.4286E-17
1,0.00000059353,0.000000666,0.00000070985,0.00000088329,0.0000011633,0.0000011707,0.0000012588,0.0000016829,0.0000030639,0.0000034196,0.0000035713,0.0000035769,0.0000042366,0.0000057013,0.0000059261,0.000007243,0.000013273,0.000023531,0.00002536,0.000035845,0.000043587,0.000050928,0.000053852,0.000066071,0.000066893,0.000081152,0.00010774,0.00013776,0.00015269,0.00024146,0.00024592,0.00035372,0.00043351,0.00045705,0.00057237,0.00064974,0.00065113,0.00069594,0.0018013,0.0043677,0.0053367,0.0053694,0.005373,0.006656,0.0093636,0.0098362,0.010168,0.016976,0.017969,0.018523,0.030013,0.043317,0.053782,0.061843,0.072889,0.12794,0.15345,0.15675,0.19791,0.25244,0.28001,0.28012,0.32239,0.34765,0.36561,0.38917,0.40961,0.43887,0.45157,0.48919,0.55724,0.58796,0.63695,0.7332,0.74258,0.77786,0.79801,0.85362,0.93296,0.94983,0.98437,0.99804,1,0.99395,0.99223,0.99044,0.97861,0.96996,0.96976,0.96153,0.95468,0.94183,0.94069,0.94018,0.93734,0.92921,0.91477,0.90679,0.86634,0.86626,0.81047,0.80969,0.7969,0.78848,0.783,0.7649,0.74568,0.68268,0.67349,0.64367,0.51372,0.47519,0.46244,0.38676,0.3781,0.36859,0.30032,0.29124,0.26525,0.25513,0.25171,0.24518,0.20548,0.16941,0.16598,0.15731,0.14275,0.10481,0.10334,0.10103,0.056582,0.037052,0.030743,0.028361,0.022584,0.020165,0.01908,0.015452,0.0102,0.0080871,0.0077054,0.0073325,0.0072774,0.0065145,0.0024149,0.0020101,0.0019299,0.0017497,0.0013244,0.0011525,0.00074737,0.00070661,0.00065403,0.00063025,0.00056022,0.00046629,0.000428,0.00039947,0.00031527,0.00028904,0.00022105,0.00020592,0.00016493,0.000156,0.00014355,0.00014296,0.00013438,0.0001126,0.000077434,0.000076853,0.000055954,0.00004716,0.000040594,0.000017638,0.000013449,0.000013091,0.0000065742,0.0000055908,0.0000054927,0.0000038246,0.0000037898,0.0000027917,0.0000018412,0.0000010334,0.00000093951,0.00000074746,0.00000047166,0.00000038579,0.00000032183,0.00000026466,0.00000014792,0.000000109,0.00000010867,0.000000092724,0.000000072887,0.000000070143,0.000000050136,0.000000044,0.000000039068,0.000000028316,0.000000026,0.000000021889,0.000000018154,0.000000012716,0.0000000092544,0.000000003,0.0000000026437,0.0000000022928,0.0000000017889,0.0000000012841,0.0000000012335,7.5146E-10,7.3054E-10,6.3142E-10,5.2811E-10,4.111E-10,1.8298E-11,1.4472E-11,1.2964E-11,1.0599E-11,9.8154E-12,7.772E-12,3.2976E-12,2.9339E-12,2.3879E-12,1.8867E-12,1.6145E-12,7.7621E-13,7.3006E-13,3.7376E-13,1.7076E-13,8.6496E-14,8.1579E-14,3.8077E-14,1.931E-14,1.854E-14,1.3758E-14,7.3949E-15,7.2927E-15,7.0704E-15,3.2866E-15,3.0547E-15,1.9551E-15,1.5681E-15,9.539E-16,8.3275E-16,4.3152E-16,3.8329E-16,1.9372E-16,1.6125E-16
1,0.000000327,0.00000036783,0.00000039256,0.0000004907,0.00000065,0.00000065422,0.00000070451,0.00000094773,0.0000017479,0.0000019555,0.0000020443,0.0000020475,0.0000024342,0.0000032976,0.0000034306,0.0000042119,0.0000078265,0.000014063,0.000015184,0.000021641,0.000026442,0.000031014,0.00003284,0.000040498,0.000041015,0.000050001,0.000066869,0.000086046,0.000095628,0.00015308,0.00015598,0.0002266,0.00027929,0.00029489,0.00037165,0.00042343,0.00042437,0.00045443,0.0012101,0.0030191,0.0037139,0.0037375,0.00374,0.0046674,0.0066459,0.0069938,0.0072382,0.012319,0.013069,0.013487,0.022283,0.032669,0.040955,0.047399,0.056301,0.1017,0.12322,0.12602,0.16132,0.20899,0.23345,0.23354,0.27149,0.2944,0.31082,0.33248,0.3514,0.3787,0.39061,0.42621,0.49166,0.52167,0.57019,0.66817,0.67794,0.71507,0.73659,0.79746,0.89002,0.9113,0.95946,0.98517,0.99395,1,0.99989,0.9996,0.99523,0.99069,0.99057,0.98566,0.98128,0.97253,0.97172,0.97137,0.96934,0.96342,0.95252,0.94632,0.91345,0.91338,0.86521,0.86452,0.85312,0.84556,0.84061,0.82414,0.80645,0.74713,0.73831,0.70949,0.57986,0.54026,0.52704,0.44747,0.43823,0.42807,0.35413,0.34418,0.31549,0.30424,0.30043,0.29315,0.24846,0.20724,0.20328,0.19326,0.17634,0.13165,0.1299,0.12714,0.073236,0.048867,0.040868,0.037828,0.030403,0.027268,0.025858,0.021112,0.014154,0.011316,0.0108,0.010296,0.010221,0.0091848,0.0035187,0.0029459,0.0028319,0.0025753,0.0019661,0.001718,0.0011284,0.0010686,0.00099129,0.00095627,0.00085287,0.00071357,0.00065656,0.00061397,0.00048774,0.00044823,0.00034528,0.00032226,0.00025965,0.00024594,0.00022681,0.0002259,0.00021269,0.00017903,0.00012431,0.0001234,0.00009056,0.000076651,0.000066224,0.000029356,0.000022526,0.000021941,0.000011193,0.0000095537,0.0000093898,0.000006591,0.0000065324,0.0000048444,0.0000032239,0.0000018318,0.0000016686,0.0000013339,0.0000008497,0.00000069785,0.00000058429,0.0000004824,0.00000027274,0.00000020219,0.00000020158,0.00000017253,0.00000013625,0.00000013122,0.000000094394,0.000000083,0.000000073905,0.000000053889,0.000000049508,0.000000041859,0.000000034837,0.00000002456,0.000000018,0.000000006,0.0000000052519,0.0000000045661,0.0000000035781,0.0000000025831,0.0000000024831,0.0000000015256,0.0000000014838,0.0000000012857,0.0000000010786,8.4315E-10,3.9467E-11,3.133E-11,2.8115E-11,2.3057E-11,2.1378E-11,1.6988E-11,7.3031E-12,6.509E-12,5.3143E-12,4.2137E-12,3.6141E-12,1.7566E-12,1.6537E-12,8.5495E-13,3.9506E-13,2.0206E-13,1.9074E-13,8.9988E-14,4.607E-14,4.4257E-14,3.2978E-14,1.7877E-14,1.7634E-14,1.7103E-14,8.0333E-15,7.474E-15,4.8122E-15,3.8711E-15,2.3705E-15,2.0731E-15,1.0836E-15,9.6398E-16,4.9156E-16,4.1014E-16
1,0.00000030166,0.00000033942,0.0000003623,0.00000045315,0.0000006007,0.00000060464,0.00000065125,0.00000087681,0.0000016199,0.0000018129,0.0000018954,0.0000018984,0.0000022581,0.0000030617,0.0000031856,0.0000039135,0.0000072855,0.000013115,0.000014163,0.000020209,0.000024708,0.000028995,0.000030708,0.000037895,0.00003838,0.000046819,0.000062674,0.000080718,0.000089739,0.00014389,0.00014662,0.00021329,0.00026309,0.00027784,0.00035046,0.00039948,0.00040036,0.00042884,0.0011463,0.0028709,0.0035348,0.0035573,0.0035597,0.0044468,0.006342,0.0066755,0.0069099,0.011791,0.012512,0.012915,0.021392,0.031429,0.039452,0.045698,0.054338,0.098535,0.11955,0.12228,0.15683,0.20359,0.22762,0.22772,0.26507,0.28766,0.30385,0.32525,0.34395,0.37095,0.38275,0.41804,0.48304,0.51292,0.56129,0.65931,0.66911,0.70641,0.72807,0.7895,0.88361,0.90542,0.9553,0.98255,0.99223,0.99989,1,0.99991,0.99656,0.99258,0.99248,0.98803,0.98399,0.97581,0.97506,0.97472,0.9728,0.9672,0.95681,0.95087,0.9191,0.91903,0.87201,0.87133,0.86015,0.85272,0.84786,0.83164,0.8142,0.7555,0.74676,0.71813,0.58879,0.54911,0.53586,0.45587,0.44656,0.43632,0.3617,0.35163,0.3226,0.31121,0.30734,0.29997,0.25462,0.21271,0.20868,0.19848,0.18124,0.1356,0.13381,0.13099,0.07574,0.050665,0.042416,0.039279,0.031608,0.028366,0.026907,0.021992,0.014774,0.011825,0.011289,0.010764,0.010686,0.0096081,0.0036972,0.0030977,0.0029783,0.0027095,0.0020709,0.0018107,0.0011913,0.0011284,0.0010471,0.0010102,0.0009014,0.0007547,0.00069462,0.00064973,0.0005166,0.0004749,0.00036619,0.00034186,0.00027565,0.00026116,0.00024091,0.00023995,0.00022597,0.00019032,0.00013232,0.00013135,0.0000965,0.000081725,0.000070643,0.000031399,0.000024114,0.00002349,0.000012009,0.000010255,0.000010079,0.0000070825,0.0000070198,0.0000052105,0.0000034717,0.0000019758,0.0000018003,0.0000014401,0.00000091851,0.00000075477,0.00000063226,0.00000052228,0.00000029575,0.00000021941,0.00000021876,0.00000018731,0.000000148,0.00000014256,0.00000010264,0.000000090256,0.000000080415,0.000000058683,0.000000053923,0.000000045612,0.000000038,0.000000026798,0.000000019632,0.0000000065221,0.000000005752,0.000000005,0.0000000039224,0.0000000028339,0.0000000027244,0.0000000016757,0.00000000163,0.0000000014128,0.0000000011857,9.2739E-10,4.3704E-11,3.4711E-11,3.1155E-11,2.5562E-11,2.3704E-11,1.8846E-11,8.1158E-12,7.235E-12,5.9095E-12,4.6878E-12,4.0221E-12,1.9578E-12,1.8432E-12,9.5421E-13,4.4159E-13,2.2616E-13,2.135E-13,1.0087E-13,5.1709E-14,4.9678E-14,3.7038E-14,2.0101E-14,1.9828E-14,1.9232E-14,9.0459E-15,8.4172E-15,5.4238E-15,4.3648E-15,2.6752E-15,2.3402E-15,1.2246E-15,1.0896E-15,5.563E-16,4.643E-16
1,0.00000027983,0.000000315,0.00000033623,0.00000042079,0.0000005582,0.00000056187,0.00000060529,0.00000081557,0.0000015092,0.0000016895,0.0000017666,0.0000017694,0.0000021056,0.0000028573,0.0000029732,0.0000036547,0.0000068155,0.000012289,0.000013275,0.000018961,0.000023196,0.000027233,0.000028847,0.000035621,0.000036079,0.000044038,0.000059005,0.000076053,0.00008458,0.00013582,0.00013841,0.00020159,0.00024884,0.00026284,0.0003318,0.00037838,0.00037922,0.00040629,0.0010899,0.0027392,0.0033755,0.0033971,0.0033994,0.0042505,0.0060711,0.0063918,0.0066172,0.011318,0.012014,0.012402,0.020593,0.030314,0.038098,0.044166,0.052567,0.095664,0.11621,0.11889,0.15273,0.19865,0.2223,0.2224,0.2592,0.28148,0.29747,0.31861,0.3371,0.36384,0.37552,0.41051,0.47508,0.50482,0.55304,0.65106,0.66089,0.69833,0.7201,0.78203,0.87753,0.89983,0.95126,0.97994,0.99044,0.9996,0.99991,1,0.9976,0.99415,0.99406,0.99004,0.98632,0.97868,0.97797,0.97765,0.97585,0.97053,0.96062,0.95492,0.9242,0.92413,0.8782,0.87753,0.86655,0.85926,0.85448,0.83851,0.8213,0.76322,0.75454,0.72611,0.59709,0.55735,0.54406,0.46371,0.45435,0.44405,0.3688,0.35863,0.32928,0.31776,0.31385,0.30638,0.26043,0.21788,0.21378,0.20341,0.18586,0.13935,0.13752,0.13464,0.078125,0.052383,0.043898,0.040668,0.032763,0.029419,0.027913,0.022838,0.015372,0.012316,0.01176,0.011216,0.011135,0.010017,0.0038701,0.0032449,0.0031204,0.0028398,0.0021728,0.0019008,0.0012526,0.0011867,0.0011014,0.0010628,0.00094873,0.00079484,0.00073179,0.00068466,0.00054482,0.00050098,0.00038665,0.00036105,0.00029134,0.00027607,0.00025473,0.00025372,0.00023898,0.0002014,0.00014019,0.00013917,0.00010234,0.000086719,0.000074994,0.000033416,0.000025684,0.00002502,0.000012816,0.000010949,0.000010762,0.0000075702,0.0000075033,0.000005574,0.0000037181,0.0000021193,0.0000019315,0.0000015459,0.00000098718,0.00000081161,0.00000068019,0.00000056214,0.00000031878,0.00000023668,0.000000236,0.00000020213,0.00000015982,0.00000015394,0.00000011092,0.000000097567,0.000000087,0.000000063502,0.000000058363,0.000000049387,0.000000041138,0.000000029052,0.000000021299,0.0000000070934,0.0000000062576,0.000000005444,0.0000000042708,0.0000000030878,0.000000003,0.000000001828,0.0000000017781,0.0000000015417,0.0000000012943,0.000000001,4.8035E-11,3.8167E-11,3.4265E-11,2.8124E-11,2.6084E-11,2.0747E-11,8.9492E-12,7.9798E-12,6.5204E-12,5.1746E-12,4.4411E-12,2.1646E-12,2.0382E-12,1.0564E-12,4.8959E-13,2.5104E-13,2.3702E-13,1.1214E-13,5.7549E-14,5.5293E-14,4.1245E-14,2.2408E-14,2.2104E-14,2.1441E-14,1.0098E-14,9.3972E-15,6.0598E-15,4.8784E-15,2.9924E-15,2.6183E-15,1.3716E-15,1.2207E-15,6.2389E-16,5.2086E-16
1,0.00000019073,0.000000215,0.00000022971,0.00000028829,0.00000038383,0.00000038639,0.00000041665,0.00000056358,0.0000010514,0.0000011788,0.0000012334,0.0000012354,0.0000014736,0.000002008,0.0000020905,0.000002577,0.000004848,0.0000088161,0.0000095337,0.000013689,0.000016798,0.000019769,0.000020959,0.000025964,0.000026302,0.000032204,0.000043346,0.000056094,0.000062489,0.00010112,0.00010308,0.00015108,0.00018715,0.00019786,0.00025078,0.00028664,0.00028729,0.00030817,0.0008416,0.0021535,0.002665,0.0026824,0.0026843,0.0033719,0.004853,0.005115,0.0052994,0.0091746,0.0097517,0.010075,0.016934,0.025175,0.031833,0.037053,0.044318,0.082122,0.1004,0.10279,0.1332,0.17495,0.19664,0.19673,0.23073,0.25145,0.26638,0.2862,0.30361,0.32888,0.33997,0.37333,0.4355,0.46439,0.5116,0.60908,0.61898,0.65689,0.67912,0.74313,0.84494,0.86952,0.9284,0.96404,0.97861,0.99523,0.99656,0.9976,1,0.99924,0.99921,0.9974,0.99534,0.99049,0.99001,0.98979,0.98854,0.98476,0.97733,0.9729,0.94771,0.94766,0.9076,0.90701,0.89716,0.89056,0.88623,0.87164,0.85576,0.8012,0.79294,0.76569,0.63911,0.5993,0.58591,0.50413,0.49451,0.4839,0.40577,0.39512,0.36426,0.35209,0.34795,0.34004,0.2911,0.24533,0.24089,0.22965,0.21057,0.15953,0.15751,0.15433,0.091148,0.061841,0.052083,0.048353,0.039182,0.035283,0.033522,0.027568,0.018738,0.015092,0.014426,0.013773,0.013677,0.012333,0.0048647,0.0040937,0.0039397,0.0035924,0.0027634,0.0024238,0.0016101,0.0015269,0.0014193,0.0013704,0.0012259,0.0010304,0.00095012,0.00089,0.00071114,0.00065491,0.00050775,0.0004747,0.00038448,0.00036466,0.00033694,0.00033563,0.00031645,0.00026746,0.00018729,0.00018595,0.00013744,0.00011677,0.00010121,0.00004567,0.000035243,0.000034346,0.000017769,0.000015215,0.000014959,0.000010576,0.000010483,0.0000078208,0.0000052464,0.0000030135,0.00000275,0.0000022076,0.0000014182,0.0000011689,0.00000098191,0.00000081351,0.00000046469,0.0000003463,0.00000034528,0.00000029634,0.000000235,0.00000022646,0.00000016384,0.00000014433,0.00000012881,0.000000094431,0.000000086877,0.000000073663,0.000000061494,0.000000043606,0.000000032085,0.000000010822,0.0000000095601,0.0000000083301,0.0000000065528,0.0000000047547,0.0000000045734,0.0000000028311,0.0000000027548,0.0000000023921,0.000000002,0.0000000015789,7.7286E-11,6.1551E-11,5.5318E-11,4.5494E-11,4.2224E-11,3.3662E-11,1.464E-11,1.3069E-11,1.0699E-11,8.5102E-12,7.3145E-12,3.5897E-12,3.382E-12,1.7638E-12,8.2324E-13,4.2472E-13,4.012E-13,1.911E-13,9.866E-14,9.4826E-14,7.0917E-14,3.8736E-14,3.8215E-14,3.7079E-14,1.7577E-14,1.6368E-14,1.0595E-14,8.545E-15,5.2633E-15,4.6105E-15,2.4285E-15,2.1633E-15,1.1119E-15,9.2965E-16
1,0.00000015339,0.00000017305,0.000000185,0.00000023253,0.00000031023,0.00000031231,0.000000337,0.00000045677,0.00000085608,0.00000096063,0.0000010054,0.000001007,0.0000012028,0.0000016429,0.000001711,0.0000021125,0.0000039937,0.0000072974,0.0000078964,0.000011372,0.000013978,0.000016473,0.000017473,0.000021684,0.000021969,0.000026945,0.000036361,0.000047161,0.000052589,0.000085468,0.000087142,0.00012816,0.00015908,0.00016828,0.00021377,0.00024465,0.00024521,0.00026321,0.00072609,0.0018767,0.0023281,0.0023435,0.0023451,0.0029536,0.0042692,0.0045026,0.0046669,0.0081346,0.0086531,0.0089433,0.015136,0.022628,0.028711,0.033495,0.040173,0.075202,0.092265,0.094505,0.12307,0.16253,0.18314,0.18322,0.21564,0.23549,0.24981,0.26886,0.28563,0.31005,0.32078,0.35315,0.41381,0.44213,0.48863,0.58542,0.59531,0.63332,0.6557,0.72056,0.82538,0.85111,0.91384,0.95318,0.96996,0.99069,0.99258,0.99415,0.99924,1,1,0.99945,0.99834,0.99509,0.99474,0.99458,0.99366,0.99077,0.98479,0.9811,0.95918,0.95914,0.92263,0.92208,0.91292,0.90677,0.9027,0.88898,0.87394,0.82167,0.81369,0.78724,0.66265,0.62297,0.60958,0.52729,0.51756,0.50681,0.42728,0.41639,0.38474,0.37223,0.36797,0.35983,0.30928,0.26172,0.2571,0.24537,0.22542,0.17179,0.16966,0.1663,0.099201,0.067755,0.057223,0.053187,0.043241,0.039,0.037083,0.030585,0.020902,0.016885,0.01615,0.015429,0.015322,0.013835,0.0055213,0.0046557,0.0044826,0.0040919,0.0031571,0.0027732,0.0018506,0.001756,0.0016335,0.0015779,0.0014132,0.00119,0.0010982,0.0010294,0.00082445,0.00075989,0.00059067,0.00055259,0.0004485,0.0004256,0.00039355,0.00039204,0.00036985,0.0003131,0.00021999,0.00021844,0.0001619,0.00013776,0.00011956,0.000054335,0.000042024,0.000040964,0.000021311,0.000018272,0.000017967,0.000012738,0.000012628,0.0000094431,0.0000063549,0.0000036661,0.0000033479,0.0000026921,0.0000017352,0.0000014324,0.0000012048,0.00000099952,0.00000057328,0.00000042813,0.00000042688,0.00000036677,0.00000029132,0.00000028082,0.00000020362,0.00000017954,0.00000016036,0.00000011781,0.00000010845,0.000000092058,0.000000076945,0.000000054689,0.000000040322,0.000000013697,0.00000001211,0.000000010561,0.0000000083205,0.000000006,0.0000000058204,0.0000000036139,0.000000003517,0.0000000030567,0.0000000025739,0.000000002,1.0079E-10,8.0378E-11,7.2283E-11,5.9511E-11,5.5258E-11,4.4109E-11,1.9273E-11,1.7215E-11,1.4109E-11,1.1237E-11,9.6658E-12,4.7619E-12,4.4878E-12,2.3486E-12,1.1006E-12,5.6979E-13,5.384E-13,2.5743E-13,1.3335E-13,1.2819E-13,9.6011E-14,5.2601E-14,5.1896E-14,5.0362E-14,2.3962E-14,2.2321E-14,1.4479E-14,1.169E-14,7.2174E-15,6.3262E-15,3.3424E-15,2.9791E-15,1.536E-15,1.2853E-15
1,0.00000015268,0.00000017224,0.00000018412,0.00000023146,0.00000030881,0.00000031089,0.00000033542,0.00000045472,0.00000085231,0.00000095643,0.000001001,0.0000010026,0.0000011976,0.0000016358,0.0000017036,0.0000021035,0.0000039772,0.0000072678,0.0000078645,0.000011327,0.000013923,0.000016408,0.000017405,0.000021601,0.000021885,0.000026842,0.000036224,0.000046986,0.000052395,0.00008516,0.000086829,0.00012771,0.00015853,0.0001677,0.00021303,0.00024382,0.00024437,0.00026232,0.0007238,0.0018712,0.0023214,0.0023367,0.0023384,0.0029452,0.0042574,0.0044902,0.0046541,0.0081136,0.0086309,0.0089205,0.0151,0.022576,0.028647,0.033422,0.040088,0.07506,0.092098,0.094334,0.12286,0.16227,0.18286,0.18294,0.21533,0.23515,0.24946,0.2685,0.28526,0.30965,0.32038,0.35273,0.41335,0.44166,0.48814,0.58492,0.5948,0.63282,0.65519,0.72008,0.82496,0.85071,0.91352,0.95293,0.96976,0.99057,0.99248,0.99406,0.99921,1,1,0.99948,0.99839,0.99517,0.99482,0.99467,0.99375,0.99088,0.98493,0.98126,0.95941,0.95937,0.92294,0.92239,0.91325,0.9071,0.90304,0.88934,0.87432,0.8221,0.81412,0.78769,0.66315,0.62348,0.61008,0.52779,0.51806,0.50731,0.42774,0.41685,0.38518,0.37267,0.36841,0.36026,0.30967,0.26207,0.25745,0.24571,0.22574,0.17206,0.16993,0.16656,0.099379,0.067886,0.057337,0.053295,0.043331,0.039083,0.037162,0.030652,0.02095,0.016925,0.016189,0.015466,0.015359,0.013869,0.0055362,0.0046685,0.0044949,0.0041032,0.0031661,0.0027812,0.001856,0.0017612,0.0016384,0.0015826,0.0014174,0.0011936,0.0011016,0.0010326,0.00082704,0.0007623,0.00059257,0.00055438,0.00044997,0.000427,0.00039485,0.00039333,0.00037108,0.00031415,0.00022075,0.00021919,0.00016247,0.00013824,0.00011999,0.000054536,0.000042181,0.000041117,0.000021394,0.000018343,0.000018037,0.000012789,0.000012678,0.0000094811,0.0000063809,0.0000036815,0.0000033619,0.0000027035,0.0000017427,0.0000014386,0.00000121,0.0000010039,0.00000057585,0.00000043007,0.00000042881,0.00000036843,0.00000029265,0.0000002821,0.00000020457,0.00000018038,0.00000016111,0.00000011837,0.000000109,0.000000092496,0.000000077313,0.000000055,0.000000040519,0.000000013766,0.000000012171,0.000000010615,0.0000000083629,0.0000000060808,0.0000000058503,0.0000000036327,0.0000000035353,0.0000000030727,0.0000000025875,0.000000002,1.0137E-10,8.0836E-11,7.2695E-11,5.9852E-11,5.5575E-11,4.4363E-11,1.9386E-11,1.7316E-11,1.4193E-11,1.1303E-11,9.7233E-12,4.7906E-12,4.5149E-12,2.363E-12,1.1075E-12,5.7336E-13,5.4178E-13,2.5906E-13,1.3421E-13,1.2902E-13,9.6632E-14,5.2945E-14,5.2236E-14,5.0692E-14,2.4121E-14,2.2469E-14,1.4576E-14,1.1768E-14,7.2661E-15,6.369E-15,3.3652E-15,2.9995E-15,1.5466E-15,1.2942E-15
1,0.00000012734,0.00000014376,0.00000015373,0.00000019352,0.00000025863,0.00000026037,0.00000028105,0.00000038169,0.00000071816,0.00000080646,0.00000084429,0.00000084567,0.0000010112,0.0000013839,0.0000014417,0.0000017824,0.0000033838,0.000006208,0.0000067212,0.0000097039,0.000011944,0.000014093,0.000014955,0.000018588,0.000018834,0.000023134,0.000031286,0.000040656,0.000045372,0.00007401,0.000075471,0.00011133,0.00013842,0.00014649,0.00018645,0.00021361,0.0002141,0.00022996,0.00063981,0.001668,0.0020733,0.0020871,0.0020886,0.0026364,0.0038245,0.0040358,0.0041846,0.0073362,0.0078089,0.0080737,0.013745,0.020644,0.02627,0.030707,0.036916,0.069705,0.085781,0.087895,0.11494,0.1525,0.1722,0.17228,0.20338,0.22246,0.23627,0.25467,0.27089,0.29456,0.30499,0.33649,0.39577,0.42358,0.46938,0.56538,0.57524,0.61325,0.63569,0.70111,0.80817,0.83479,0.90058,0.94293,0.96153,0.98566,0.98803,0.99004,0.9974,0.99945,0.99948,1,0.9997,0.99782,0.99758,0.99748,0.99683,0.9947,0.98997,0.98692,0.96787,0.96783,0.93447,0.93396,0.92542,0.91965,0.91583,0.90289,0.88861,0.83845,0.83073,0.80504,0.6825,0.64302,0.62966,0.54713,0.53732,0.52648,0.4459,0.43481,0.40254,0.38977,0.38541,0.37708,0.3252,0.27615,0.27138,0.25924,0.23855,0.18271,0.18048,0.17697,0.10647,0.073128,0.061908,0.0576,0.046959,0.042411,0.040352,0.033363,0.022907,0.018551,0.017753,0.016969,0.016852,0.015235,0.0061404,0.0051868,0.0049958,0.0045645,0.0035308,0.0031054,0.0020802,0.0019749,0.0018383,0.0017763,0.0015925,0.0013431,0.0012404,0.0011634,0.00093356,0.00086108,0.00067078,0.0006279,0.00051052,0.00048467,0.00044847,0.00044676,0.00042168,0.00035747,0.00025189,0.00025013,0.00018583,0.00015832,0.00013757,0.000062893,0.000048736,0.000047515,0.000024837,0.000021318,0.000020965,0.0000149,0.000014772,0.000011068,0.0000074689,0.0000043247,0.0000039516,0.0000031822,0.0000020569,0.0000017,0.0000014314,0.000001189,0.00000068433,0.000000512,0.00000051049,0.000000439,0.00000034919,0.00000033667,0.0000002446,0.00000021584,0.00000019291,0.000000142,0.00000013076,0.0000001111,0.000000093,0.000000066201,0.000000048895,0.000000016709,0.000000014783,0.000000012902,0.000000010178,0.0000000074132,0.0000000071337,0.0000000044406,0.0000000043222,0.0000000037593,0.0000000031685,0.000000002493,1.2613E-10,1.0069E-10,9.0597E-11,7.466E-11,6.9348E-11,5.5417E-11,2.4309E-11,2.1725E-11,1.7823E-11,1.4209E-11,1.2231E-11,6.0454E-12,5.6991E-12,2.9913E-12,1.4066E-12,7.3032E-13,6.9026E-13,3.311E-13,1.72E-13,1.6538E-13,1.2402E-13,6.8118E-14,6.721E-14,6.5231E-14,3.1134E-14,2.901E-14,1.8852E-14,1.5234E-14,9.4242E-15,8.265E-15,4.3781E-15,3.9041E-15,2.0183E-15,1.6901E-15
1,0.00000011091,0.00000012528,0.000000134,0.00000016886,0.000000226,0.0000002275,0.00000024564,0.00000033407,0.00000063036,0.00000070824,0.00000074163,0.00000074284,0.000000889,0.0000012184,0.0000012695,0.0000015711,0.000002992,0.0000055056,0.0000059631,0.0000086254,0.000010628,0.000012551,0.000013322,0.000016577,0.000016798,0.000020656,0.000027979,0.000036411,0.000040658,0.000066501,0.000067822,0.00010027,0.00012483,0.00013214,0.00016842,0.00019312,0.00019357,0.00020799,0.00058235,0.0015278,0.0019019,0.0019147,0.0019161,0.0024225,0.0035238,0.0037199,0.003858,0.0067926,0.0072338,0.0074811,0.012791,0.019279,0.024585,0.028779,0.034657,0.065859,0.08123,0.083255,0.1092,0.14539,0.16443,0.1645,0.19463,0.21316,0.22659,0.2445,0.26031,0.28342,0.29362,0.32446,0.3827,0.41009,0.45533,0.55064,0.56046,0.59841,0.62087,0.6866,0.79514,0.82237,0.89029,0.93478,0.95468,0.98128,0.98399,0.98632,0.99534,0.99834,0.99839,0.9997,1,0.99913,0.99898,0.99891,0.99848,0.99691,0.99312,0.99055,0.97365,0.97361,0.94264,0.94216,0.93409,0.92862,0.925,0.91265,0.89897,0.85046,0.84294,0.81787,0.69704,0.65778,0.64445,0.56185,0.55201,0.54111,0.45984,0.44862,0.41592,0.40296,0.39853,0.39007,0.33724,0.28712,0.28223,0.26979,0.24856,0.19108,0.18878,0.18516,0.11209,0.077312,0.065565,0.061048,0.049872,0.045087,0.042919,0.035549,0.024492,0.019872,0.019024,0.018191,0.018067,0.016347,0.006637,0.0056134,0.0054083,0.0049447,0.0038322,0.0033735,0.0022662,0.0021523,0.0020044,0.0019373,0.0017381,0.0014676,0.0013561,0.0012724,0.0010226,0.00094367,0.00073631,0.00068953,0.00056136,0.00053312,0.00049353,0.00049166,0.00046423,0.00039394,0.00027818,0.00027624,0.0002056,0.00017533,0.00015247,0.000070016,0.000054332,0.000052978,0.00002779,0.000023872,0.000023479,0.000016716,0.000016573,0.000012437,0.0000084089,0.0000048822,0.0000044631,0.0000035978,0.0000023305,0.0000019279,0.0000016246,0.0000013506,0.00000077935,0.00000058385,0.00000058216,0.000000501,0.00000039889,0.00000038466,0.00000027986,0.00000024709,0.000000221,0.00000016283,0.00000015,0.00000012756,0.00000010681,0.000000076175,0.000000056333,0.000000019337,0.000000017117,0.000000014947,0.000000011803,0.0000000086074,0.0000000082841,0.0000000051664,0.000000005,0.0000000043767,0.0000000036912,0.0000000029071,1.4873E-10,1.1883E-10,1.0696E-10,8.8206E-11,8.1952E-11,6.5541E-11,2.8834E-11,2.5779E-11,2.1163E-11,1.6885E-11,1.4542E-11,7.2053E-12,6.7938E-12,3.5737E-12,1.6847E-12,8.7658E-13,8.2866E-13,3.9844E-13,2.0742E-13,1.9946E-13,1.4971E-13,8.2385E-14,8.129E-14,7.8904E-14,3.7747E-14,3.518E-14,2.2891E-14,1.8511E-14,1.1468E-14,1.0061E-14,5.3399E-15,4.7634E-15,2.4674E-15,2.0673E-15
1,0.000000087548,0.000000099,0.00000010593,0.00000013371,0.00000017931,0.00000018054,0.00000019505,0.00000026588,0.00000050416,0.000000567,0.0000005939,0.00000059488,0.00000071293,0.00000097958,0.000001021,0.0000012657,0.000002423,0.0000044815,0.0000048572,0.0000070479,0.0000087002,0.000010289,0.000010927,0.000013623,0.000013806,0.000017008,0.000023102,0.000030136,0.000033686,0.000055351,0.000056461,0.000083787,0.00010453,0.00011072,0.00014146,0.00016242,0.0001628,0.00017506,0.00049545,0.0013139,0.0016398,0.001651,0.0016522,0.0020947,0.0030608,0.0032334,0.003355,0.0059499,0.0063417,0.0065614,0.011301,0.017135,0.021931,0.025735,0.031083,0.059711,0.073929,0.075807,0.099952,0.13386,0.15179,0.15186,0.18035,0.19794,0.21071,0.22779,0.24291,0.26506,0.27485,0.30454,0.36092,0.38758,0.43178,0.52569,0.53544,0.57319,0.59562,0.66167,0.77236,0.80053,0.87184,0.91979,0.94183,0.97253,0.97581,0.97868,0.99049,0.99509,0.99517,0.99782,0.99913,1,0.99999,0.99999,0.99991,0.99932,0.99713,0.99539,0.98221,0.98218,0.9554,0.95497,0.94775,0.94281,0.93952,0.92824,0.91562,0.8701,0.86296,0.83903,0.72151,0.68274,0.66953,0.58704,0.57714,0.56618,0.48392,0.4725,0.43913,0.42586,0.42133,0.41265,0.35829,0.30638,0.30129,0.28835,0.26622,0.20594,0.20352,0.1997,0.12219,0.084878,0.072196,0.067308,0.055179,0.049969,0.047606,0.039553,0.02741,0.022309,0.021371,0.020449,0.020312,0.018405,0.0075661,0.0064133,0.0061819,0.0056585,0.0043995,0.0038791,0.0026185,0.0024883,0.0023194,0.0022425,0.0020145,0.0017044,0.0015763,0.0014801,0.0011924,0.0011014,0.00086175,0.00080758,0.00065894,0.00062613,0.00058012,0.00057794,0.00054603,0.00046416,0.00032896,0.00032669,0.00024388,0.0002083,0.00018139,0.000083933,0.000065288,0.000063677,0.000033601,0.000028904,0.000028432,0.000020304,0.000020132,0.000015146,0.000010275,0.0000059936,0.0000054832,0.0000044281,0.0000028786,0.000002385,0.0000020126,0.0000016757,0.00000097113,0.00000072917,0.00000072707,0.00000062642,0.00000049964,0.000000482,0.00000035149,0.00000031062,0.000000278,0.00000020535,0.0000001893,0.00000016115,0.00000013512,0.000000096602,0.000000071596,0.000000024764,0.000000021939,0.000000019176,0.000000015167,0.000000011085,0.000000010671,0.0000000066764,0.0000000065003,0.0000000056621,0.0000000047808,0.0000000037712,1.9665E-10,1.5734E-10,1.4171E-10,1.17E-10,1.0876E-10,8.7095E-11,3.8506E-11,3.445E-11,2.8315E-11,2.2621E-11,1.95E-11,9.7013E-12,9.1504E-12,4.8312E-12,2.2873E-12,1.1945E-12,1.1295E-12,5.4532E-13,2.849E-13,2.7402E-13,2.06E-13,1.1373E-13,1.1222E-13,1.0895E-13,5.2324E-14,4.8784E-14,3.1816E-14,2.5756E-14,1.5996E-14,1.4044E-14,7.478E-15,6.6746E-15,3.469E-15,2.9091E-15
1,0.00000008583,0.000000097,0.00000010386,0.00000013112,0.00000017587,0.00000017707,0.00000019132,0.00000026084,0.00000049481,0.00000055649,0.000000583,0.00000058391,0.00000069986,0.00000096182,0.0000010025,0.000001243,0.0000023805,0.0000044048,0.0000047743,0.0000069295,0.0000085553,0.000010119,0.000010747,0.000013401,0.000013581,0.000016733,0.000022733,0.000029662,0.000033158,0.000054506,0.000055599,0.000082534,0.00010299,0.00010909,0.0001394,0.00016008,0.00016046,0.00017254,0.00048878,0.0012973,0.0016195,0.0016305,0.0016317,0.0020692,0.0030248,0.0031955,0.0033158,0.005884,0.0062719,0.0064894,0.011184,0.016966,0.021721,0.025494,0.030799,0.05922,0.073344,0.07521,0.099208,0.13293,0.15076,0.15083,0.17919,0.1967,0.20942,0.22643,0.24149,0.26356,0.27331,0.30291,0.35913,0.38572,0.42984,0.52362,0.53336,0.57109,0.59351,0.65958,0.77043,0.79867,0.87025,0.91848,0.94069,0.97172,0.97506,0.97797,0.99001,0.99474,0.99482,0.99758,0.99898,0.99999,1,1,0.99995,0.99944,0.99738,0.99572,0.98285,0.98282,0.9564,0.95597,0.94882,0.94393,0.94067,0.92948,0.91695,0.87169,0.86459,0.84075,0.72354,0.68482,0.67161,0.58915,0.57925,0.56828,0.48595,0.47452,0.44109,0.4278,0.42325,0.41456,0.36007,0.30802,0.30292,0.28993,0.26773,0.20722,0.20479,0.20095,0.12306,0.085536,0.072774,0.067853,0.055642,0.050396,0.048015,0.039904,0.027667,0.022524,0.021578,0.020648,0.02051,0.018587,0.0076487,0.0064845,0.0062508,0.0057221,0.0044501,0.0039243,0.00265,0.0025184,0.0023476,0.0022699,0.0020394,0.0017256,0.0015961,0.0014988,0.0012077,0.0011156,0.00087307,0.00081824,0.00066776,0.00063454,0.00058795,0.00058575,0.00055343,0.00047053,0.00033357,0.00033127,0.00024736,0.00021131,0.00018403,0.000085206,0.000066291,0.000064657,0.000034135,0.000029366,0.000028888,0.000020635,0.00002046,0.000015396,0.000010448,0.0000060967,0.0000055778,0.0000045052,0.0000029296,0.0000024275,0.0000020488,0.000001706,0.00000098905,0.00000074276,0.00000074063,0.00000063816,0.00000050909,0.00000049107,0.00000035822,0.00000031659,0.00000028336,0.00000020935,0.000000193,0.00000016432,0.00000013778,0.000000098529,0.000000073,0.000000025278,0.000000022396,0.000000019578,0.000000015486,0.00000001132,0.000000010898,0.0000000068203,0.0000000066405,0.0000000057847,0.0000000048848,0.0000000038537,2.0128E-10,1.6106E-10,1.4507E-10,1.1978E-10,1.1135E-10,8.918E-11,3.9444E-11,3.5291E-11,2.9009E-11,2.3178E-11,1.9982E-11,9.9444E-12,9.38E-12,4.954E-12,2.3462E-12,1.2257E-12,1.159E-12,5.5975E-13,2.9253E-13,2.8136E-13,2.1154E-13,1.1682E-13,1.1528E-13,1.1191E-13,5.3766E-14,5.013E-14,3.2699E-14,2.6474E-14,1.6446E-14,1.4439E-14,7.6906E-15,6.8647E-15,3.5688E-15,2.993E-15
1,0.000000085086,0.000000096204,0.000000103,0.00000013,0.00000017438,0.00000017557,0.0000001897,0.00000025866,0.00000049075,0.000000552,0.0000005782,0.00000057915,0.00000069419,0.00000095412,0.00000099449,0.0000012331,0.0000023621,0.0000043715,0.0000047384,0.0000068782,0.0000084925,0.000010045,0.000010669,0.000013304,0.000013483,0.000016614,0.000022573,0.000029456,0.000032929,0.000054138,0.000055225,0.000081989,0.00010231,0.00010838,0.00013851,0.00015906,0.00015944,0.00017145,0.00048587,0.0012901,0.0016107,0.0016216,0.0016228,0.0020582,0.0030091,0.003179,0.0032988,0.0058553,0.0062415,0.006458,0.011133,0.016892,0.02163,0.025388,0.030675,0.059005,0.073089,0.074949,0.098883,0.13252,0.15032,0.15039,0.17868,0.19616,0.20886,0.22584,0.24087,0.2629,0.27264,0.3022,0.35835,0.38491,0.42899,0.52271,0.53245,0.57016,0.59259,0.65866,0.76958,0.79785,0.86955,0.9179,0.94018,0.97137,0.97472,0.97765,0.98979,0.99458,0.99467,0.99748,0.99891,0.99999,1,1,0.99996,0.99949,0.99749,0.99586,0.98313,0.9831,0.95683,0.95641,0.94929,0.94442,0.94117,0.93002,0.91754,0.87239,0.8653,0.84151,0.72443,0.68572,0.67253,0.59007,0.58017,0.5692,0.48684,0.4754,0.44195,0.42865,0.4241,0.4154,0.36086,0.30874,0.30363,0.29063,0.26839,0.20778,0.20535,0.2015,0.12344,0.085825,0.073028,0.068094,0.055846,0.050585,0.048196,0.040058,0.02778,0.022619,0.02167,0.020736,0.020597,0.018667,0.0076852,0.006516,0.0062812,0.0057502,0.0044725,0.0039443,0.002664,0.0025318,0.0023601,0.002282,0.0020503,0.0017351,0.0016049,0.0015071,0.0012145,0.0011219,0.00087809,0.00082296,0.00067167,0.00063827,0.00059142,0.00058921,0.00055671,0.00047335,0.00033561,0.0003333,0.0002489,0.00021264,0.0001852,0.000085771,0.000066737,0.000065092,0.000034372,0.000029572,0.00002909,0.000020781,0.000020606,0.000015507,0.000010525,0.0000061424,0.0000056198,0.0000045395,0.0000029523,0.0000024465,0.0000020648,0.0000017195,0.000000997,0.00000074881,0.00000074666,0.00000064339,0.00000051329,0.00000049512,0.00000036121,0.00000031925,0.00000028574,0.00000021113,0.00000019465,0.00000016572,0.000000139,0.000000099387,0.000000073679,0.000000025508,0.0000000226,0.000000019757,0.000000015629,0.000000011425,0.000000011,0.0000000068844,0.000000006703,0.0000000058393,0.0000000049311,0.0000000038905,2.0334E-10,1.6272E-10,1.4656E-10,1.2103E-10,1.125E-10,9.0111E-11,3.9863E-11,3.5667E-11,2.9319E-11,2.3427E-11,2.0197E-11,1.0053E-11,9.4825E-12,5.0088E-12,2.3726E-12,1.2396E-12,1.1722E-12,5.6621E-13,2.9594E-13,2.8465E-13,2.1402E-13,1.182E-13,1.1664E-13,1.1324E-13,5.4411E-14,5.0732E-14,3.3095E-14,2.6795E-14,1.6647E-14,1.4616E-14,7.7858E-15,6.9498E-15,3.6135E-15,3.0306E-15
1,0.000000081,0.000000091645,0.000000098097,0.00000012389,0.00000016626,0.0000001674,0.00000018089,0.00000024677,0.00000046867,0.00000052721,0.00000055233,0.00000055324,0.00000066332,0.00000091216,0.00000095081,0.0000011794,0.0000022616,0.0000041899,0.0000045421,0.0000065976,0.000008149,0.0000096415,0.000010241,0.000012777,0.000012949,0.000015961,0.000021699,0.000028328,0.000031676,0.000052127,0.000053175,0.000079006,0.000098635,0.0001045,0.00013361,0.00015348,0.00015384,0.00016546,0.00046992,0.0012506,0.0015621,0.0015727,0.0015739,0.0019972,0.0029228,0.0030882,0.0032048,0.0056971,0.0060738,0.0062851,0.010851,0.016484,0.021124,0.024807,0.029991,0.057817,0.071673,0.073505,0.097081,0.13026,0.14783,0.1479,0.17587,0.19316,0.20572,0.22253,0.23742,0.25925,0.26891,0.29822,0.35398,0.38038,0.42423,0.51764,0.52735,0.56501,0.58741,0.65352,0.76481,0.79326,0.8656,0.91463,0.93734,0.96934,0.9728,0.97585,0.98854,0.99366,0.99375,0.99683,0.99848,0.99991,0.99995,0.99996,1,0.99973,0.99806,0.99659,0.98464,0.98461,0.95923,0.95882,0.95187,0.94711,0.94394,0.93302,0.92076,0.87626,0.86925,0.84571,0.72938,0.6908,0.67764,0.59525,0.58534,0.57436,0.49183,0.48036,0.44678,0.43342,0.42885,0.42011,0.36527,0.31279,0.30765,0.29455,0.27212,0.21094,0.20848,0.20459,0.12561,0.087461,0.074466,0.069452,0.057001,0.051648,0.049218,0.040934,0.028421,0.023156,0.022187,0.021234,0.021092,0.019121,0.0078924,0.0066946,0.006454,0.0059098,0.0045997,0.0040577,0.0027433,0.0026075,0.0024311,0.0023509,0.0021128,0.0017886,0.0016547,0.0015541,0.001253,0.0011577,0.00090663,0.00084983,0.00069392,0.00065948,0.00061119,0.0006089,0.00057539,0.0004894,0.00034725,0.00034486,0.0002577,0.00022022,0.00019186,0.000088995,0.000069279,0.000067575,0.000035727,0.000030746,0.000030246,0.000021621,0.000021438,0.000016142,0.000010963,0.0000064045,0.0000058605,0.0000047356,0.0000030821,0.0000025548,0.0000021569,0.0000017967,0.0000010427,0.00000078351,0.00000078126,0.00000067336,0.00000053739,0.00000051841,0.00000037838,0.00000033449,0.00000029944,0.00000022135,0.0000002041,0.00000017381,0.00000014579,0.00000010432,0.00000007737,0.000000026827,0.000000023773,0.000000020786,0.000000016449,0.000000012,0.000000011582,0.000000007254,0.000000007063,0.0000000061542,0.0000000051983,0.0000000041026,2.1526E-10,1.7231E-10,1.5522E-10,1.2821E-10,1.1919E-10,9.5493E-11,4.2287E-11,3.784E-11,3.1113E-11,2.4868E-11,2.1443E-11,1.0682E-11,1.0077E-11,5.3267E-12,2.5254E-12,1.3204E-12,1.2487E-12,6.0366E-13,3.1575E-13,3.0371E-13,2.2843E-13,1.2625E-13,1.2458E-13,1.2095E-13,5.8162E-14,5.4233E-14,3.5396E-14,2.8664E-14,1.7817E-14,1.5646E-14,8.34E-15,7.4454E-15,3.8738E-15,3.2495E-15
1,0.00000007086,0.000000080175,0.000000085843,0.00000010852,0.00000014581,0.00000014682,0.0000001587,0.00000021678,0.00000041285,0.00000046466,0.00000048689,0.0000004877,0.00000058521,0.00000080587,0.00000084018,0.0000010432,0.0000020063,0.0000037276,0.0000040425,0.0000058823,0.0000072729,0.000008612,0.0000091505,0.000011428,0.000011583,0.000014292,0.00001946,0.00002544,0.000028462,0.000046961,0.00004791,0.000071334,0.000089164,0.000094492,0.00012098,0.00013908,0.00013941,0.00015,0.0004286,0.0011475,0.0014355,0.0014453,0.0014464,0.0018383,0.0026971,0.0028509,0.0029593,0.0052821,0.005634,0.0058315,0.01011,0.015409,0.019787,0.023269,0.028178,0.054655,0.0679,0.069652,0.092263,0.12421,0.14117,0.14124,0.1683,0.18507,0.19727,0.21361,0.2281,0.24939,0.25881,0.28747,0.34213,0.36809,0.4113,0.50376,0.51341,0.55088,0.57322,0.63937,0.75159,0.78049,0.85454,0.90537,0.92921,0.96342,0.9672,0.97053,0.98476,0.99077,0.99088,0.9947,0.99691,0.99932,0.99944,0.99949,0.99973,1,0.99924,0.99825,0.98844,0.98841,0.96547,0.96509,0.95864,0.9542,0.95122,0.94094,0.92931,0.88663,0.87986,0.85703,0.74289,0.70468,0.6916,0.60946,0.59955,0.58855,0.50562,0.49405,0.46015,0.44663,0.44201,0.43316,0.37752,0.32408,0.31883,0.30546,0.28253,0.21978,0.21726,0.21326,0.13172,0.09208,0.07853,0.073295,0.060274,0.054666,0.052118,0.04342,0.030247,0.024688,0.023663,0.022655,0.022505,0.020419,0.0084872,0.007208,0.0069509,0.0063689,0.004966,0.0043847,0.0029725,0.0028263,0.0026364,0.00255,0.0022933,0.0019436,0.001799,0.0016903,0.0013648,0.0012616,0.00098949,0.00092788,0.0007586,0.00072118,0.00066867,0.00066619,0.00062974,0.00053615,0.0003812,0.00037859,0.00028339,0.00024239,0.00021134,0.000098449,0.000076742,0.000074864,0.000039714,0.000034204,0.00003365,0.000024095,0.000023893,0.000018015,0.000012259,0.0000071803,0.0000065732,0.0000053169,0.0000034674,0.0000028767,0.0000024306,0.0000020264,0.0000011789,0.000000887,0.00000088442,0.00000076277,0.00000060935,0.00000058792,0.0000004297,0.00000038006,0.00000034039,0.000000252,0.00000023239,0.000000198,0.00000016624,0.00000011911,0.000000088452,0.000000030801,0.000000027308,0.000000023889,0.000000018922,0.000000013855,0.000000013342,0.000000008371,0.0000000081515,0.0000000071063,0.000000006,0.0000000047446,2.5163E-10,2.0157E-10,1.8166E-10,1.5014E-10,1.3961E-10,1.1194E-10,4.971E-11,4.45E-11,3.6613E-11,2.9286E-11,2.5264E-11,1.2615E-11,1.1902E-11,6.3049E-12,2.9964E-12,1.5699E-12,1.485E-12,7.1951E-13,3.771E-13,3.6277E-13,2.7309E-13,1.512E-13,1.4921E-13,1.4487E-13,6.9821E-14,6.5119E-14,4.2555E-14,3.4483E-14,2.1465E-14,1.8856E-14,1.007E-14,8.9923E-15,4.6875E-15,3.9341E-15
1,0.000000056641,0.00000006414,0.000000068707,0.000000087,0.00000011713,0.00000011794,0.00000012756,0.00000017462,0.00000033409,0.00000037633,0.00000039447,0.00000039513,0.00000047475,0.0000006553,0.0000006834,0.00000084987,0.0000016426,0.0000030664,0.0000033275,0.0000048562,0.0000060145,0.0000071315,0.0000075811,0.0000094851,0.0000096146,0.000011884,0.000016223,0.000021256,0.000023804,0.000039443,0.000040248,0.000060137,0.000075318,0.00007986,0.00010248,0.00011796,0.00011824,0.00012731,0.00036744,0.00099373,0.001246,0.0012547,0.0012556,0.0016,0.0023576,0.0024935,0.0025894,0.0046534,0.0049672,0.0051435,0.0089784,0.013761,0.017731,0.020898,0.025377,0.049724,0.061995,0.063622,0.084687,0.11463,0.13062,0.13068,0.15627,0.17218,0.18377,0.19935,0.21319,0.23355,0.24259,0.27014,0.32293,0.34812,0.39022,0.48096,0.49049,0.52757,0.54976,0.61581,0.72926,0.75883,0.83547,0.88913,0.91477,0.95252,0.95681,0.96062,0.97733,0.98479,0.98493,0.98997,0.99312,0.99713,0.99738,0.99749,0.99806,0.99924,1,0.99979,0.99357,0.99355,0.97474,0.97441,0.96881,0.9649,0.96227,0.95308,0.94255,0.90303,0.89667,0.87509,0.76493,0.72744,0.71456,0.63304,0.62314,0.61214,0.52872,0.51702,0.48264,0.46889,0.46419,0.45517,0.39829,0.34331,0.3379,0.32407,0.30033,0.235,0.23236,0.22818,0.14234,0.10017,0.085668,0.080052,0.066046,0.059996,0.057244,0.047828,0.0335,0.027423,0.026301,0.025196,0.025032,0.022742,0.0095635,0.0081386,0.0078518,0.0072021,0.0056326,0.0049807,0.0033918,0.0032268,0.0030123,0.0029147,0.0026244,0.0022283,0.0020643,0.0019409,0.0015707,0.0014532,0.0011427,0.0010723,0.00087847,0.00083557,0.00077533,0.00077248,0.00073064,0.00062306,0.00044449,0.00044148,0.00033139,0.00028388,0.00024783,0.00011627,0.000090835,0.000088631,0.00004728,0.000040772,0.000040118,0.000028808,0.000028569,0.000021592,0.00001474,0.0000086705,0.000007943,0.0000064357,0.0000042111,0.0000034988,0.00000296,0.0000024711,0.0000014435,0.0000010883,0.0000010853,0.000000937,0.00000074977,0.00000072358,0.00000053006,0.00000046923,0.00000042059,0.000000312,0.00000028792,0.00000024564,0.00000020644,0.00000014826,0.00000011032,0.00000003869,0.00000003433,0.000000030058,0.000000023844,0.000000017495,0.000000016851,0.000000010604,0.000000010328,0.000000009,0.000000007625,0.000000006,3.2566E-10,2.6122E-10,2.3555E-10,1.949E-10,1.8131E-10,1.4556E-10,6.4937E-11,5.8167E-11,4.791E-11,3.837E-11,3.3129E-11,1.6606E-11,1.5673E-11,8.3309E-12,3.975E-12,2.0899E-12,1.9773E-12,9.6171E-13,5.0573E-13,4.8661E-13,3.6684E-13,2.0372E-13,2.0105E-13,1.9524E-13,9.4442E-14,8.8112E-14,5.7702E-14,4.6807E-14,2.9204E-14,2.5671E-14,1.3751E-14,1.2286E-14,6.4247E-15,5.3966E-15
1,0.000000050373,0.000000057068,0.000000061146,0.000000077487,0.00000010444,0.00000010517,0.00000011377,0.00000015593,0.000000299,0.000000337,0.00000035329,0.00000035388,0.00000042549,0.000000588,0.00000061333,0.00000076336,0.0000014792,0.0000027682,0.0000030049,0.0000043922,0.0000054445,0.0000064602,0.0000068693,0.0000086026,0.0000087205,0.000010789,0.000014747,0.000019345,0.000021674,0.000035996,0.000036733,0.000054986,0.000068939,0.000073116,0.000093934,0.0001082,0.00010846,0.00011682,0.00033892,0.00092141,0.0011568,0.0011649,0.0011657,0.0014875,0.0021967,0.0023241,0.002414,0.0043535,0.004649,0.0048151,0.0084351,0.012966,0.016736,0.019749,0.024016,0.047306,0.05909,0.060654,0.080942,0.10988,0.12536,0.12542,0.15025,0.16572,0.17701,0.19218,0.20568,0.22557,0.23441,0.26137,0.31318,0.33796,0.37944,0.46922,0.47867,0.51551,0.5376,0.60352,0.71747,0.74734,0.82521,0.88026,0.90679,0.94632,0.95087,0.95492,0.9729,0.9811,0.98126,0.98692,0.99055,0.99539,0.99572,0.99586,0.99659,0.99825,0.99979,1,0.99565,0.99564,0.97902,0.97872,0.97356,0.96994,0.96749,0.95888,0.94894,0.91115,0.90501,0.88411,0.7762,0.73914,0.72638,0.64529,0.63541,0.62443,0.54085,0.52909,0.49449,0.48063,0.47589,0.4668,0.40931,0.35357,0.34806,0.33401,0.30986,0.2432,0.2405,0.23622,0.14813,0.1046,0.089586,0.083764,0.069226,0.062938,0.060074,0.050268,0.03531,0.028949,0.027773,0.026615,0.026443,0.024041,0.010171,0.0086648,0.0083614,0.0076739,0.006011,0.0053194,0.0036309,0.0034553,0.003227,0.003123,0.0028138,0.0023913,0.0022163,0.0020846,0.001689,0.0015633,0.0012309,0.0011555,0.00094766,0.00090162,0.00083696,0.0008339,0.00078896,0.00067337,0.00048123,0.00047799,0.00035932,0.00030804,0.00026911,0.00012671,0.000099113,0.000096719,0.000051744,0.000044652,0.000043938,0.000031599,0.000031337,0.000023713,0.000016215,0.0000095597,0.0000087608,0.0000071045,0.0000046569,0.000003872,0.000003278,0.0000027386,0.0000016032,0.00000121,0.0000012066,0.0000010424,0.00000083479,0.00000080574,0.00000059094,0.00000052337,0.0000004693,0.00000034849,0.00000032172,0.00000027464,0.000000231,0.00000016607,0.00000012371,0.000000043544,0.000000038652,0.000000033859,0.00000002688,0.000000019744,0.000000019,0.000000012,0.000000011676,0.000000010193,0.0000000086289,0.0000000068316,3.7226E-10,2.9879E-10,2.6952E-10,2.2313E-10,2.0762E-10,1.6679E-10,7.459E-11,6.6835E-11,5.5082E-11,4.4142E-11,3.8129E-11,1.915E-11,1.8077E-11,9.6263E-12,4.6027E-12,2.4242E-12,2.294E-12,1.1179E-12,5.8891E-13,5.667E-13,4.2755E-13,2.3781E-13,2.347E-13,2.2793E-13,1.1047E-13,1.0308E-13,6.758E-14,5.4849E-14,3.4263E-14,3.0128E-14,1.6164E-14,1.4447E-14,7.5668E-15,6.3587E-15
1,0.000000029198,0.000000033145,0.000000035553,0.000000045228,0.000000061259,0.000000061692,0.000000066827,0.000000092067,0.00000017851,0.00000020158,0.0000002115,0.00000021186,0.00000025554,0.00000035514,0.0000003707,0.00000046315,0.00000090807,0.0000017189,0.0000018688,0.0000027509,0.0000034238,0.0000040758,0.000004339,0.0000054574,0.0000055336,0.0000068744,0.0000094545,0.000012469,0.000014003,0.000023497,0.000023989,0.000036212,0.000045619,0.000048444,0.000062574,0.000072298,0.000072475,0.000078187,0.00023238,0.00064718,0.00081718,0.00082302,0.00082365,0.0010576,0.0015778,0.0016719,0.0017384,0.0031864,0.003409,0.0035343,0.0062943,0.0098044,0.01276,0.015139,0.018532,0.037403,0.047121,0.048419,0.065373,0.089915,0.1032,0.10325,0.12474,0.13824,0.14814,0.16152,0.17347,0.19118,0.19909,0.22334,0.27048,0.29327,0.33176,0.41651,0.42554,0.46099,0.4824,0.5471,0.66204,0.69294,0.77544,0.83608,0.86634,0.91345,0.9191,0.9242,0.94771,0.95918,0.95941,0.96787,0.97365,0.98221,0.98285,0.98313,0.98464,0.98844,0.99357,0.99565,1,1,0.99368,0.99351,0.9905,0.98825,0.98668,0.98089,0.9738,0.94446,0.93944,0.922,0.82591,0.79132,0.77926,0.70113,0.69145,0.68065,0.5972,0.58529,0.55,0.53578,0.5309,0.52151,0.46167,0.40274,0.39687,0.38185,0.35589,0.28329,0.28031,0.2756,0.17699,0.12699,0.10949,0.10267,0.085515,0.078044,0.07463,0.062881,0.044752,0.03695,0.0355,0.034071,0.033858,0.030884,0.013435,0.011502,0.011111,0.010224,0.0080663,0.0071636,0.0049429,0.0047104,0.0044074,0.0042693,0.0038575,0.0032928,0.003058,0.002881,0.0023472,0.002177,0.0017247,0.0016215,0.0013366,0.0012732,0.0011841,0.0011799,0.0011178,0.00095777,0.00069005,0.00068551,0.00051881,0.00044637,0.00039118,0.00018734,0.00014732,0.00014384,0.00007799,0.000067508,0.000066452,0.000048116,0.000047725,0.00003632,0.000025025,0.000014908,0.000013685,0.000011143,0.0000073627,0.0000061431,0.0000052168,0.0000043729,0.000002585,0.000001961,0.0000019555,0.0000016938,0.0000013618,0.0000013153,0.00000096987,0.00000086079,0.00000077333,0.0000005772,0.00000053359,0.00000045672,0.00000038522,0.00000027853,0.00000020849,0.000000074647,0.000000066388,0.000000058277,0.000000046436,0.000000034274,0.000000033,0.000000021,0.000000020435,0.000000017876,0.000000015172,0.000000012055,6.8554E-10,5.5196E-10,4.986E-10,4.1388E-10,3.855E-10,3.1064E-10,1.4047E-10,1.2605E-10,1.0416E-10,8.3723E-11,7.2461E-11,3.673E-11,3.4698E-11,1.8632E-11,8.9945E-12,4.7764E-12,4.5232E-12,2.2244E-12,1.1812E-12,1.1372E-12,8.6097E-13,4.8235E-13,4.7612E-13,4.6256E-13,2.2616E-13,2.1122E-13,1.3918E-13,1.1324E-13,7.1136E-14,6.2647E-14,3.3858E-14,3.0301E-14,1.599E-14,1.3464E-14
1,0.000000029168,0.000000033111,0.000000035517,0.000000045182,0.000000061198,0.00000006163,0.000000066761,0.000000092,0.00000017834,0.00000020138,0.0000002113,0.00000021166,0.0000002553,0.0000003548,0.00000037035,0.00000046272,0.00000090724,0.0000017174,0.0000018671,0.0000027485,0.0000034208,0.0000040723,0.0000043352,0.0000054527,0.0000055289,0.0000068685,0.0000094466,0.000012459,0.000013991,0.000023478,0.000023969,0.000036183,0.000045583,0.000048406,0.000062526,0.000072243,0.00007242,0.000078128,0.00023221,0.00064675,0.00081664,0.00082248,0.00082311,0.0010569,0.0015769,0.0016708,0.0017373,0.0031845,0.003407,0.0035323,0.0062908,0.0097992,0.012753,0.015132,0.018523,0.037386,0.047101,0.048398,0.065347,0.08988,0.10316,0.10321,0.1247,0.13819,0.14809,0.16146,0.17341,0.19112,0.19903,0.22327,0.27041,0.29319,0.33168,0.41641,0.42545,0.46089,0.4823,0.547,0.66193,0.69283,0.77534,0.836,0.86626,0.91338,0.91903,0.92413,0.94766,0.95914,0.95937,0.96783,0.97361,0.98218,0.98282,0.9831,0.98461,0.98841,0.99355,0.99564,1,1,0.9937,0.99353,0.99053,0.98828,0.98671,0.98092,0.97384,0.94451,0.9395,0.92207,0.826,0.79141,0.77935,0.70124,0.69156,0.68075,0.5973,0.58539,0.55011,0.53588,0.531,0.52162,0.46177,0.40283,0.39696,0.38194,0.35598,0.28337,0.28039,0.27568,0.17705,0.12703,0.10953,0.1027,0.085549,0.078075,0.07466,0.062907,0.044771,0.036967,0.035516,0.034086,0.033873,0.030898,0.013442,0.011508,0.011117,0.010229,0.0080707,0.0071675,0.0049458,0.0047131,0.00441,0.0042717,0.0038597,0.0032948,0.0030598,0.0028827,0.0023487,0.0021783,0.0017257,0.0016225,0.0013374,0.001274,0.0011849,0.0011806,0.0011185,0.00095839,0.00069051,0.00068597,0.00051916,0.00044668,0.00039145,0.00018748,0.00014743,0.00014395,0.000078049,0.00006756,0.000066502,0.000048153,0.000047763,0.000036349,0.000025045,0.00001492,0.000013696,0.000011152,0.000007369,0.0000061484,0.0000052212,0.0000043766,0.0000025873,0.0000019627,0.0000019573,0.0000016953,0.0000013631,0.0000013164,0.00000097076,0.00000086158,0.00000077405,0.00000057774,0.00000053409,0.00000045715,0.00000038559,0.0000002788,0.00000020869,0.000000074721,0.000000066455,0.000000058336,0.000000046483,0.000000034309,0.000000033068,0.000000021,0.000000020456,0.000000017895,0.000000015188,0.000000012068,6.8631E-10,5.5259E-10,4.9917E-10,4.1435E-10,3.8594E-10,3.11E-10,1.4063E-10,1.262E-10,1.0428E-10,8.3823E-11,7.2548E-11,3.6775E-11,3.474E-11,1.8655E-11,9.0057E-12,4.7824E-12,4.5288E-12,2.2273E-12,1.1827E-12,1.1387E-12,8.6209E-13,4.8298E-13,4.7675E-13,4.6317E-13,2.2646E-13,2.115E-13,1.3936E-13,1.1339E-13,7.1232E-14,6.2732E-14,3.3904E-14,3.0342E-14,1.6013E-14,1.3483E-14
1,0.000000014946,0.000000017,0.000000018267,0.000000023347,0.000000031809,0.000000032,0.00000003476,0.000000048191,0.000000094682,0.00000010718,0.00000011257,0.00000011276,0.00000013653,0.000000191,0.00000019958,0.00000025051,0.00000049819,0.00000095612,0.0000010414,0.0000015461,0.0000019337,0.000002311,0.0000024637,0.000003115,0.0000031595,0.0000039447,0.0000054655,0.0000072556,0.0000081704,0.000013882,0.00001418,0.000021623,0.000027398,0.000029139,0.000037884,0.000043935,0.000044045,0.000047609,0.00014567,0.00041769,0.00053106,0.00053497,0.00053539,0.00069266,0.0010462,0.0011106,0.0011562,0.0021613,0.0023175,0.0024056,0.00437,0.0069171,0.0090916,0.010858,0.013398,0.027847,0.035447,0.036468,0.049936,0.06978,0.080663,0.080706,0.09851,0.1098,0.11813,0.12944,0.13961,0.15479,0.16159,0.18261,0.22403,0.24429,0.27888,0.35657,0.36497,0.39817,0.41841,0.4804,0.5939,0.62525,0.71107,0.77666,0.81047,0.86521,0.87201,0.8782,0.9076,0.92263,0.92294,0.93447,0.94264,0.9554,0.9564,0.95683,0.95923,0.96547,0.97474,0.97902,0.99368,0.9937,1,1,0.99967,0.99915,0.99869,0.99649,0.99308,0.9749,0.97141,0.95871,0.87989,0.84929,0.83843,0.76606,0.75687,0.74657,0.66531,0.65348,0.61814,0.60377,0.59881,0.58927,0.52769,0.46583,0.4596,0.44361,0.41577,0.33663,0.33334,0.32813,0.21687,0.15862,0.13788,0.12972,0.10908,0.10001,0.095848,0.081434,0.058879,0.049031,0.04719,0.04537,0.045099,0.041301,0.018581,0.016002,0.015478,0.014286,0.01137,0.010141,0.0070894,0.0067671,0.0063463,0.006154,0.0055796,0.0047882,0.0044577,0.0042079,0.0034513,0.0032088,0.002561,0.0024126,0.0020006,0.0019086,0.001779,0.0017729,0.0016824,0.0014483,0.0010537,0.001047,0.00079887,0.00069031,0.00060724,0.00029683,0.00023494,0.00022954,0.00012647,0.00010988,0.00010821,0.000078998,0.000078373,0.000060053,0.00004176,0.000025191,0.000023172,0.000018959,0.000012649,0.000010598,0.0000090337,0.0000076028,0.0000045477,0.000003471,0.0000034616,0.0000030077,0.0000024297,0.0000023484,0.0000017431,0.000001551,0.0000013966,0.0000010489,0.0000009712,0.000000834,0.00000070593,0.00000051384,0.00000038691,0.0000001414,0.000000126,0.00000011093,0.000000088779,0.000000065911,0.000000063573,0.000000040709,0.000000039688,0.000000034806,0.000000029632,0.000000023646,0.0000000014158,0.0000000011442,0.000000001,8.622E-10,8.0405E-10,6.5031E-10,2.9802E-10,2.6792E-10,2.2209E-10,1.7917E-10,1.5544E-10,7.9671E-11,7.5333E-11,4.0858E-11,1.9954E-11,1.0702E-11,1.0143E-11,5.0434E-12,2.7042E-12,2.6049E-12,1.9805E-12,1.1193E-12,1.105E-12,1.074E-12,5.3073E-13,4.9616E-13,3.2895E-13,2.6845E-13,1.6978E-13,1.498E-13,8.1676E-14,7.3211E-14,3.8988E-14,3.2909E-14
1,0.000000014813,0.000000016857,0.000000018107,0.000000023143,0.000000031534,0.000000031761,0.000000034459,0.000000047779,0.000000093888,0.00000010629,0.00000011163,0.00000011182,0.0000001354,0.00000018947,0.000000198,0.00000024847,0.00000049423,0.0000009487,0.0000010333,0.0000015343,0.0000019191,0.0000022937,0.0000024453,0.0000030919,0.0000031361,0.0000039156,0.0000054259,0.0000072035,0.000008112,0.000013785,0.000014081,0.000021475,0.000027213,0.000028943,0.000037632,0.000043644,0.000043754,0.000047296,0.00014477,0.00041526,0.00052802,0.0005319,0.00053233,0.00068876,0.0010405,0.0011046,0.0011499,0.0021501,0.0023056,0.0023933,0.0043488,0.0068849,0.0090504,0.01081,0.01334,0.027737,0.035311,0.036329,0.049756,0.069542,0.080396,0.080439,0.098197,0.10946,0.11777,0.12905,0.1392,0.15435,0.16114,0.18212,0.22345,0.24369,0.27823,0.35581,0.3642,0.39737,0.4176,0.47954,0.593,0.62435,0.71021,0.77584,0.80969,0.86452,0.87133,0.87753,0.90701,0.92208,0.92239,0.93396,0.94216,0.95497,0.95597,0.95641,0.95882,0.96509,0.97441,0.97872,0.99351,0.99353,1,1,0.99971,0.99921,0.99877,0.99661,0.99326,0.97523,0.97176,0.95912,0.88054,0.85001,0.83917,0.76688,0.7577,0.74741,0.6662,0.65437,0.61904,0.60466,0.59971,0.59017,0.52858,0.46668,0.46045,0.44445,0.41659,0.33736,0.33407,0.32885,0.21744,0.15907,0.13828,0.13011,0.10942,0.10033,0.096155,0.081705,0.059087,0.04921,0.047363,0.045538,0.045266,0.041455,0.018659,0.01607,0.015545,0.014348,0.011421,0.010187,0.0071224,0.0067988,0.0063762,0.0061831,0.0056063,0.0048114,0.0044794,0.0042286,0.0034686,0.0032249,0.0025741,0.002425,0.0020111,0.0019187,0.0017884,0.0017822,0.0016913,0.0014561,0.0010595,0.0010528,0.00080334,0.00069422,0.00061071,0.0002986,0.00023637,0.00023093,0.00012727,0.00011058,0.00010889,0.000079507,0.000078879,0.000060447,0.000042039,0.000025363,0.000023331,0.00001909,0.000012738,0.000010673,0.0000090984,0.0000076576,0.0000045813,0.0000034968,0.0000034874,0.0000030302,0.0000024481,0.0000023662,0.0000017564,0.0000015629,0.0000014074,0.000001057,0.00000097879,0.00000084056,0.00000071151,0.00000051794,0.00000039,0.00000014258,0.0000001271,0.00000011186,0.000000089531,0.000000066474,0.000000064117,0.000000041062,0.00000004,0.000000035109,0.000000029892,0.000000023854,0.0000000014292,0.0000000011551,0.000000001,8.7048E-10,8.1179E-10,6.566E-10,3.0096E-10,2.7057E-10,2.243E-10,1.8095E-10,1.5699E-10,8.0479E-11,7.6098E-11,4.1279E-11,2.0163E-11,1.0815E-11,1.0251E-11,5.0976E-12,2.7335E-12,2.6333E-12,2.0022E-12,1.1316E-12,1.1172E-12,1.0859E-12,5.3667E-13,5.0172E-13,3.3266E-13,2.7149E-13,1.7172E-13,1.5151E-13,8.262E-14,7.4059E-14,3.9444E-14,3.3295E-14
1,0.000000012816,0.000000014592,0.000000015679,0.000000020059,0.000000027367,0.000000027565,0.000000029916,0.000000041536,0.000000081852,0.000000092709,0.00000009739,0.00000009756,0.00000011823,0.00000016567,0.00000017312,0.00000021753,0.000000434,0.00000083552,0.0000009104,0.0000013543,0.0000016957,0.0000020283,0.0000021631,0.0000027381,0.0000027774,0.0000034715,0.0000048181,0.0000064056,0.0000072177,0.000012298,0.000012563,0.000019202,0.000024363,0.00002592,0.000033748,0.000039171,0.00003927,0.000042467,0.0001308,0.00037752,0.00048075,0.00048431,0.0004847,0.00062814,0.00095145,0.0010104,0.0010522,0.0019756,0.0021195,0.0022007,0.0040158,0.0063795,0.0084039,0.010052,0.012426,0.025998,0.033171,0.034136,0.046894,0.065764,0.076144,0.076186,0.093208,0.10402,0.11202,0.12288,0.13267,0.14729,0.15385,0.17415,0.21427,0.23396,0.26764,0.34361,0.35186,0.38448,0.40441,0.46561,0.57842,0.60976,0.696,0.76243,0.7969,0.85312,0.86015,0.86655,0.89716,0.91292,0.91325,0.92542,0.93409,0.94775,0.94882,0.94929,0.95187,0.95864,0.96881,0.97356,0.9905,0.99053,0.99967,0.99971,1,0.99988,0.99967,0.9983,0.99575,0.98022,0.97709,0.96554,0.89104,0.8615,0.85097,0.78022,0.77119,0.76104,0.68061,0.66885,0.63362,0.61926,0.61431,0.60476,0.54298,0.48062,0.47433,0.45815,0.42995,0.34945,0.34609,0.34077,0.22671,0.16654,0.14502,0.13655,0.11507,0.10561,0.10127,0.086201,0.06255,0.052188,0.050249,0.048331,0.048045,0.044038,0.019965,0.017216,0.016658,0.015386,0.012269,0.010954,0.0076802,0.0073338,0.0068813,0.0066745,0.0060562,0.0052035,0.004847,0.0045774,0.0037601,0.0034978,0.0027964,0.0026355,0.0021884,0.0020885,0.0019477,0.001941,0.0018427,0.0015879,0.0011579,0.0011505,0.0008795,0.00076073,0.00066976,0.00032891,0.00026072,0.00025476,0.00014088,0.00012251,0.00012065,0.000088246,0.000087552,0.000067191,0.000046821,0.000028324,0.000026066,0.000021351,0.000014276,0.000011973,0.000010214,0.000008604,0.0000051604,0.000003944,0.0000039334,0.0000034201,0.0000027658,0.0000026737,0.0000019875,0.0000017695,0.0000015942,0.0000011989,0.0000011106,0.00000095439,0.00000080848,0.00000058937,0.00000044438,0.00000016316,0.00000014552,0.00000012814,0.00000010266,0.000000076316,0.000000073621,0.000000047236,0.000000046056,0.000000040414,0.000000034431,0.000000027502,0.000000001666,0.0000000013475,0.0000000012199,0.000000001,9.4829E-10,7.6761E-10,3.5285E-10,3.1734E-10,2.6325E-10,2.1254E-10,1.8449E-10,9.4802E-11,8.9659E-11,4.8739E-11,2.3866E-11,1.2829E-11,1.2161E-11,6.0619E-12,3.2574E-12,3.1383E-12,2.3883E-12,1.3524E-12,1.3352E-12,1.2979E-12,6.4291E-13,6.0117E-13,3.9912E-13,3.2594E-13,2.0646E-13,1.8223E-13,9.956E-14,8.9274E-14,4.764E-14,4.0234E-14
1,0.000000011666,0.000000013288,0.000000014279,0.00000001828,0.000000025,0.000000025142,0.000000027293,0.000000037926,0.000000074875,0.000000084836,0.000000089131,0.000000089288,0.00000010826,0.00000015185,0.00000015869,0.00000019953,0.00000039886,0.00000076935,0.00000083851,0.0000012488,0.0000015647,0.0000018727,0.0000019974,0.0000025303,0.0000025667,0.0000032104,0.0000044602,0.0000059351,0.0000066901,0.000011419,0.000011666,0.000017856,0.000022673,0.000024127,0.000031442,0.000036513,0.000036605,0.000039596,0.00012245,0.00035485,0.0004523,0.00045566,0.00045603,0.00059161,0.00089765,0.00095351,0.00099309,0.0018697,0.0020065,0.0020837,0.0038129,0.0060706,0.0080079,0.0095871,0.011864,0.024924,0.031846,0.032778,0.045116,0.06341,0.073491,0.073532,0.090088,0.10062,0.10841,0.11901,0.12857,0.14285,0.14927,0.16913,0.20847,0.22781,0.26093,0.33584,0.34398,0.37624,0.39597,0.45668,0.569,0.60031,0.68675,0.75365,0.78848,0.84556,0.85272,0.85926,0.89056,0.90677,0.9071,0.91965,0.92862,0.94281,0.94393,0.94442,0.94711,0.9542,0.9649,0.96994,0.98825,0.98828,0.99915,0.99921,0.99988,1,0.99995,0.99909,0.99706,0.98315,0.98025,0.96941,0.89762,0.86876,0.85842,0.78873,0.7798,0.76976,0.68989,0.67817,0.64304,0.6287,0.62375,0.61421,0.55234,0.48971,0.48338,0.46709,0.43868,0.35738,0.35399,0.34861,0.23284,0.1715,0.14951,0.14085,0.11884,0.10914,0.10469,0.089214,0.064878,0.054195,0.052193,0.050213,0.049918,0.04578,0.020851,0.017995,0.017415,0.016092,0.012848,0.011477,0.0080616,0.0076998,0.0072271,0.0070109,0.0063645,0.0054724,0.0050992,0.0048169,0.0039605,0.0036854,0.0029494,0.0027804,0.0023107,0.0022057,0.0020576,0.0020506,0.0019471,0.001679,0.001226,0.0012182,0.0009323,0.00080688,0.00071076,0.00035004,0.00027771,0.00027139,0.00015042,0.00013086,0.00012889,0.000094377,0.000093638,0.00007193,0.000050187,0.000030412,0.000027996,0.000022947,0.000015364,0.000012892,0.000011004,0.000009275,0.0000055719,0.0000042622,0.0000042507,0.0000036976,0.0000029922,0.0000028929,0.0000021524,0.000001917,0.0000017276,0.0000013003,0.0000012048,0.0000010358,0.00000087789,0.00000064056,0.00000048338,0.000000178,0.00000015879,0.00000013987,0.00000011213,0.000000083423,0.000000080484,0.000000051702,0.000000050414,0.000000044253,0.000000037718,0.000000030145,0.0000000018392,0.0000000014884,0.0000000013477,0.0000000011236,0.000000001,8.49E-10,3.9099E-10,3.5173E-10,2.919E-10,2.3579E-10,2.0474E-10,1.0537E-10,9.9666E-11,5.4254E-11,2.6609E-11,1.4323E-11,1.3579E-11,6.779E-12,3.6476E-12,3.5145E-12,2.6762E-12,1.5172E-12,1.498E-12,1.4562E-12,7.224E-13,6.7559E-13,4.4891E-13,3.6676E-13,2.3252E-13,2.0529E-13,1.123E-13,1.0072E-13,5.3814E-14,4.5463E-14
1,0.000000011,0.000000012507,0.000000013442,0.000000017216,0.00000002352,0.000000023691,0.000000025721,0.000000035763,0.000000070687,0.000000080109,0.000000084172,0.00000008432,0.00000010227,0.00000014353,0.00000015,0.0000001887,0.00000037769,0.00000072941,0.0000007951,0.0000011851,0.0000014855,0.0000017785,0.0000018972,0.0000024044,0.0000024391,0.0000030522,0.0000042432,0.0000056496,0.0000063699,0.000010885,0.00001112,0.000017036,0.000021643,0.000023034,0.000030036,0.000034891,0.00003498,0.000037844,0.00011733,0.00034091,0.00043481,0.00043805,0.0004384,0.00056912,0.00086448,0.00091843,0.00095666,0.0018043,0.0019367,0.0020114,0.0036871,0.0058787,0.0077616,0.0092977,0.011514,0.024252,0.031016,0.031928,0.044,0.061929,0.071821,0.071861,0.088121,0.098475,0.10614,0.11657,0.12597,0.14004,0.14637,0.16596,0.20479,0.2239,0.25666,0.33088,0.33896,0.37098,0.39058,0.45095,0.56294,0.59423,0.68077,0.74794,0.783,0.84061,0.84786,0.85448,0.88623,0.9027,0.90304,0.91583,0.925,0.93952,0.94067,0.94117,0.94394,0.95122,0.96227,0.96749,0.98668,0.98671,0.99869,0.99877,0.99967,0.99995,1,0.99947,0.99778,0.98492,0.98217,0.97179,0.90177,0.87335,0.86316,0.79417,0.7853,0.77533,0.69584,0.68416,0.6491,0.63477,0.62983,0.6203,0.55839,0.49559,0.48924,0.47289,0.44435,0.36255,0.35913,0.35371,0.23686,0.17475,0.15246,0.14367,0.12133,0.11147,0.10694,0.0912,0.066416,0.055522,0.053479,0.051459,0.051158,0.046933,0.021441,0.018514,0.017919,0.016562,0.013234,0.011826,0.0083164,0.0079444,0.0074581,0.0072357,0.0065706,0.0056523,0.005268,0.0049772,0.0040948,0.0038112,0.0030521,0.0028777,0.0023929,0.0022844,0.0021314,0.0021242,0.0020173,0.0017403,0.0012718,0.0012638,0.00096787,0.000838,0.00073842,0.00036432,0.00028921,0.00028264,0.00015688,0.00013653,0.00013447,0.00009854,0.00009777,0.00007515,0.000052477,0.000031836,0.000029311,0.000024035,0.000016107,0.000013521,0.000011545,0.0000097337,0.0000058536,0.0000044801,0.0000044681,0.0000038877,0.0000031474,0.0000030431,0.0000022655,0.0000020182,0.0000018191,0.00000137,0.0000012695,0.0000010918,0.00000092564,0.00000067581,0.00000051024,0.00000018821,0.000000168,0.000000148,0.00000011867,0.000000088339,0.000000085233,0.000000054795,0.000000053431,0.000000046912,0.00000004,0.000000032,0.000000002,0.0000000015867,0.0000000014369,0.0000000011983,0.0000000011181,9.0586E-10,4.1767E-10,3.758E-10,3.1196E-10,2.5208E-10,2.1893E-10,1.1278E-10,1.0669E-10,5.8128E-11,2.8538E-11,1.5375E-11,1.4578E-11,7.2847E-12,3.9231E-12,3.7801E-12,2.8795E-12,1.6338E-12,1.6131E-12,1.5682E-12,7.7866E-13,7.2828E-13,4.8418E-13,3.9568E-13,2.5101E-13,2.2165E-13,1.2134E-13,1.0884E-13,5.8203E-14,4.9182E-14
1,0.000000009,0.000000010264,0.000000011,0.000000014153,0.000000019368,0.000000019509,0.000000021191,0.000000029518,0.000000058568,0.000000066422,0.000000069811,0.000000069934,0.000000084916,0.00000011941,0.00000012484,0.00000015723,0.000000316,0.00000061275,0.0000006683,0.00000099853,0.0000012534,0.0000015024,0.0000016033,0.0000020351,0.0000020647,0.0000025873,0.0000036047,0.0000048085,0.0000054259,0.0000093051,0.0000095081,0.000014609,0.000018591,0.000019795,0.00002586,0.000030073,0.00003015,0.000032638,0.00010205,0.00029902,0.00038214,0.00038501,0.00038532,0.00050131,0.00076421,0.00081233,0.00084645,0.0016055,0.0017245,0.0017916,0.0033032,0.0052913,0.0070061,0.0084087,0.010437,0.022172,0.028441,0.029288,0.040527,0.057304,0.066596,0.066633,0.081953,0.091735,0.098985,0.10887,0.1178,0.13118,0.13721,0.15591,0.19311,0.21147,0.24306,0.31501,0.32288,0.35411,0.37326,0.4325,0.54327,0.57443,0.66118,0.72915,0.7649,0.82414,0.83164,0.83851,0.87164,0.88898,0.88934,0.90289,0.91265,0.92824,0.92948,0.93002,0.93302,0.94094,0.95308,0.95888,0.98089,0.98092,0.99649,0.99661,0.9983,0.99909,0.99947,1,0.99942,0.99002,0.98775,0.97889,0.91479,0.88786,0.87813,0.81155,0.80292,0.7932,0.7151,0.70355,0.66877,0.65451,0.64959,0.64009,0.57813,0.51488,0.50846,0.49192,0.46299,0.37962,0.37613,0.37057,0.25023,0.18565,0.16235,0.15314,0.12968,0.1193,0.11453,0.09791,0.07163,0.060029,0.05785,0.055693,0.055372,0.050857,0.023461,0.020293,0.019648,0.018177,0.014561,0.013028,0.0091967,0.0087895,0.008257,0.0080133,0.007284,0.0062756,0.0058531,0.0055332,0.004561,0.0042481,0.0034094,0.0032164,0.0026791,0.0025589,0.002389,0.002381,0.0022623,0.0019543,0.0014323,0.0014233,0.0010926,0.00094719,0.00083555,0.0004147,0.00032982,0.00032239,0.00017978,0.00015663,0.00015429,0.00011333,0.00011245,0.000086607,0.000060638,0.000036921,0.000034013,0.000027931,0.00001877,0.000015775,0.000013484,0.000011382,0.0000068686,0.0000052662,0.0000052521,0.0000045741,0.0000037082,0.0000035862,0.0000026749,0.0000023846,0.0000021508,0.0000016227,0.0000015044,0.0000012951,0.0000010991,0.000000804,0.00000060806,0.00000022564,0.00000020148,0.00000017765,0.00000014265,0.00000010637,0.00000010265,0.000000066158,0.000000064521,0.000000056691,0.000000048376,0.000000038726,0.0000000024093,0.000000002,0.0000000017692,0.0000000014768,0.0000000013785,0.0000000011179,5.1747E-10,4.6583E-10,3.8706E-10,3.1309E-10,2.721E-10,1.4063E-10,1.3306E-10,7.2711E-11,3.5818E-11,1.9353E-11,1.8354E-11,9.2008E-12,4.9689E-12,4.7886E-12,3.6522E-12,2.0774E-12,2.0513E-12,1.9944E-12,9.9336E-13,9.2935E-13,6.1896E-13,5.0627E-13,3.218E-13,2.8431E-13,1.5604E-13,1.4004E-13,7.5079E-14,6.3487E-14
1,0.0000000073174,0.0000000083479,0.000000009,0.000000011532,0.000000015809,0.000000015925,0.000000017306,0.000000024152,0.000000048114,0.000000054606,0.000000057409,0.000000057511,0.000000069912,0.000000098513,0.000000103,0.00000012993,0.00000026227,0.00000051065,0.00000055725,0.00000083475,0.0000010494,0.0000012593,0.0000013445,0.0000017092,0.0000017342,0.0000021765,0.0000030392,0.0000040621,0.0000045875,0.000007897,0.0000080704,0.000012438,0.000015856,0.00001689,0.000022109,0.00002574,0.000025806,0.000027952,0.000088167,0.00026062,0.00033377,0.0003363,0.00033657,0.00043888,0.00067154,0.00071422,0.00074449,0.0014205,0.0015268,0.0015868,0.0029432,0.0047374,0.0062915,0.0075661,0.0094139,0.020176,0.025962,0.026744,0.037166,0.052802,0.061497,0.061532,0.075913,0.085121,0.091958,0.1013,0.10975,0.12243,0.12815,0.14594,0.18146,0.19907,0.22943,0.29899,0.30662,0.337,0.35567,0.41365,0.52296,0.55393,0.64069,0.70932,0.74568,0.80645,0.8142,0.8213,0.85576,0.87394,0.87432,0.88861,0.89897,0.91562,0.91695,0.91754,0.92076,0.92931,0.94255,0.94894,0.9738,0.97384,0.99308,0.99326,0.99575,0.99706,0.99778,0.99942,1,0.99422,0.99246,0.98522,0.92746,0.90217,0.89295,0.82909,0.82072,0.81128,0.73485,0.72346,0.68906,0.67492,0.67003,0.66058,0.59871,0.53513,0.52865,0.51194,0.48265,0.39777,0.3942,0.38852,0.26464,0.19748,0.17311,0.16346,0.13882,0.12789,0.12285,0.10529,0.077396,0.065028,0.062701,0.060396,0.060052,0.055222,0.025735,0.022299,0.021599,0.020001,0.016064,0.014391,0.010199,0.0097524,0.0091678,0.0089001,0.0080985,0.0069886,0.0065229,0.0061701,0.0050962,0.0047501,0.0038208,0.0036066,0.0030097,0.0028758,0.0026868,0.0026778,0.0025456,0.0022021,0.0016187,0.0016087,0.0012379,0.0010746,0.000949,0.00047392,0.00037766,0.00036922,0.0002069,0.00018046,0.00017778,0.00013091,0.00012991,0.00010026,0.00007039,0.00004302,0.000039657,0.000032613,0.000021981,0.000018497,0.000015829,0.000013377,0.0000081013,0.0000062227,0.0000062063,0.0000054102,0.0000043923,0.0000042487,0.0000031753,0.0000028329,0.000002557,0.0000019328,0.0000017927,0.0000015447,0.0000013124,0.000000962,0.00000072883,0.00000027213,0.00000024317,0.00000021457,0.00000017253,0.00000012887,0.00000012439,0.000000080382,0.000000078405,0.000000068942,0.000000058885,0.0000000472,0.000000003,0.0000000024198,0.0000000021938,0.000000001833,0.0000000017115,0.0000000013896,6.4581E-10,5.8169E-10,4.8379E-10,3.9176E-10,3.4072E-10,1.7668E-10,1.6723E-10,9.1654E-11,4.5307E-11,2.4554E-11,2.3292E-11,1.1715E-11,6.3453E-12,6.1162E-12,4.6706E-12,2.6637E-12,2.6304E-12,2.5577E-12,1.278E-12,1.196E-12,7.9805E-13,6.5335E-13,4.1613E-13,3.6785E-13,2.0244E-13,1.8176E-13,9.7716E-14,8.2689E-14
1,0.0000000037642,0.0000000043043,0.0000000046358,0.000000006,0.0000000082446,0.0000000083063,0.000000009,0.000000012693,0.000000025607,0.000000029131,0.000000030654,0.00000003071,0.000000037468,0.000000053139,0.000000055616,0.000000070458,0.00000014416,0.00000028441,0.00000031091,0.00000046956,0.00000059307,0.00000071438,0.00000076374,0.00000097578,0.00000099035,0.0000012489,0.0000017562,0.000002362,0.0000026746,0.0000046593,0.0000047639,0.0000074139,0.0000095034,0.000010138,0.000013353,0.000015601,0.000015642,0.000016975,0.000055051,0.00016732,0.0002157,0.00021738,0.00021757,0.00028575,0.00044243,0.00047137,0.00049192,0.00095639,0.0010302,0.0010719,0.0020262,0.0033118,0.0044401,0.0053733,0.0067366,0.014849,0.019297,0.019902,0.028032,0.040434,0.047416,0.047444,0.059107,0.066641,0.072267,0.07999,0.087015,0.097624,0.10243,0.11747,0.14788,0.16311,0.18963,0.25147,0.25835,0.28586,0.30291,0.35645,0.45996,0.48992,0.57547,0.64503,0.68268,0.74713,0.7555,0.76322,0.8012,0.82167,0.8221,0.83845,0.85046,0.8701,0.87169,0.87239,0.87626,0.88663,0.90303,0.91115,0.94446,0.94451,0.9749,0.97523,0.98022,0.98315,0.98492,0.99002,0.99422,1,0.99988,0.99789,0.96144,0.94186,0.93446,0.88045,0.87311,0.86475,0.79503,0.78436,0.75178,0.73823,0.73352,0.7244,0.66383,0.6001,0.59352,0.57651,0.54644,0.45772,0.45393,0.4479,0.31359,0.23835,0.21056,0.19947,0.17093,0.15817,0.15226,0.13154,0.098167,0.083154,0.080313,0.077493,0.077072,0.071141,0.034236,0.029834,0.028933,0.026872,0.021763,0.019577,0.014048,0.013454,0.012675,0.012318,0.011246,0.0097537,0.0091252,0.0086479,0.0071887,0.006716,0.0054405,0.0051451,0.0043183,0.0041322,0.0038688,0.0038563,0.0036717,0.0031906,0.0023673,0.0023531,0.0018249,0.0015907,0.0014099,0.00071798,0.00057571,0.00056319,0.00032049,0.00028053,0.00027648,0.00020519,0.00020365,0.00015821,0.00011206,0.000069311,0.000064017,0.000052891,0.000035979,0.000030398,0.000026106,0.000022148,0.000013565,0.00001048,0.000010453,0.00000914,0.0000074541,0.0000072155,0.0000054265,0.0000048531,0.00000439,0.0000033379,0.000003101,0.0000026803,0.0000022849,0.0000016855,0.0000012843,0.000000489,0.00000043793,0.00000038738,0.00000031279,0.000000235,0.000000227,0.00000014787,0.0000001443,0.00000012719,0.000000109,0.000000087696,0.0000000058211,0.0000000047399,0.0000000043042,0.0000000036073,0.0000000033722,0.0000000027476,0.0000000012934,0.000000001167,0.000000001,7.9107E-10,6.8958E-10,3.6141E-10,3.4236E-10,1.8945E-10,9.4694E-11,5.1808E-11,4.9186E-11,2.5E-11,1.3667E-11,1.318E-11,1.0106E-11,5.8115E-12,5.7399E-12,5.5836E-12,2.8185E-12,2.6402E-12,1.772E-12,1.4549E-12,9.3267E-13,8.2591E-13,4.5837E-13,4.1217E-13,2.2352E-13,1.8959E-13
1,0.0000000034198,0.0000000039118,0.0000000042138,0.0000000054391,0.0000000075048,0.0000000075611,0.0000000082308,0.000000011566,0.000000023377,0.000000026603,0.000000028,0.000000028,0.00000003424,0.000000048605,0.000000050876,0.000000064494,0.00000013222,0.00000026134,0.00000028576,0.00000043207,0.00000054609,0.00000065814,0.00000070376,0.00000089978,0.00000091326,0.0000011524,0.0000016223,0.0000021838,0.0000024737,0.0000043167,0.0000044139,0.0000068788,0.0000088244,0.0000094156,0.000012413,0.00001451,0.000014548,0.000015792,0.000051418,0.0001569,0.00020246,0.00020405,0.00020422,0.0002685,0.00041642,0.00044376,0.00046319,0.00090294,0.00097289,0.0010125,0.0019191,0.0031436,0.0042203,0.0051119,0.0064159,0.014199,0.018478,0.019061,0.026899,0.038884,0.045643,0.04567,0.056976,0.064289,0.069753,0.077261,0.084095,0.094425,0.099111,0.11377,0.14348,0.15838,0.18436,0.24509,0.25186,0.27895,0.29575,0.34861,0.45117,0.48093,0.56616,0.63572,0.67349,0.73831,0.74676,0.75454,0.79294,0.81369,0.81412,0.83073,0.84294,0.86296,0.86459,0.8653,0.86925,0.87986,0.89667,0.90501,0.93944,0.9395,0.97141,0.97176,0.97709,0.98025,0.98217,0.98775,0.99246,0.99988,1,0.99877,0.96549,0.94678,0.93966,0.88721,0.88003,0.87185,0.80326,0.79273,0.76048,0.74705,0.74238,0.73333,0.67306,0.60943,0.60285,0.58582,0.5557,0.46656,0.46274,0.45667,0.32099,0.24462,0.21633,0.20503,0.17593,0.16289,0.15686,0.13567,0.10146,0.086048,0.083127,0.080228,0.079795,0.073694,0.035629,0.031072,0.030139,0.028004,0.022707,0.020438,0.014692,0.014074,0.013264,0.012892,0.011775,0.01022,0.0095648,0.0090669,0.0075439,0.0070502,0.005717,0.005408,0.0045427,0.0043479,0.0040719,0.0040588,0.0038654,0.0033611,0.0024971,0.0024822,0.0019272,0.0016808,0.0014905,0.00076118,0.0006109,0.00059767,0.00034086,0.00029851,0.00029422,0.0002186,0.00021697,0.00016871,0.00011964,0.000074131,0.000068488,0.000056623,0.000038569,0.000032605,0.000028015,0.000023781,0.000014588,0.000011281,0.000011251,0.0000098421,0.000008032,0.0000077757,0.000005853,0.0000052364,0.0000047381,0.0000036057,0.0000033505,0.0000028973,0.000002471,0.0000018245,0.0000013913,0.00000053126,0.0000004759,0.00000042112,0.00000034023,0.00000025578,0.00000024708,0.00000016118,0.0000001573,0.0000001387,0.00000011886,0.000000095726,0.000000006399,0.0000000052131,0.0000000047351,0.000000004,0.0000000037121,0.000000003,0.000000001427,0.0000000012879,0.0000000010749,8.7384E-10,7.6198E-10,3.9996E-10,3.7893E-10,2.0997E-10,1.0512E-10,5.759E-11,5.4681E-11,2.7835E-11,1.5236E-11,1.4695E-11,1.1274E-11,6.4911E-12,6.4112E-12,6.237E-12,3.1529E-12,2.9539E-12,1.9842E-12,1.6298E-12,1.0457E-12,9.2627E-13,5.1469E-13,4.6292E-13,2.5135E-13,2.1326E-13
1,0.0000000025067,0.0000000028704,0.0000000030939,0.000000004,0.0000000055359,0.0000000055778,0.000000006076,0.0000000085619,0.000000017406,0.000000019829,0.000000020878,0.000000020916,0.000000025576,0.000000036414,0.000000038131,0.000000048436,0.000000099917,0.0000001987,0.00000021744,0.00000033,0.000000418,0.00000050464,0.00000054,0.00000069193,0.0000007024,0.00000088829,0.0000012545,0.0000016936,0.0000019208,0.0000033702,0.0000034469,0.0000053958,0.0000069397,0.0000074096,0.0000097963,0.00001147,0.000011501,0.000012494,0.000041205,0.00012736,0.00016484,0.00016615,0.00016629,0.00021935,0.00034205,0.00036481,0.00038099,0.00074913,0.00080796,0.00084128,0.0016086,0.0026537,0.0035781,0.0043466,0.0054745,0.012273,0.016044,0.01656,0.023515,0.034229,0.040307,0.040331,0.050542,0.057173,0.062141,0.068982,0.075224,0.084685,0.088986,0.10248,0.12997,0.14384,0.1681,0.22528,0.23168,0.2574,0.27341,0.32402,0.42331,0.45239,0.53636,0.60569,0.64367,0.70949,0.71813,0.72611,0.76569,0.78724,0.78769,0.80504,0.81787,0.83903,0.84075,0.84151,0.84571,0.85703,0.87509,0.88411,0.922,0.92207,0.95871,0.95912,0.96554,0.96941,0.97179,0.97889,0.98522,0.99789,0.99877,1,0.97705,0.96124,0.95505,0.90787,0.90125,0.89368,0.82902,0.81895,0.78791,0.7749,0.77037,0.76157,0.70254,0.63945,0.63289,0.61587,0.58564,0.49538,0.49149,0.4853,0.34546,0.2655,0.23563,0.22367,0.19272,0.1788,0.17234,0.14961,0.11267,0.09591,0.092726,0.089562,0.08909,0.082422,0.040442,0.035362,0.03432,0.031933,0.025991,0.023439,0.016946,0.016245,0.015325,0.014902,0.013632,0.01186,0.011111,0.010542,0.0087969,0.00823,0.0066956,0.0063391,0.005339,0.0051134,0.0047936,0.0047783,0.0045539,0.0039679,0.0029607,0.0029433,0.0022934,0.002004,0.0017801,0.00091728,0.00073828,0.00072249,0.00041498,0.00036402,0.00035884,0.00026759,0.00026561,0.00020715,0.00014751,0.000091898,0.000084979,0.000070408,0.000048163,0.00004079,0.000035107,0.000029853,0.000018409,0.000014273,0.000014236,0.00001247,0.000010198,0.000009876,0.0000074554,0.0000066775,0.0000060482,0.0000046152,0.0000042917,0.0000037164,0.0000031745,0.0000023509,0.0000017974,0.00000069253,0.000000621,0.00000055013,0.00000044533,0.00000033566,0.00000032434,0.00000021238,0.00000020732,0.000000183,0.00000015705,0.00000012672,0.0000000086648,0.0000000070706,0.0000000064272,0.0000000053965,0.000000005,0.0000000041221,0.000000002,0.0000000017661,0.0000000014761,0.0000000012019,0.000000001,5.534E-10,5.2452E-10,2.9193E-10,1.469E-10,8.083E-11,7.6777E-11,3.9271E-11,2.1588E-11,2.0827E-11,1.6008E-11,9.2519E-12,9.1389E-12,8.8923E-12,4.5162E-12,4.2331E-12,2.8511E-12,2.345E-12,1.5091E-12,1.3378E-12,7.4625E-13,6.7165E-13,3.6615E-13,3.11E-13
1,6.3098E-10,7.259E-10,7.8442E-10,0.000000001,0.0000000014322,0.0000000014434,0.000000001577,0.0000000022493,0.0000000046899,0.000000005368,0.0000000056626,0.0000000056733,0.000000007,0.000000010079,0.000000010572,0.000000013549,0.000000028719,0.000000058639,0.000000064394,0.000000099343,0.000000127,0.00000015449,0.00000016575,0.00000021454,0.00000021792,0.00000027824,0.00000039856,0.00000054482,0.00000062115,0.0000011162,0.0000011427,0.0000018239,0.0000023719,0.0000025399,0.0000034,0.0000040093,0.0000040205,0.0000043844,0.000015286,0.000049956,0.000065517,0.000066063,0.000066122,0.00008849,0.00014129,0.00015121,0.00015829,0.00032316,0.00035004,0.00036532,0.00072558,0.0012343,0.001696,0.0020865,0.0026682,0.0063275,0.0084369,0.0087285,0.012733,0.019106,0.022809,0.022824,0.029167,0.033359,0.036532,0.040947,0.045017,0.051258,0.054122,0.063212,0.082167,0.091934,0.10933,0.15172,0.15658,0.17633,0.1888,0.22908,0.31179,0.33694,0.41201,0.47692,0.51372,0.57986,0.58879,0.59709,0.63911,0.66265,0.66315,0.6825,0.69704,0.72151,0.72354,0.72443,0.72938,0.74289,0.76493,0.7762,0.82591,0.826,0.87989,0.88054,0.89104,0.89762,0.90177,0.91479,0.92746,0.96144,0.96549,0.97705,1,0.99784,0.99615,0.97518,0.97149,0.9671,0.92426,0.9169,0.89333,0.88308,0.87947,0.87237,0.82268,0.766,0.75991,0.74396,0.71509,0.62486,0.62084,0.61442,0.46213,0.36847,0.33211,0.31731,0.2784,0.26058,0.25224,0.22248,0.1727,0.14943,0.14495,0.14049,0.13982,0.13033,0.068203,0.060314,0.058682,0.054926,0.045458,0.04133,0.030638,0.029464,0.027917,0.027203,0.025049,0.022015,0.020722,0.019735,0.01668,0.015678,0.012937,0.012294,0.010475,0.010061,0.009472,0.0094438,0.0090288,0.007938,0.0060351,0.0060018,0.00475,0.0041852,0.0037444,0.0020065,0.0016351,0.0016021,0.00094904,0.00083846,0.00082718,0.0006266,0.00062222,0.00049167,0.00035632,0.00022737,0.00021108,0.00017652,0.00012301,0.00010502,0.000091032,0.000078007,0.0000492,0.000038594,0.0000385,0.000033928,0.000027999,0.000027154,0.000020757,0.000018682,0.000016995,0.000013123,0.000012242,0.000010667,0.0000091735,0.0000068808,0.0000053205,0.0000021321,0.0000019203,0.0000017095,0.0000013956,0.0000010637,0.0000010293,0.00000068524,0.00000066952,0.00000059386,0.00000051265,0.00000041706,0.000000031473,0.000000025867,0.000000023593,0.000000019931,0.000000018688,0.000000015367,0.000000007479,0.0000000067785,0.0000000056997,0.0000000046734,0.0000000040981,0.0000000022081,0.0000000020965,0.0000000011895,6.1194E-10,3.4318E-10,3.265E-10,1.7055E-10,9.5509E-11,9.2243E-11,7.1472E-11,4.2003E-11,4.1505E-11,4.0418E-11,2.0949E-11,1.9674E-11,1.3407E-11,1.1091E-11,7.2304E-12,6.4321E-12,3.6492E-12,3.2944E-12,1.8274E-12,1.5594E-12
1,4.1057E-10,4.7299E-10,5.1153E-10,6.6936E-10,9.3971E-10,9.4714E-10,0.000000001,0.0000000014827,0.0000000031156,0.0000000035712,0.0000000037693,0.0000000037765,0.0000000046621,0.0000000067508,0.0000000070847,0.0000000091039,0.000000019458,0.00000004005,0.000000044,0.000000068263,0.000000087525,0.00000010671,0.00000011458,0.00000014876,0.00000015113,0.00000019352,0.00000027841,0.000000382,0.00000043625,0.00000078968,0.00000080867,0.0000012984,0.0000016942,0.0000018157,0.0000024399,0.0000028834,0.0000028916,0.0000031569,0.000011195,0.000037211,0.000049,0.000049414,0.000049459,0.000066481,0.00010692,0.00011455,0.00012,0.0002478,0.00026876,0.00028069,0.00056399,0.00096841,0.0013384,0.0016529,0.0021236,0.0051229,0.006872,0.0071146,0.010465,0.015848,0.018999,0.019012,0.02444,0.028046,0.030785,0.034607,0.038141,0.04358,0.046082,0.054053,0.070791,0.079471,0.095012,0.13326,0.13768,0.15569,0.1671,0.20421,0.28142,0.30517,0.37669,0.43934,0.47519,0.54026,0.54911,0.55735,0.5993,0.62297,0.62348,0.64302,0.65778,0.68274,0.68482,0.68572,0.6908,0.70468,0.72744,0.73914,0.79132,0.79141,0.84929,0.85001,0.8615,0.86876,0.87335,0.88786,0.90217,0.94186,0.94678,0.96124,0.99784,1,0.99976,0.98752,0.98483,0.98155,0.94663,0.94031,0.91966,0.91052,0.90728,0.90089,0.8553,0.8019,0.7961,0.78083,0.75299,0.66453,0.66054,0.65416,0.50035,0.40343,0.36534,0.34976,0.30857,0.28959,0.28069,0.24878,0.19491,0.16948,0.16457,0.15967,0.15893,0.1485,0.079247,0.070322,0.068472,0.064205,0.053408,0.04868,0.036362,0.035003,0.033208,0.03238,0.029876,0.026338,0.024828,0.023672,0.020086,0.018906,0.015669,0.014907,0.012745,0.012252,0.01155,0.011517,0.011021,0.0097163,0.0074293,0.0073892,0.0058759,0.0051903,0.0046539,0.0025238,0.0020645,0.0020236,0.00121,0.0010713,0.0010572,0.00080468,0.00079915,0.00063401,0.00046194,0.00029693,0.00027598,0.00023145,0.0001622,0.00013881,0.00012059,0.00010358,0.000065781,0.000051785,0.00005166,0.000045609,0.000037743,0.00003662,0.000028101,0.000025329,0.000023073,0.00001788,0.000016695,0.000014575,0.000012561,0.0000094581,0.0000073386,0.0000029762,0.0000026842,0.000002393,0.0000019586,0.000001498,0.0000014501,0.0000009703,0.00000094831,0.00000084239,0.0000007285,0.00000059416,0.000000046205,0.000000038058,0.000000034747,0.000000029409,0.000000027595,0.00000002274,0.000000011154,0.00000001012,0.0000000085251,0.000000007,0.000000006151,0.0000000033358,0.000000003169,0.0000000018085,9.367E-10,5.2837E-10,5.0294E-10,2.6441E-10,1.489E-10,1.4386E-10,1.1174E-10,6.6002E-11,6.5227E-11,6.3535E-11,3.3136E-11,3.1137E-11,2.1295E-11,1.7647E-11,1.155E-11,1.0286E-11,5.8657E-12,5.3003E-12,2.9556E-12,2.5257E-12
1,3.5498E-10,4.0915E-10,4.426E-10,5.7969E-10,8.1476E-10,8.2123E-10,8.9836E-10,0.0000000012876,0.0000000027126,0.0000000031108,0.000000003284,0.0000000032903,0.0000000040649,0.0000000058939,0.0000000061865,0.000000008,0.000000017054,0.000000035197,0.000000038707,0.000000060113,0.000000077149,0.00000009413,0.0000001011,0.00000013139,0.0000001335,0.00000017111,0.00000024653,0.00000033871,0.000000387,0.00000070224,0.0000007192,0.000001157,0.0000015115,0.0000016204,0.0000021802,0.0000025784,0.0000025857,0.000002824,0.000010072,0.00003367,0.000044397,0.000044773,0.000044814,0.000060328,0.000097256,0.00010423,0.00010922,0.00022641,0.00024567,0.00025664,0.00051768,0.00089168,0.0012348,0.0015268,0.0019647,0.004767,0.0064076,0.0066355,0.0097871,0.014868,0.017849,0.017861,0.023007,0.026431,0.029035,0.032672,0.036039,0.041225,0.043614,0.051231,0.067266,0.075598,0.090544,0.12745,0.13172,0.14916,0.16022,0.19627,0.27163,0.29488,0.36515,0.42696,0.46244,0.52704,0.53586,0.54406,0.58591,0.60958,0.61008,0.62966,0.64445,0.66953,0.67161,0.67253,0.67764,0.6916,0.71456,0.72638,0.77926,0.77935,0.83843,0.83917,0.85097,0.85842,0.86316,0.87813,0.89295,0.93446,0.93966,0.95505,0.99615,0.99976,1,0.99074,0.9884,0.98551,0.95335,0.94739,0.92778,0.91905,0.91594,0.90981,0.86572,0.81356,0.80787,0.79286,0.76544,0.67777,0.6738,0.66745,0.5134,0.41552,0.37688,0.36106,0.31913,0.29977,0.29068,0.25805,0.2028,0.17664,0.17158,0.16653,0.16577,0.155,0.083268,0.073976,0.072048,0.0676,0.056327,0.051384,0.038481,0.037054,0.03517,0.034301,0.031669,0.027948,0.026358,0.025141,0.02136,0.020115,0.016695,0.015889,0.013601,0.013079,0.012335,0.0123,0.011774,0.01039,0.0079595,0.0079168,0.0063055,0.0055746,0.0050021,0.0027236,0.0022307,0.0021868,0.0013117,0.0011623,0.001147,0.00087445,0.00086847,0.00068993,0.00050359,0.0003245,0.00030172,0.00025329,0.00017784,0.00015232,0.00013243,0.00011383,0.000072459,0.000057111,0.000056974,0.000050332,0.00004169,0.000040455,0.000031084,0.000028032,0.000025546,0.000019821,0.000018513,0.000016173,0.000013947,0.000010516,0.0000081688,0.0000033263,0.0000030013,0.000002677,0.000002193,0.0000016792,0.0000016257,0.0000010896,0.0000010651,0.00000094656,0.00000081909,0.0000006686,0.000000052522,0.000000043294,0.00000003954,0.000000033487,0.000000031429,0.000000025918,0.000000012746,0.000000011569,0.0000000097516,0.000000008,0.000000007,0.0000000038286,0.0000000036378,0.0000000020801,0.0000000010798,6.1029E-10,5.8101E-10,3.0611E-10,1.7272E-10,1.6689E-10,1.2973E-10,7.6761E-11,7.5863E-11,7.3901E-11,3.8623E-11,3.6299E-11,2.4856E-11,2.061E-11,1.3507E-11,1.2033E-11,6.874E-12,6.2133E-12,3.471E-12,2.9675E-12
1,1.4302E-10,1.6533E-10,1.7914E-10,2.3594E-10,3.34E-10,3.3671E-10,3.6903E-10,5.3298E-10,0.000000001141,0.0000000013124,0.0000000013871,0.0000000013898,0.0000000017249,0.0000000025217,0.0000000026497,0.0000000034271,0.0000000074728,0.000000015682,0.000000017284,0.000000027123,0.000000035,0.000000042927,0.000000046185,0.000000060404,0.000000061394,0.000000079169,0.00000011509,0.00000015938,0.00000018271,0.00000033659,0.00000034493,0.00000056179,0.000000739,0.00000079375,0.0000010764,0.0000012787,0.0000012825,0.000001404,0.0000051868,0.000017962,0.000023883,0.000024092,0.000024115,0.000032761,0.00005361,0.000057584,0.000060427,0.00012828,0.00013957,0.00014601,0.00030171,0.00052987,0.0007426,0.0009256,0.0012026,0.0030235,0.0041152,0.004268,0.0064035,0.0099162,0.012008,0.012017,0.015672,0.01813,0.020011,0.022656,0.02512,0.028942,0.030713,0.036399,0.048543,0.054935,0.066525,0.095732,0.099162,0.11325,0.12227,0.15203,0.21592,0.23607,0.29809,0.35405,0.38676,0.44747,0.45587,0.46371,0.50413,0.52729,0.52779,0.54713,0.56185,0.58704,0.58915,0.59007,0.59525,0.60946,0.63304,0.64529,0.70113,0.70124,0.76606,0.76688,0.78022,0.78873,0.79417,0.81155,0.82909,0.88045,0.88721,0.90787,0.97518,0.98752,0.99074,1,0.99987,0.99941,0.9852,0.98167,0.96904,0.96303,0.96084,0.95646,0.92288,0.87984,0.87497,0.86202,0.83788,0.75733,0.75358,0.74756,0.59542,0.49324,0.45178,0.4346,0.38856,0.36703,0.35685,0.32002,0.25636,0.22561,0.21961,0.21361,0.2127,0.19984,0.11182,0.10005,0.0976,0.09192,0.077404,0.070978,0.054001,0.052105,0.049592,0.04843,0.0449,0.039881,0.037724,0.036068,0.030893,0.029178,0.024436,0.023311,0.020101,0.019364,0.018312,0.018262,0.017517,0.015545,0.012051,0.011989,0.0096437,0.0085706,0.0077257,0.0043121,0.0035596,0.0034922,0.0021361,0.0019012,0.0018772,0.0014454,0.0014359,0.0011502,0.00084897,0.00055542,0.00051771,0.00043717,0.00031057,0.00026736,0.00023349,0.00020169,0.00013023,0.0001034,0.00010316,0.000091485,0.000076214,0.000074024,0.00005733,0.000051861,0.000047393,0.000037047,0.000034673,0.000030409,0.000026336,0.000020019,0.000015662,0.0000065381,0.0000059157,0.0000052929,0.0000043591,0.0000033616,0.0000032572,0.0000022063,0.0000021578,0.0000019236,0.0000016708,0.0000013709,0.00000011463,0.000000094916,0.000000086871,0.000000073857,0.000000069421,0.000000057504,0.000000028742,0.000000026144,0.000000022122,0.00000001827,0.000000016097,0.0000000088675,0.000000008435,0.0000000048821,0.0000000025702,0.0000000014702,0.0000000014011,7.4807E-10,4.2706E-10,4.1293E-10,3.2264E-10,1.9293E-10,1.9072E-10,1.8588E-10,9.8404E-11,9.2598E-11,6.3879E-11,5.316E-11,3.5125E-11,3.1362E-11,1.8109E-11,1.64E-11,9.2628E-12,7.9425E-12
1,1.281E-10,1.4813E-10,1.6054E-10,2.1159E-10,2.9978E-10,3.0222E-10,3.313E-10,4.7893E-10,0.000000001,0.000000001182,0.0000000012494,0.0000000012519,0.0000000015546,0.0000000022749,0.0000000023907,0.0000000030942,0.0000000067609,0.000000014217,0.000000015673,0.000000024625,0.000000031814,0.000000039,0.000000042,0.000000055,0.000000055868,0.000000072095,0.00000010492,0.00000014543,0.00000016679,0.00000030782,0.00000031547,0.00000051456,0.00000067747,0.00000072779,0.00000098792,0.0000011742,0.0000011777,0.0000012896,0.0000047844,0.000016638,0.000022146,0.00002234,0.000022361,0.000030412,0.000049856,0.000053565,0.00005622,0.00011969,0.00013027,0.0001363,0.00028246,0.00049722,0.00069784,0.00087063,0.0011325,0.0028594,0.0038977,0.0040431,0.0060786,0.0094347,0.011437,0.011445,0.014948,0.017308,0.019115,0.021657,0.024026,0.027706,0.029412,0.034895,0.046624,0.052807,0.064033,0.09239,0.095726,0.10944,0.11822,0.14726,0.2098,0.22957,0.29056,0.34576,0.3781,0.43823,0.44656,0.45435,0.49451,0.51756,0.51806,0.53732,0.55201,0.57714,0.57925,0.58017,0.58534,0.59955,0.62314,0.63541,0.69145,0.69156,0.75687,0.7577,0.77119,0.7798,0.7853,0.80292,0.82072,0.87311,0.88003,0.90125,0.97149,0.98483,0.9884,0.99987,1,0.99984,0.98785,0.98463,0.97289,0.96723,0.96516,0.96101,0.92882,0.88703,0.88228,0.86962,0.84595,0.76652,0.7628,0.75684,0.60533,0.50285,0.46112,0.44381,0.39733,0.37557,0.36528,0.32797,0.26333,0.23203,0.22592,0.2198,0.21888,0.20576,0.1157,0.10361,0.10109,0.095249,0.080309,0.073687,0.056169,0.054209,0.051612,0.050411,0.04676,0.041565,0.039331,0.037614,0.03225,0.03047,0.025545,0.024376,0.021037,0.020271,0.019176,0.019123,0.018348,0.016294,0.012649,0.012585,0.010135,0.0090126,0.0081286,0.0045504,0.0037599,0.0036891,0.0022618,0.0020142,0.0019888,0.0015332,0.0015232,0.0012213,0.00090266,0.00059162,0.00055161,0.00046613,0.00033161,0.00028564,0.0002496,0.00021573,0.00013953,0.00011089,0.00011063,0.000098152,0.000081825,0.000079483,0.000061616,0.000055759,0.000050972,0.00003988,0.000037333,0.000032758,0.000028385,0.000021597,0.000016912,0.0000070806,0.0000064087,0.0000057362,0.0000047272,0.0000036486,0.0000035357,0.0000023979,0.0000023453,0.0000020915,0.0000018175,0.0000014922,0.00000012571,0.00000010415,0.000000095344,0.000000081097,0.00000007624,0.000000063186,0.000000031644,0.000000028791,0.000000024373,0.00000002014,0.000000017751,0.000000009794,0.0000000093177,0.0000000054009,0.0000000028481,0.0000000016315,0.000000001555,8.3157E-10,4.7539E-10,4.597E-10,3.5941E-10,2.1518E-10,2.1272E-10,2.0734E-10,1.0994E-10,1.0346E-10,7.1438E-11,5.9476E-11,3.9338E-11,3.5132E-11,2.0312E-11,1.8399E-11,1.0406E-11,8.9257E-12
1,1.1332E-10,1.3109E-10,1.421E-10,1.8743E-10,2.6581E-10,2.6797E-10,2.9384E-10,4.252E-10,9.1395E-10,0.000000001052,0.0000000011122,0.0000000011144,0.0000000013848,0.000000002,0.0000000021322,0.0000000027616,0.000000006,0.000000012746,0.000000014056,0.000000022114,0.000000028593,0.000000035095,0.000000037775,0.000000049484,0.0000000503,0.000000065,0.000000094652,0.00000013134,0.00000015069,0.00000027867,0.00000028562,0.00000046663,0.00000061494,0.00000066078,0.00000089789,0.0000010679,0.000001071,0.0000011732,0.0000043728,0.000015279,0.000020359,0.000020538,0.000020558,0.000027992,0.000045981,0.000049417,0.000051876,0.00011079,0.00012063,0.00012624,0.00026244,0.00046318,0.0006511,0.00081319,0.0010591,0.0026868,0.0036686,0.0038062,0.0057354,0.0089248,0.010832,0.010839,0.01418,0.016433,0.018161,0.020592,0.022862,0.026388,0.028025,0.033287,0.044569,0.050526,0.061357,0.088789,0.092022,0.10532,0.11386,0.1421,0.20315,0.2225,0.28235,0.33668,0.36859,0.42807,0.43632,0.44405,0.4839,0.50681,0.50731,0.52648,0.54111,0.56618,0.56828,0.5692,0.57436,0.58855,0.61214,0.62443,0.68065,0.68075,0.74657,0.74741,0.76104,0.76976,0.77533,0.7932,0.81128,0.86475,0.87185,0.89368,0.9671,0.98155,0.98551,0.99941,0.99984,1,0.99049,0.98761,0.97688,0.97161,0.96967,0.96578,0.93517,0.89479,0.89018,0.87785,0.85473,0.7766,0.77293,0.76703,0.61633,0.51358,0.47157,0.45411,0.40718,0.38516,0.37474,0.33692,0.2712,0.2393,0.23307,0.22681,0.22587,0.21247,0.12012,0.10767,0.10507,0.099054,0.083634,0.076791,0.058658,0.056627,0.053934,0.052687,0.048899,0.043503,0.041181,0.039397,0.033814,0.03196,0.026827,0.025607,0.022121,0.021321,0.020176,0.020121,0.01931,0.017161,0.013344,0.013276,0.010706,0.009527,0.0085977,0.004829,0.0039942,0.0039194,0.0024092,0.0021468,0.0021199,0.0016364,0.0016258,0.001305,0.00096594,0.00063437,0.00059167,0.00050037,0.00035652,0.00030731,0.00026869,0.00023238,0.00015059,0.00011979,0.00011952,0.00010609,0.000088509,0.000085986,0.000066728,0.00006041,0.000055244,0.000043266,0.000040513,0.000035567,0.000030837,0.000023487,0.000018409,0.0000077333,0.000007002,0.0000062698,0.0000051707,0.0000039946,0.0000038714,0.0000026292,0.0000025718,0.0000022945,0.0000019948,0.000001639,0.00000013922,0.00000011541,0.00000010568,0.000000089939,0.000000084569,0.000000070131,0.000000035198,0.000000032,0.000000027132,0.000000022433,0.000000019779,0.000000010933,0.000000010403,0.000000006,0.0000000031908,0.0000000018307,0.0000000017452,9.349E-10,5.353E-10,5.1768E-10,4.0501E-10,2.4283E-10,2.4006E-10,2.34E-10,1.2428E-10,1.1699E-10,8.0854E-11,6.7349E-11,4.4593E-11,3.9837E-11,2.3065E-11,2.0899E-11,1.1837E-11,1.0157E-11
1,4.4043E-11,5.1103E-11,5.5486E-11,7.3604E-11,1.0514E-10,1.0602E-10,1.1647E-10,1.6985E-10,3.7107E-10,4.2843E-10,4.5349E-10,4.5441E-10,5.6729E-10,8.3796E-10,8.8171E-10,0.0000000011485,0.0000000025595,0.0000000054861,0.0000000060635,0.0000000096402,0.000000012539,0.000000015465,0.000000016675,0.000000022,0.000000022356,0.00000002905,0.000000042713,0.000000059745,0.00000006878,0.00000012916,0.00000013246,0.00000021912,0.00000029082,0.00000031308,0.00000042884,0.00000051234,0.00000051388,0.00000056428,0.0000021796,0.0000078927,0.000010607,0.000010703,0.000010713,0.000014723,0.000024555,0.000026448,0.000027807,0.000060832,0.000066417,0.000069612,0.00014829,0.00026691,0.00037979,0.00047819,0.00062893,0.001654,0.0022872,0.0023766,0.0036437,0.0057813,0.0070785,0.0070838,0.0093841,0.010952,0.012162,0.013876,0.015486,0.018005,0.019181,0.022989,0.031271,0.035701,0.043841,0.064879,0.067393,0.077806,0.084541,0.10712,0.15722,0.17342,0.22447,0.27195,0.30032,0.35413,0.3617,0.3688,0.40577,0.42728,0.42774,0.4459,0.45984,0.48392,0.48595,0.48684,0.49183,0.50562,0.52872,0.54085,0.5972,0.5973,0.66531,0.6662,0.68061,0.68989,0.69584,0.7151,0.73485,0.79503,0.80326,0.82902,0.92426,0.94663,0.95335,0.9852,0.98785,0.99049,1,0.99981,0.99696,0.99483,0.99397,0.99213,0.97436,0.94597,0.94251,0.93307,0.91478,0.84866,0.84543,0.8402,0.6994,0.59671,0.55335,0.53511,0.48541,0.46176,0.45049,0.40919,0.33584,0.29944,0.29227,0.28505,0.28397,0.26842,0.15814,0.14279,0.13957,0.13207,0.11271,0.10403,0.080751,0.078114,0.074608,0.072981,0.06802,0.06091,0.057833,0.055461,0.047994,0.045499,0.03854,0.036875,0.032092,0.030988,0.029404,0.029329,0.028204,0.02521,0.019839,0.019743,0.01608,0.014386,0.013043,0.0075121,0.0062633,0.0061507,0.0038563,0.003452,0.0034104,0.0026594,0.0026427,0.0021392,0.0016014,0.001068,0.00099858,0.00084955,0.00061256,0.00053072,0.00046616,0.00040516,0.00026638,0.0002135,0.00021303,0.00018982,0.00015929,0.00015489,0.00012117,0.00011004,0.00010092,0.000079636,0.000074721,0.000065859,0.000057349,0.000044041,0.000034771,0.000014979,0.000013601,0.000012216,0.00001013,0.0000078821,0.0000076457,0.000005248,0.0000051365,0.0000045968,0.0000040116,0.0000033134,0.00000029982,0.0000002497,0.00000022915,0.00000019578,0.00000018436,0.00000015358,0.000000078355,0.00000007147,0.000000060772,0.000000050469,0.000000044629,0.000000025,0.000000023822,0.000000014,0.0000000075033,0.0000000043578,0.0000000041585,0.000000002258,0.0000000013083,0.0000000012661,0.000000001,6.034E-10,5.9666E-10,5.8192E-10,3.1313E-10,2.9511E-10,2.055E-10,1.7181E-10,1.147E-10,1.027E-10,6.0113E-11,5.4572E-11,3.1255E-11,2.69E-11
1,3.8446E-11,4.4628E-11,4.8467E-11,6.4345E-11,9.201E-11,9.2777E-11,1.0196E-10,1.4885E-10,3.2593E-10,3.7647E-10,3.9856E-10,3.9937E-10,4.9892E-10,7.3783E-10,7.7647E-10,0.000000001,0.0000000022614,0.0000000048589,0.000000005372,0.0000000085536,0.000000011135,0.000000013743,0.000000014822,0.000000019559,0.00000001989,0.000000025869,0.000000038085,0.000000053332,0.000000061427,0.0000001156,0.00000011857,0.00000019649,0.000000261,0.0000002811,0.00000038547,0.00000046083,0.00000046222,0.00000050772,0.0000019711,0.0000071741,0.0000096525,0.0000097405,0.0000097501,0.000013417,0.000022425,0.000024162,0.000025408,0.000055775,0.00006092,0.000063864,0.00013651,0.00024641,0.00035122,0.00044273,0.0005831,0.0015414,0.0021353,0.0022192,0.0034108,0.0054268,0.0066527,0.0066578,0.0088355,0.010322,0.011471,0.013099,0.014629,0.017026,0.018146,0.021777,0.029689,0.033928,0.04173,0.061952,0.064373,0.074412,0.080912,0.10274,0.15135,0.16713,0.21693,0.26341,0.29124,0.34418,0.35163,0.35863,0.39512,0.41639,0.41685,0.43481,0.44862,0.4725,0.47452,0.4754,0.48036,0.49405,0.51702,0.52909,0.58529,0.58539,0.65348,0.65437,0.66885,0.67817,0.68416,0.70355,0.72346,0.78436,0.79273,0.81895,0.9169,0.94031,0.94739,0.98167,0.98463,0.98761,0.99981,1,0.99829,0.99663,0.99593,0.99439,0.97855,0.95201,0.94872,0.93974,0.92222,0.8581,0.85494,0.84984,0.71098,0.60863,0.5652,0.5469,0.49692,0.47309,0.46173,0.42,0.34566,0.30866,0.30136,0.29401,0.29291,0.27706,0.16419,0.14841,0.14509,0.13737,0.11741,0.10845,0.084375,0.081643,0.078009,0.076323,0.071178,0.063796,0.0606,0.058134,0.050366,0.047768,0.040514,0.038778,0.033783,0.032629,0.030974,0.030895,0.029718,0.026585,0.020957,0.020857,0.017011,0.015231,0.013818,0.0079868,0.0066666,0.0065475,0.0041167,0.0036874,0.0036433,0.0028451,0.0028273,0.0022914,0.001718,0.0011483,0.0010741,0.00091454,0.00066054,0.0005727,0.00050337,0.0004378,0.00028843,0.00023142,0.00023091,0.00020587,0.0001729,0.00016815,0.0001317,0.00011965,0.00010977,0.000086718,0.000081389,0.000071777,0.000062541,0.000048084,0.000038002,0.000016429,0.000014924,0.000013411,0.000011129,0.0000086684,0.0000084094,0.000005781,0.0000056586,0.0000050663,0.0000044237,0.0000036566,0.00000033386,0.00000027822,0.00000025541,0.00000021833,0.00000020564,0.00000017142,0.000000087662,0.00000008,0.000000068,0.000000056548,0.00000005,0.000000028086,0.000000026758,0.000000015755,0.0000000084601,0.0000000049221,0.0000000046976,0.0000000025556,0.0000000014833,0.0000000014356,0.0000000011298,6.857E-10,6.7806E-10,6.6137E-10,3.5653E-10,3.3608E-10,2.3428E-10,1.9597E-10,1.3099E-10,1.1732E-10,6.8777E-11,6.2455E-11,3.5826E-11,3.0847E-11
1,2.5608E-11,2.9763E-11,3.2346E-11,4.3047E-11,6.1743E-11,6.2263E-11,6.8478E-11,1.003E-10,2.2114E-10,2.5576E-10,2.709E-10,2.7146E-10,3.3979E-10,5.0427E-10,5.3092E-10,6.938E-10,0.0000000015615,0.000000003379,0.0000000037394,0.000000006,0.0000000078056,0.0000000096531,0.000000010419,0.000000013786,0.000000014,0.000000018283,0.000000027,0.000000038,0.000000043791,0.000000082946,0.000000085097,0.00000014177,0.00000018891,0.00000020358,0.00000028012,0.00000033553,0.00000033655,0.00000037006,0.0000014585,0.0000053892,0.000007277,0.0000073442,0.0000073515,0.000010156,0.000017083,0.000018424,0.000019387,0.000042993,0.000047013,0.000049316,0.00010651,0.00019386,0.00027774,0.0003513,0.0004646,0.001247,0.0017367,0.0018062,0.0027963,0.0044858,0.0055197,0.005524,0.0073698,0.0086355,0.0096159,0.011009,0.012323,0.014387,0.015353,0.018495,0.025384,0.029095,0.035954,0.053885,0.056044,0.065022,0.070855,0.090545,0.13488,0.14938,0.19554,0.23903,0.26525,0.31549,0.3226,0.32928,0.36426,0.38474,0.38518,0.40254,0.41592,0.43913,0.44109,0.44195,0.44678,0.46015,0.48264,0.49449,0.55,0.55011,0.61814,0.61904,0.63362,0.64304,0.6491,0.66877,0.68906,0.75178,0.76048,0.78791,0.89333,0.91966,0.92778,0.96904,0.97289,0.97688,0.99696,0.99829,1,0.99972,0.99949,0.99887,0.98884,0.96796,0.96523,0.95766,0.94255,0.88478,0.88186,0.87714,0.74486,0.64401,0.60057,0.58216,0.53157,0.50728,0.49567,0.45283,0.37575,0.33702,0.32934,0.32161,0.32044,0.30373,0.18317,0.16607,0.16246,0.15407,0.13228,0.12246,0.095917,0.092891,0.088863,0.08699,0.081271,0.073044,0.069472,0.066714,0.058001,0.055077,0.046894,0.044929,0.039265,0.037953,0.03607,0.03598,0.034639,0.031063,0.024612,0.024496,0.020064,0.018005,0.016367,0.0095608,0.0080073,0.0078669,0.0049878,0.0044763,0.0044237,0.0034692,0.003448,0.0028044,0.0021127,0.0014213,0.0013308,0.001136,0.00082463,0.00071653,0.00063101,0.00054996,0.00036455,0.00029342,0.00029278,0.00026146,0.00022013,0.00021416,0.0001683,0.00015312,0.00014064,0.00011146,0.0001047,0.00009249,0.000080736,0.000062289,0.000049379,0.000021577,0.000019623,0.000017657,0.000014686,0.000011474,0.000011135,0.0000076892,0.0000075283,0.0000067492,0.0000059025,0.0000048899,0.00000045856,0.00000038289,0.00000035181,0.00000030124,0.00000028391,0.00000023711,0.0000001221,0.00000011151,0.000000095,0.000000079117,0.000000070078,0.000000039571,0.000000037719,0.000000022324,0.00000001206,0.0000000070527,0.000000006734,0.0000000036844,0.0000000021492,0.0000000020807,0.0000000016411,0.000000001,0.000000001,0.000000001,5.2328E-10,4.9351E-10,3.4512E-10,2.8914E-10,1.9395E-10,1.7388E-10,1.024E-10,9.3061E-11,5.3635E-11,4.6239E-11
1,2.1695E-11,2.5228E-11,2.7426E-11,3.6534E-11,5.2467E-11,5.291E-11,5.8211E-11,8.5375E-11,1.8876E-10,2.1842E-10,2.314E-10,2.3188E-10,2.9048E-10,4.3171E-10,4.5461E-10,5.9465E-10,0.0000000013423,0.0000000029132,0.0000000032252,0.0000000051674,0.0000000067512,0.0000000083561,0.000000009,0.000000012,0.000000012155,0.000000015866,0.000000023486,0.000000033,0.000000038137,0.000000072426,0.000000074312,0.00000012406,0.00000016552,0.00000017844,0.00000024585,0.00000029471,0.00000029562,0.00000032518,0.0000012895,0.000004794,0.0000064827,0.0000065428,0.0000065494,0.0000090624,0.000015283,0.000016489,0.000017355,0.000038647,0.000042281,0.000044363,0.000096214,0.00017571,0.00025227,0.00031952,0.00042328,0.0011431,0.0015955,0.0016598,0.0025773,0.0041483,0.0051121,0.0051161,0.0068403,0.0080247,0.0089433,0.01025,0.011483,0.013423,0.014333,0.017293,0.023798,0.02731,0.033813,0.05087,0.05293,0.061499,0.067075,0.085937,0.12859,0.1426,0.18729,0.22957,0.25513,0.30424,0.31121,0.31776,0.35209,0.37223,0.37267,0.38977,0.40296,0.42586,0.4278,0.42865,0.43342,0.44663,0.46889,0.48063,0.53578,0.53588,0.60377,0.60466,0.61926,0.6287,0.63477,0.65451,0.67492,0.73823,0.74705,0.7749,0.88308,0.91052,0.91905,0.96303,0.96723,0.97161,0.99483,0.99663,0.99972,1,0.99997,0.99971,0.99208,0.97356,0.97106,0.96409,0.95,0.89497,0.89216,0.8876,0.75832,0.65831,0.61495,0.59652,0.54577,0.52134,0.50964,0.46641,0.38831,0.34891,0.34109,0.3332,0.33202,0.31496,0.19129,0.17365,0.16992,0.16125,0.1387,0.12852,0.10094,0.09779,0.093594,0.091643,0.085679,0.077092,0.073361,0.070477,0.061359,0.058296,0.049712,0.047649,0.041695,0.040314,0.038332,0.038237,0.036825,0.033056,0.026245,0.026122,0.021433,0.019251,0.017513,0.010275,0.0086169,0.0084669,0.0053864,0.0048379,0.0047814,0.0037563,0.0037334,0.0030409,0.0022953,0.0015482,0.0014503,0.0012393,0.00090142,0.00078394,0.00069092,0.00060268,0.00040049,0.00032276,0.00032206,0.0002878,0.00024255,0.00023601,0.00018573,0.00016906,0.00015536,0.00012328,0.00011585,0.00010241,0.000089462,0.000069118,0.000054861,0.000024076,0.000021906,0.000019722,0.000016419,0.000012844,0.000012466,0.0000086241,0.0000084446,0.0000075746,0.0000066287,0.0000054964,0.00000052106,0.00000043542,0.00000040022,0.00000034292,0.00000032328,0.0000002702,0.00000013954,0.00000012748,0.00000010871,0.000000090576,0.000000080269,0.000000045432,0.000000043314,0.00000002569,0.000000013912,0.0000000081528,0.0000000077858,0.0000000042697,0.0000000024956,0.0000000024165,0.0000000019076,0.0000000011651,0.0000000011523,0.0000000011243,6.1081E-10,5.7619E-10,4.0346E-10,3.3823E-10,2.272E-10,2.0376E-10,1.2022E-10,1.093E-10,6.3113E-11,5.4438E-11
1,2.0488E-11,2.3829E-11,2.5906E-11,3.4522E-11,4.9599E-11,5.0018E-11,5.5035E-11,8.0754E-11,1.7872E-10,2.0683E-10,2.1914E-10,2.1959E-10,2.7517E-10,4.0915E-10,4.3088E-10,5.6381E-10,0.000000001274,0.0000000027677,0.0000000030645,0.000000004913,0.0000000064212,0.0000000079498,0.0000000085837,0.000000011375,0.00000001157,0.000000015108,0.000000022375,0.000000031497,0.000000036358,0.00000006911,0.000000070912,0.00000011848,0.00000015813,0.00000017049,0.000000235,0.0000002818,0.00000028266,0.000000311,0.0000012358,0.000004604,0.0000062289,0.0000062867,0.000006293,0.0000087124,0.000014706,0.000015869,0.000016704,0.000037249,0.000040758,0.000042769,0.00009289,0.00016984,0.00024401,0.00030921,0.00040986,0.0011092,0.0015494,0.0016119,0.0025056,0.0040375,0.0049781,0.004982,0.0066659,0.0078235,0.0087215,0.0099996,0.011206,0.013105,0.013995,0.016894,0.023271,0.026717,0.033101,0.049865,0.05189,0.060323,0.065812,0.084394,0.12648,0.14031,0.1845,0.22637,0.25171,0.30043,0.30734,0.31385,0.34795,0.36797,0.36841,0.38541,0.39853,0.42133,0.42325,0.4241,0.42885,0.44201,0.46419,0.47589,0.5309,0.531,0.59881,0.59971,0.61431,0.62375,0.62983,0.64959,0.67003,0.73352,0.74238,0.77037,0.87947,0.90728,0.91594,0.96084,0.96516,0.96967,0.99397,0.99593,0.99949,0.99997,1,0.99988,0.99307,0.97537,0.97295,0.96619,0.95246,0.89839,0.89562,0.89112,0.76292,0.66322,0.6199,0.60148,0.55068,0.5262,0.51448,0.47112,0.39268,0.35306,0.34519,0.33725,0.33605,0.31888,0.19415,0.17631,0.17255,0.16378,0.14096,0.13066,0.10272,0.099524,0.095269,0.09329,0.087242,0.078528,0.07474,0.071812,0.062552,0.05944,0.050715,0.048617,0.042561,0.041156,0.039138,0.039041,0.037604,0.033767,0.026828,0.026704,0.021923,0.019697,0.017924,0.010531,0.0088363,0.0086829,0.0055303,0.0049685,0.0049106,0.0038601,0.0038366,0.0031265,0.0023615,0.0015943,0.0014937,0.0012768,0.00092938,0.0008085,0.00071276,0.00062191,0.00041362,0.0003335,0.00033277,0.00029744,0.00025076,0.00024402,0.00019212,0.00017491,0.00016076,0.00012763,0.00011994,0.00010605,0.000092669,0.000071631,0.00005688,0.000024999,0.00002275,0.000020486,0.00001706,0.000013351,0.000012959,0.0000089707,0.0000087843,0.0000078808,0.0000068982,0.0000057217,0.00000054444,0.00000045508,0.00000041834,0.00000035854,0.000000338,0.0000002826,0.00000014608,0.00000013348,0.00000011385,0.000000094885,0.000000084102,0.00000004764,0.000000045422,0.000000027,0.000000014612,0.0000000085691,0.0000000081839,0.0000000044916,0.0000000026272,0.0000000025439,0.000000002,0.0000000012278,0.0000000012143,0.0000000011848,6.4416E-10,6.0769E-10,4.2571E-10,3.5696E-10,2.399E-10,2.1518E-10,1.2704E-10,1.1551E-10,6.6744E-11,5.758E-11
1,1.8344E-11,2.1343E-11,2.3208E-11,3.0946E-11,4.4499E-11,4.4876E-11,4.9388E-11,7.2532E-11,1.6082E-10,1.8618E-10,1.9729E-10,1.9769E-10,2.4786E-10,3.689E-10,3.8854E-10,5.0873E-10,0.0000000011518,0.0000000025071,0.0000000027767,0.0000000044569,0.000000005829,0.0000000072206,0.0000000077979,0.000000010341,0.000000010519,0.000000013745,0.000000020378,0.000000028711,0.000000033155,0.000000063132,0.000000064783,0.00000010839,0.00000014479,0.00000015613,0.00000021542,0.00000025844,0.00000025923,0.00000028528,0.0000011383,0.000004258,0.0000057664,0.0000058201,0.0000058259,0.0000080742,0.000013653,0.000014735,0.000015513,0.00003469,0.00003797,0.00003985,0.000086791,0.00015904,0.00022882,0.00029022,0.00038512,0.0010466,0.001464,0.0015233,0.0023725,0.0038315,0.0047289,0.0047326,0.0063413,0.0074484,0.0083079,0.0095322,0.010689,0.01251,0.013365,0.01615,0.022286,0.025606,0.031765,0.047974,0.049936,0.058108,0.063432,0.081482,0.12248,0.13599,0.17922,0.22028,0.24518,0.29315,0.29997,0.30638,0.34004,0.35983,0.36026,0.37708,0.39007,0.41265,0.41456,0.4154,0.42011,0.43316,0.45517,0.4668,0.52151,0.52162,0.58927,0.59017,0.60476,0.61421,0.6203,0.64009,0.66058,0.7244,0.73333,0.76157,0.87237,0.90089,0.90981,0.95646,0.96101,0.96578,0.99213,0.99439,0.99887,0.99971,0.99988,1,0.99479,0.97868,0.97642,0.97007,0.95703,0.90484,0.90214,0.89777,0.7717,0.67266,0.62943,0.61102,0.56015,0.5356,0.52383,0.48024,0.40117,0.36112,0.35316,0.34512,0.34391,0.32652,0.19973,0.18154,0.17769,0.16874,0.14541,0.13485,0.10621,0.10293,0.098563,0.096531,0.090315,0.081355,0.077457,0.074444,0.064904,0.061696,0.052695,0.050528,0.044271,0.042819,0.040733,0.040632,0.039146,0.035175,0.027985,0.027856,0.022895,0.020582,0.018739,0.011042,0.0092732,0.0091131,0.0058173,0.0052291,0.0051684,0.0040674,0.0040428,0.0032977,0.002494,0.0016867,0.0015807,0.0013521,0.00098553,0.00085785,0.00075666,0.00066059,0.00044007,0.00035512,0.00035436,0.00031687,0.00026732,0.00026016,0.00020501,0.00018671,0.00017166,0.0001364,0.00012822,0.00011342,0.000099158,0.000076718,0.00006097,0.000026873,0.000024464,0.000022037,0.000018363,0.000014382,0.000013962,0.0000096764,0.000009476,0.0000085043,0.0000074472,0.0000061807,0.00000059237,0.0000004954,0.00000045552,0.00000039057,0.0000003683,0.00000030807,0.00000015954,0.00000014582,0.00000012443,0.00000010375,0.000000092,0.000000052191,0.000000049767,0.00000002958,0.000000016058,0.0000000094303,0.000000009,0.000000005,0.0000000028999,0.0000000028083,0.0000000022189,0.0000000013578,0.0000000013429,0.0000000013104,7.135E-10,6.732E-10,4.72E-10,3.9595E-10,2.6635E-10,2.3897E-10,1.4126E-10,1.2846E-10,7.4325E-11,6.4141E-11
1,8.8923E-12,1.0369E-11,1.1289E-11,1.5116E-11,2.1853E-11,2.2041E-11,2.4291E-11,3.5879E-11,8.0512E-11,9.342E-11,9.9081E-11,9.9288E-11,1.2492E-10,1.8706E-10,1.9718E-10,2.5926E-10,5.9462E-10,0.0000000013106,0.0000000014539,0.0000000023518,0.0000000030895,0.0000000038408,0.0000000041532,0.0000000055337,0.0000000056308,0.000000007391,0.000000011,0.000000015635,0.000000018101,0.000000034858,0.000000035786,0.000000060429,0.000000081146,0.000000087626,0.00000012162,0.00000014639,0.00000014685,0.00000016189,0.00000066324,0.0000025475,0.0000034716,0.0000035046,0.0000035082,0.0000048955,0.000008371,0.0000090499,0.0000095383,0.000021712,0.000023814,0.00002502,0.000055485,0.00010316,0.00014976,0.0001911,0.00025542,0.00071285,0.0010066,0.0010485,0.0016541,0.00271,0.0033666,0.0033693,0.0045566,0.0053802,0.0060226,0.0069417,0.007814,0.009195,0.0098457,0.011977,0.016722,0.019313,0.024157,0.037094,0.038675,0.045294,0.049632,0.06447,0.098811,0.11029,0.1475,0.18343,0.20548,0.24846,0.25462,0.26043,0.2911,0.30928,0.30967,0.3252,0.33724,0.35829,0.36007,0.36086,0.36527,0.37752,0.39829,0.40931,0.46167,0.46177,0.52769,0.52858,0.54298,0.55234,0.55839,0.57813,0.59871,0.66383,0.67306,0.70254,0.82268,0.8553,0.86572,0.92288,0.92882,0.93517,0.97436,0.97855,0.98884,0.99208,0.99307,0.99479,1,0.99446,0.99327,0.98964,0.98133,0.94224,0.94006,0.93652,0.82632,0.73294,0.69088,0.67276,0.62207,0.5973,0.58535,0.54072,0.45822,0.41567,0.40716,0.39854,0.39724,0.37851,0.23871,0.21813,0.21377,0.20357,0.17681,0.16462,0.1312,0.12734,0.12219,0.11979,0.11242,0.10176,0.097101,0.09349,0.082007,0.078125,0.067178,0.06453,0.056849,0.055059,0.052483,0.052359,0.050519,0.045588,0.036593,0.036431,0.030165,0.027225,0.024872,0.014931,0.012613,0.012402,0.0080337,0.0072458,0.0071643,0.0056804,0.0056471,0.0046351,0.0035348,0.0024179,0.0022702,0.0019505,0.0014342,0.0012531,0.0011091,0.00097181,0.00065437,0.00053099,0.00052987,0.00047517,0.0004026,0.00039208,0.00031082,0.00028373,0.0002614,0.00020887,0.00019664,0.00017446,0.00015301,0.0001191,0.000095164,0.000042733,0.000038983,0.000035196,0.000029446,0.000023186,0.000022523,0.000015733,0.000015414,0.000013865,0.000012176,0.000010145,0.0000010188,0.000000855,0.0000007874,0.00000067709,0.00000063918,0.00000053644,0.00000028121,0.00000025744,0.00000022031,0.00000018431,0.00000016377,0.000000093856,0.000000089573,0.000000053726,0.000000029474,0.000000017466,0.000000016696,0.0000000092692,0.0000000054769,0.0000000053066,0.0000000042089,0.000000002596,0.000000002568,0.0000000025067,0.0000000013782,0.0000000013015,9.1762E-10,7.7187E-10,5.2242E-10,4.695E-10,2.7976E-10,2.5479E-10,1.4863E-10,1.2855E-10
1,4.1702E-12,4.8736E-12,5.3127E-12,7.145E-12,1.0386E-11,1.0477E-11,1.1564E-11,1.7181E-11,3.9035E-11,4.5398E-11,4.8192E-11,4.8295E-11,6.0977E-11,9.1892E-11,9.6944E-11,1.2802E-10,2.9754E-10,6.6432E-10,7.3823E-10,0.0000000012037,0.0000000015886,0.000000002,0.0000000021462,0.0000000028736,0.0000000029248,0.0000000038571,0.0000000057971,0.0000000082666,0.0000000095948,0.000000018695,0.000000019202,0.000000032733,0.000000044194,0.000000047791,0.000000066734,0.000000080609,0.000000080866,0.000000089313,0.000000376,0.000001484,0.0000020355,0.0000020553,0.0000020574,0.0000028913,0.0000050014,0.0000054162,0.0000057151,0.00001325,0.000014564,0.000015319,0.000034608,0.00006532,0.000095708,0.00012288,0.00016546,0.00047465,0.00067674,0.00070578,0.0011282,0.001876,0.0023462,0.0023481,0.0032061,0.0038059,0.0042761,0.004952,0.0055965,0.0066222,0.0071076,0.0087058,0.012302,0.014285,0.018021,0.028147,0.029397,0.034657,0.038124,0.050095,0.078332,0.087909,0.11935,0.15024,0.16941,0.20724,0.21271,0.21788,0.24533,0.26172,0.26207,0.27615,0.28712,0.30638,0.30802,0.30874,0.31279,0.32408,0.34331,0.35357,0.40274,0.40283,0.46583,0.46668,0.48062,0.48971,0.49559,0.51488,0.53513,0.6001,0.60943,0.63945,0.766,0.8019,0.81356,0.87984,0.88703,0.89479,0.94597,0.95201,0.96796,0.97356,0.97537,0.97868,0.99446,1,0.99994,0.99924,0.99607,0.97171,0.97014,0.96756,0.87701,0.79201,0.75222,0.73484,0.68552,0.66106,0.64918,0.60437,0.51979,0.47531,0.46633,0.45723,0.45585,0.43596,0.28374,0.26071,0.25581,0.24431,0.21394,0.19998,0.16134,0.15684,0.15082,0.148,0.13936,0.12676,0.12124,0.11694,0.10322,0.098563,0.085342,0.082127,0.072761,0.070569,0.067407,0.067255,0.064992,0.058906,0.047719,0.047516,0.039644,0.035926,0.032937,0.020154,0.017129,0.016853,0.011083,0.010031,0.0099216,0.0079273,0.0078824,0.0065113,0.0050086,0.0034664,0.0032608,0.0028144,0.0020883,0.0018318,0.0016269,0.0014309,0.0009742,0.00079504,0.00079341,0.00071361,0.0006073,0.00059185,0.00047208,0.00043196,0.00039881,0.00032052,0.00030221,0.00026895,0.00023666,0.00018537,0.00014893,0.000068174,0.000062326,0.000056406,0.000047386,0.000037517,0.000036468,0.000025682,0.000025172,0.000022697,0.000019989,0.000016722,0.0000017623,0.000001484,0.000001369,0.0000011807,0.0000011159,0.00000093976,0.00000049884,0.00000045745,0.00000039265,0.00000032959,0.00000029352,0.00000017,0.00000016236,0.0000000983,0.000000054515,0.000000032606,0.000000031193,0.000000017497,0.000000010432,0.000000010113,0.0000000080532,0.000000005,0.000000005,0.0000000048383,0.0000000026866,0.0000000025396,0.0000000018008,0.0000000015191,0.000000001,9.3144E-10,5.5964E-10,5.1044E-10,3.0031E-10,2.6032E-10
1,3.8552E-12,4.5065E-12,4.9132E-12,6.6107E-12,9.6151E-12,9.6991E-12,1.0707E-11,1.5918E-11,3.621E-11,4.2122E-11,4.472E-11,4.4815E-11,5.6605E-11,8.5358E-11,9.0058E-11,1.1898E-10,2.7691E-10,6.1907E-10,6.8807E-10,0.0000000011229,0.0000000014826,0.0000000018506,0.000000002,0.0000000026846,0.0000000027325,0.0000000036052,0.0000000054224,0.0000000077371,0.000000009,0.000000017523,0.000000018,0.000000030713,0.000000041489,0.000000044872,0.000000062698,0.000000075761,0.000000076,0.000000084,0.00000035443,0.0000014029,0.0000019255,0.0000019442,0.0000019463,0.0000027371,0.0000047403,0.0000051343,0.0000054184,0.000012586,0.000013836,0.000014556,0.000032947,0.000062281,0.000091342,0.00011734,0.00015814,0.00045492,0.00064924,0.00067719,0.0010839,0.0018052,0.0022592,0.0022611,0.0030902,0.0036704,0.0041255,0.0047799,0.0054041,0.0063983,0.0068689,0.0084194,0.011912,0.01384,0.017474,0.027342,0.028561,0.033694,0.03708,0.048781,0.076434,0.085827,0.11671,0.14709,0.16598,0.20328,0.20868,0.21378,0.24089,0.2571,0.25745,0.27138,0.28223,0.30129,0.30292,0.30363,0.30765,0.31883,0.3379,0.34806,0.39687,0.39696,0.4596,0.46045,0.47433,0.48338,0.48924,0.50846,0.52865,0.59352,0.60285,0.63289,0.75991,0.7961,0.80787,0.87497,0.88228,0.89018,0.94251,0.94872,0.96523,0.97106,0.97295,0.97642,0.99327,0.99994,1,0.99961,0.99697,0.97418,0.97268,0.9702,0.88184,0.79785,0.75836,0.74107,0.69196,0.66757,0.65571,0.61095,0.52625,0.48161,0.47259,0.46344,0.46206,0.44207,0.28865,0.26537,0.26041,0.24878,0.21804,0.2039,0.16471,0.16014,0.15402,0.15116,0.14238,0.12958,0.12396,0.11959,0.10563,0.10088,0.087415,0.084137,0.074585,0.072348,0.069122,0.068966,0.066657,0.060442,0.049009,0.048802,0.040749,0.036942,0.033881,0.020773,0.017666,0.017383,0.011448,0.010365,0.010253,0.0081987,0.0081524,0.0067388,0.0051882,0.003595,0.0033824,0.0029208,0.0021693,0.0019036,0.0016913,0.0014881,0.0010143,0.00082823,0.00082654,0.00074363,0.00063314,0.00061708,0.00049251,0.00045077,0.00041626,0.00033475,0.00031567,0.00028101,0.00024736,0.00019388,0.00015586,0.000071486,0.000065367,0.000059173,0.000049732,0.000039397,0.000038298,0.000026993,0.000026459,0.000023862,0.000021021,0.000017593,0.0000018633,0.0000015697,0.0000014482,0.0000012495,0.000001181,0.00000099494,0.00000052881,0.000000485,0.00000041644,0.00000034968,0.00000031148,0.00000018057,0.00000017249,0.00000010454,0.000000058,0.000000034747,0.000000033244,0.000000018667,0.00000001114,0.0000000108,0.0000000086037,0.0000000053544,0.0000000052977,0.0000000051737,0.0000000028758,0.0000000027187,0.0000000019289,0.0000000016276,0.0000000011093,0.000000001,6.0064E-10,5.4792E-10,3.2264E-10,2.7974E-10
1,3.1436E-12,3.6769E-12,4.0101E-12,5.4018E-12,7.8684E-12,7.9374E-12,8.7655E-12,1.3052E-11,2.979E-11,3.4675E-11,3.6822E-11,3.69E-11,4.6653E-11,7.047E-11,7.4366E-11,9.8361E-11,2.2974E-10,5.1538E-10,5.7308E-10,9.3721E-10,0.0000000012389,0.000000001548,0.0000000016769,0.0000000022493,0.0000000022897,0.000000003,0.0000000045578,0.000000006514,0.0000000075677,0.000000014809,0.000000015213,0.000000026,0.000000035207,0.000000038093,0.000000053312,0.000000064479,0.000000064686,0.000000071491,0.000000304,0.000001212,0.0000016664,0.0000016827,0.0000016845,0.0000023734,0.0000041231,0.0000044679,0.0000047165,0.00001101,0.00001211,0.000012743,0.000028988,0.000055017,0.000080887,0.00010408,0.00014055,0.00040729,0.00058277,0.00060804,0.00097668,0.001633,0.0020473,0.0020491,0.0028076,0.0033395,0.0037573,0.0043588,0.0049333,0.0058494,0.0062837,0.0077161,0.010952,0.012743,0.016126,0.025347,0.026489,0.031305,0.034487,0.045509,0.071689,0.080616,0.11006,0.13917,0.15731,0.19326,0.19848,0.20341,0.22965,0.24537,0.24571,0.25924,0.26979,0.28835,0.28993,0.29063,0.29455,0.30546,0.32407,0.33401,0.38185,0.38194,0.44361,0.44445,0.45815,0.46709,0.47289,0.49192,0.51194,0.57651,0.58582,0.61587,0.74396,0.78083,0.79286,0.86202,0.86962,0.87785,0.93307,0.93974,0.95766,0.96409,0.96619,0.97007,0.98964,0.99924,0.99961,1,0.99876,0.98007,0.97874,0.97654,0.894,0.81273,0.77406,0.75707,0.70857,0.68437,0.67259,0.62798,0.54306,0.49805,0.48893,0.47968,0.47829,0.45804,0.3016,0.27769,0.27259,0.26062,0.2289,0.21429,0.17367,0.16892,0.16256,0.15958,0.15044,0.1371,0.13123,0.12667,0.11207,0.1071,0.092971,0.089528,0.079483,0.077129,0.07373,0.073566,0.071132,0.064576,0.052489,0.052269,0.043733,0.039691,0.036436,0.022453,0.019126,0.018822,0.012447,0.01128,0.011159,0.008941,0.008891,0.0073619,0.0056809,0.0039488,0.0037172,0.0032137,0.0023926,0.0021017,0.0018691,0.0016462,0.0011253,0.00092032,0.00091845,0.00082697,0.00070494,0.00068718,0.00054936,0.00050312,0.00046487,0.00037441,0.00035322,0.0003147,0.00027726,0.00021767,0.00017524,0.000080789,0.000073917,0.000066955,0.000056335,0.000044692,0.000043453,0.000030693,0.000030089,0.000027153,0.000023939,0.000020056,0.0000021517,0.0000018143,0.0000016747,0.000001446,0.0000013672,0.0000011528,0.00000061478,0.00000056412,0.00000048474,0.0000004074,0.00000036311,0.00000021108,0.00000020169,0.00000012254,0.00000006823,0.000000041,0.000000039186,0.000000022064,0.0000000132,0.000000012799,0.000000010206,0.0000000063655,0.0000000062985,0.0000000061517,0.0000000034285,0.000000003242,0.0000000023037,0.0000000019453,0.0000000013281,0.0000000011964,7.2101E-10,6.5799E-10,3.8833E-10,3.3691E-10
1,2.1843E-12,2.5577E-12,2.7911E-12,3.7674E-12,5.5021E-12,5.5507E-12,6.1341E-12,9.1594E-12,2.1028E-11,2.4503E-11,2.6031E-11,2.6087E-11,3.3037E-11,5.0053E-11,5.2841E-11,7.0035E-11,1.6461E-10,3.7153E-10,4.1346E-10,6.7874E-10,8.992E-10,0.0000000011254,0.00000000122,0.0000000016402,0.0000000016698,0.0000000022108,0.0000000033422,0.0000000047905,0.0000000055722,0.000000011,0.000000011266,0.00000001936,0.000000026258,0.000000028429,0.000000039901,0.000000048339,0.000000048496,0.000000053644,0.00000023106,0.00000093318,0.0000012869,0.0000012997,0.000001301,0.0000018393,0.0000032128,0.0000034842,0.0000036801,0.0000086652,0.0000095408,0.000010045,0.000023052,0.000044062,0.000065067,0.000083971,0.00011379,0.00033406,0.00048017,0.00050127,0.00081022,0.0013642,0.0017158,0.0017173,0.0023637,0.0028186,0.0031768,0.0036935,0.0041882,0.0049791,0.0053547,0.0065968,0.0094171,0.010984,0.013957,0.022115,0.023131,0.027421,0.030264,0.040155,0.063857,0.071994,0.098998,0.12589,0.14275,0.17634,0.18124,0.18586,0.21057,0.22542,0.22574,0.23855,0.24856,0.26622,0.26773,0.26839,0.27212,0.28253,0.30033,0.30986,0.35589,0.35598,0.41577,0.41659,0.42995,0.43868,0.44435,0.46299,0.48265,0.54644,0.5557,0.58564,0.71509,0.75299,0.76544,0.83788,0.84595,0.85473,0.91478,0.92222,0.94255,0.95,0.95246,0.95703,0.98133,0.99607,0.99697,0.99876,1,0.98869,0.98768,0.98598,0.91421,0.8382,0.80118,0.78478,0.73759,0.71385,0.70225,0.65809,0.5731,0.52759,0.51833,0.50893,0.50751,0.48688,0.32539,0.30038,0.29503,0.28247,0.24905,0.23359,0.19041,0.18534,0.17854,0.17536,0.16556,0.15123,0.14492,0.14001,0.12423,0.11885,0.10351,0.099766,0.088809,0.086236,0.082517,0.082338,0.079672,0.072479,0.059169,0.058926,0.049481,0.044993,0.041373,0.025727,0.021978,0.021635,0.014409,0.01308,0.012942,0.010407,0.01035,0.0085962,0.0066604,0.0046553,0.0043862,0.0038003,0.0028415,0.0025007,0.0022276,0.0019654,0.0013506,0.0011075,0.0011053,0.0009966,0.00085132,0.00083015,0.00066558,0.00061025,0.00056443,0.00045584,0.00043036,0.00038397,0.00033882,0.00026679,0.00021535,0.00010018,0.000091756,0.000083208,0.000070146,0.000055794,0.000054264,0.000038476,0.000037728,0.000034085,0.000030091,0.000025259,0.0000027723,0.0000023415,0.000002163,0.0000018702,0.0000017692,0.0000014943,0.00000080162,0.00000073615,0.00000063345,0.00000053324,0.00000047578,0.00000027794,0.00000026568,0.00000016213,0.000000090742,0.000000054701,0.000000052365,0.000000029628,0.000000017801,0.000000017264,0.000000013793,0.0000000086358,0.0000000085456,0.000000008348,0.0000000046745,0.0000000044221,0.0000000031509,0.0000000026643,0.0000000018243,0.0000000016447,0.000000001,9.0878E-10,5.385E-10,4.6769E-10
1,7.1521E-13,8.4018E-13,9.1851E-13,1.2476E-12,1.8364E-12,1.853E-12,2.052E-12,3.0901E-12,7.221E-12,8.442E-12,8.9804E-12,9.0001E-12,1.1456E-11,1.7515E-11,1.8512E-11,2.4688E-11,5.9142E-11,1.3597E-10,1.5169E-10,2.5188E-10,3.3588E-10,4.2261E-10,4.5897E-10,6.2139E-10,6.329E-10,8.4355E-10,0.000000001288,0.0000000018623,0.0000000021742,0.0000000043502,0.0000000044729,0.0000000077916,0.00000001065,0.000000011554,0.000000016358,0.000000019916,0.00000002,0.000000022162,0.000000099247,0.00000041677,0.0000005801,0.000000586,0.00000058664,0.00000083774,0.0000014877,0.0000016174,0.0000017111,0.0000041363,0.000004568,0.0000048172,0.000011353,0.000022171,0.000033177,0.000043196,0.000059161,0.00018065,0.00026328,0.00027531,0.00045347,0.0007799,0.00099037,0.00099125,0.0013832,0.0016621,0.0018832,0.0022044,0.0025139,0.0030125,0.0032507,0.0040443,0.0058738,0.006904,0.0088798,0.014419,0.015118,0.018092,0.02008,0.027084,0.044324,0.050363,0.070767,0.091565,0.10481,0.13165,0.1356,0.13935,0.15953,0.17179,0.17206,0.18271,0.19108,0.20594,0.20722,0.20778,0.21094,0.21978,0.235,0.2432,0.28329,0.28337,0.33663,0.33736,0.34945,0.35738,0.36255,0.37962,0.39777,0.45772,0.46656,0.49538,0.62486,0.66453,0.67777,0.75733,0.76652,0.7766,0.84866,0.8581,0.88478,0.89497,0.89839,0.90484,0.94224,0.97171,0.97418,0.98007,0.98869,1,0.99998,0.99985,0.96349,0.90641,0.87579,0.8618,0.8203,0.79881,0.78817,0.7469,0.66435,0.61862,0.60919,0.59957,0.59811,0.57685,0.40329,0.37525,0.3692,0.35495,0.31663,0.29869,0.24776,0.2417,0.23355,0.22972,0.21789,0.20045,0.19272,0.18667,0.16713,0.16041,0.14111,0.13635,0.12236,0.11905,0.11426,0.11403,0.11058,0.10123,0.083733,0.083411,0.07081,0.064762,0.059852,0.038252,0.032963,0.032476,0.022101,0.020162,0.019961,0.01623,0.016145,0.013532,0.010615,0.0075447,0.0071281,0.0062164,0.0047086,0.0041671,0.0037307,0.0033093,0.0023103,0.00191,0.0019064,0.0017262,0.0014839,0.0014485,0.0011716,0.0010779,0.00099997,0.0008143,0.00077048,0.00069043,0.00061213,0.00048634,0.00039568,0.00018921,0.00017382,0.00015817,0.00013413,0.00010753,0.00010468,0.000075087,0.000073675,0.000066787,0.000059206,0.000049985,0.000005878,0.0000049895,0.0000046199,0.0000040118,0.0000038013,0.0000032265,0.0000017622,0.0000016222,0.0000014018,0.0000011858,0.0000010614,0.00000062934,0.00000060232,0.00000037255,0.00000021176,0.00000012936,0.000000124,0.000000071187,0.000000043327,0.000000042054,0.000000033789,0.000000021403,0.000000021185,0.000000020707,0.000000011761,0.000000011141,0.000000008,0.0000000067951,0.0000000046952,0.0000000042434,0.000000002598,0.0000000023776,0.0000000014261,0.0000000012426
1,6.8059E-13,7.9962E-13,8.7424E-13,1.1878E-12,1.749E-12,1.7648E-12,1.9545E-12,2.9444E-12,6.8858E-12,8.0514E-12,8.5653E-12,8.5842E-12,1.0929E-11,1.6716E-11,1.7669E-11,2.357E-11,5.6509E-11,1.3003E-10,1.4507E-10,2.4101E-10,3.2148E-10,4.0458E-10,4.3943E-10,5.9512E-10,6.0615E-10,8.0813E-10,0.0000000012344,0.0000000017855,0.0000000020849,0.0000000041747,0.0000000042926,0.000000007482,0.00000001023,0.000000011099,0.000000015721,0.000000019144,0.000000019208,0.000000021306,0.000000095577,0.000000402,0.00000055984,0.00000056554,0.00000056616,0.00000080884,0.0000014375,0.0000015629,0.0000016536,0.0000040019,0.0000044201,0.0000046616,0.000010999,0.0000215,0.000032192,0.000041929,0.000057454,0.00017574,0.00025628,0.00026801,0.00044181,0.00076056,0.00096622,0.00096708,0.0013502,0.0016231,0.0018395,0.0021538,0.0024569,0.0029451,0.0031785,0.0039561,0.0057501,0.0067609,0.0087004,0.014143,0.01483,0.017755,0.019711,0.026605,0.043595,0.049552,0.069694,0.090245,0.10334,0.1299,0.13381,0.13752,0.15751,0.16966,0.16993,0.18048,0.18878,0.20352,0.20479,0.20535,0.20848,0.21726,0.23236,0.2405,0.28031,0.28039,0.33334,0.33407,0.34609,0.35399,0.35913,0.37613,0.3942,0.45393,0.46274,0.49149,0.62084,0.66054,0.6738,0.75358,0.7628,0.77293,0.84543,0.85494,0.88186,0.89216,0.89562,0.90214,0.94006,0.97014,0.97268,0.97874,0.98768,0.99998,1,0.99994,0.96521,0.90906,0.87877,0.8649,0.82372,0.80235,0.79177,0.75068,0.66833,0.62264,0.61322,0.6036,0.60214,0.58086,0.4069,0.37874,0.37267,0.35835,0.31982,0.30177,0.25052,0.24441,0.2362,0.23234,0.22042,0.20285,0.19505,0.18895,0.16924,0.16246,0.14297,0.13817,0.12403,0.12069,0.11585,0.11561,0.11213,0.10268,0.084977,0.084651,0.071897,0.065773,0.0608,0.038905,0.033539,0.033045,0.022509,0.020539,0.020334,0.016541,0.016455,0.013798,0.010829,0.0077026,0.0072781,0.006349,0.0048118,0.0042595,0.0038142,0.0033842,0.0023642,0.0019554,0.0019516,0.0017674,0.0015198,0.0014836,0.0012005,0.0011046,0.0010249,0.00083491,0.00079005,0.0007081,0.00062793,0.00049909,0.0004062,0.00019447,0.00017868,0.00016261,0.00013794,0.00011062,0.00010769,0.000077288,0.000075836,0.000068757,0.000060963,0.000051481,0.0000060724,0.0000051556,0.0000047742,0.0000041466,0.0000039293,0.0000033359,0.0000018233,0.0000016787,0.0000014509,0.0000012276,0.0000010989,0.000000652,0.00000062407,0.00000038623,0.00000021969,0.00000013428,0.0000001287,0.000000073946,0.000000045,0.00000004371,0.000000035128,0.000000022263,0.000000022,0.00000002154,0.000000012242,0.000000011597,0.0000000083346,0.000000007077,0.0000000048919,0.0000000044217,0.0000000027085,0.000000002479,0.0000000014877,0.0000000012965
1,6.2866E-13,7.3878E-13,8.0783E-13,1.098E-12,1.6177E-12,1.6324E-12,1.8081E-12,2.7254E-12,6.3818E-12,7.4637E-12,7.9409E-12,7.9584E-12,1.0136E-11,1.5513E-11,1.6398E-11,2.1885E-11,5.2539E-11,1.2105E-10,1.3508E-10,2.2459E-10,2.9971E-10,3.7733E-10,4.0989E-10,5.5538E-10,5.6569E-10,7.5454E-10,0.0000000011534,0.0000000016693,0.0000000019497,0.0000000039086,0.000000004,0.000000007,0.0000000095927,0.000000010409,0.000000014753,0.000000018,0.000000018,0.00000002,0.00000009,0.00000037956,0.00000052887,0.00000053426,0.00000053485,0.00000076466,0.0000013605,0.0000014795,0.0000015655,0.0000037957,0.0000041934,0.000004423,0.000010455,0.000020469,0.000030676,0.000039979,0.000054822,0.00016815,0.00024546,0.00025672,0.00042377,0.00073058,0.00092876,0.00092959,0.0012991,0.0015625,0.0017715,0.0020752,0.0023681,0.0028403,0.0030661,0.0038189,0.0055574,0.0065378,0.0084205,0.013711,0.01438,0.017228,0.019133,0.025856,0.042452,0.048279,0.068006,0.088167,0.10103,0.12714,0.13099,0.13464,0.15433,0.1663,0.16656,0.17697,0.18516,0.1997,0.20095,0.2015,0.20459,0.21326,0.22818,0.23622,0.2756,0.27568,0.32813,0.32885,0.34077,0.34861,0.35371,0.37057,0.38852,0.4479,0.45667,0.4853,0.61442,0.65416,0.66745,0.74756,0.75684,0.76703,0.8402,0.84984,0.87714,0.8876,0.89112,0.89777,0.93652,0.96756,0.9702,0.97654,0.98598,0.99985,0.99994,1,0.96788,0.91322,0.88347,0.86981,0.82912,0.80797,0.79748,0.75668,0.67468,0.62906,0.61964,0.61002,0.60856,0.58728,0.4127,0.38435,0.37824,0.36381,0.32496,0.30675,0.25496,0.24879,0.24048,0.23658,0.22451,0.20671,0.19881,0.19263,0.17264,0.16576,0.14598,0.1411,0.12674,0.12334,0.11842,0.11818,0.11464,0.10502,0.086995,0.086663,0.073662,0.067416,0.06234,0.039968,0.034475,0.03397,0.023175,0.021153,0.020943,0.01705,0.016961,0.014232,0.011179,0.007961,0.0075238,0.0065663,0.004981,0.004411,0.0039513,0.0035072,0.0024528,0.0020298,0.0020259,0.0018353,0.0015789,0.0015414,0.0012479,0.0011486,0.0010659,0.00086884,0.00082229,0.00073722,0.00065397,0.00052011,0.00042354,0.00020316,0.00018671,0.00016996,0.00014423,0.00011573,0.00011267,0.00008093,0.000079414,0.000072017,0.000063873,0.00005396,0.0000063957,0.0000054321,0.000005031,0.0000043709,0.0000041424,0.000003518,0.0000019253,0.0000017728,0.0000015328,0.0000012973,0.0000011616,0.00000068992,0.0000006604,0.00000040909,0.000000233,0.00000014252,0.00000013661,0.00000007857,0.000000047892,0.000000046488,0.000000037376,0.000000023707,0.000000023466,0.000000022938,0.00000001305,0.000000012364,0.0000000088905,0.0000000075512,0.000000005223,0.0000000047218,0.0000000028948,0.0000000026499,0.0000000015916,0.0000000013873
1,8.9625E-14,1.0591E-13,1.1616E-13,1.5956E-13,2.3825E-13,2.4048E-13,2.6732E-13,4.0875E-13,9.8628E-13,1.16E-12,1.2368E-12,1.2397E-12,1.5926E-12,2.4751E-12,2.6217E-12,3.5357E-12,8.7664E-12,2.0839E-11,2.3351E-11,3.9584E-11,5.3415E-11,6.7849E-11,7.3941E-11,1.0138E-10,1.0334E-10,1.394E-10,2.167E-10,3.1832E-10,3.7412E-10,7.7151E-10,7.9425E-10,0.000000001418,0.000000002,0.0000000021402,0.0000000030783,0.0000000037816,0.0000000037948,0.0000000042287,0.000000020319,0.000000091558,0.00000012959,0.000000131,0.00000013113,0.0000001907,0.000000349,0.000000381,0.00000040432,0.0000010249,0.0000011381,0.0000012037,0.0000029765,0.0000060432,0.0000092624,0.000012253,0.000017109,0.000056092,0.000083821,0.000087913,0.00014984,0.00026777,0.000346,0.00034633,0.00049536,0.0006036,0.00069047,0.00081815,0.00094269,0.001146,0.0012442,0.0015757,0.002361,0.0028138,0.0036997,0.0062788,0.0066127,0.0080502,0.0090253,0.012541,0.021616,0.02491,0.036398,0.048593,0.056582,0.073236,0.07574,0.078125,0.091148,0.099201,0.099379,0.10647,0.11209,0.12219,0.12306,0.12344,0.12561,0.13172,0.14234,0.14813,0.17699,0.17705,0.21687,0.21744,0.22671,0.23284,0.23686,0.25023,0.26464,0.31359,0.32099,0.34546,0.46213,0.50035,0.5134,0.59542,0.60533,0.61633,0.6994,0.71098,0.74486,0.75832,0.76292,0.7717,0.82632,0.87701,0.88184,0.894,0.91421,0.96349,0.96521,0.96788,1,0.98556,0.97108,0.96351,0.93837,0.92403,0.91663,0.88634,0.81916,0.77867,0.77007,0.7612,0.75984,0.73988,0.56116,0.52967,0.52279,0.50641,0.46136,0.43974,0.37649,0.36876,0.35829,0.35335,0.33796,0.31494,0.30459,0.29645,0.26975,0.26043,0.23324,0.22645,0.2062,0.20136,0.1943,0.19396,0.18885,0.17486,0.1481,0.1476,0.12779,0.11811,0.11016,0.073981,0.064761,0.063904,0.045219,0.041626,0.04125,0.034214,0.034052,0.029019,0.023276,0.017053,0.016191,0.014287,0.011079,0.0099046,0.0089479,0.0080149,0.0057574,0.0048309,0.0048223,0.0043998,0.0038261,0.0037416,0.0030747,0.0028463,0.0026552,0.0021948,0.002085,0.0018831,0.0016839,0.0013597,0.0011222,0.00056395,0.00052099,0.000477,0.00040886,0.00033245,0.0003242,0.00023748,0.00023329,0.00021278,0.00019004,0.00016212,0.000021599,0.000018501,0.000017203,0.000015055,0.000014307,0.000012253,0.0000069123,0.0000063911,0.0000055655,0.0000047493,0.0000042757,0.0000026044,0.0000024982,0.0000015831,0.00000092548,0.00000057913,0.00000055617,0.000000328,0.00000020434,0.00000019861,0.00000016121,0.0000001043,0.00000010328,0.00000010106,0.000000058894,0.000000055927,0.000000040778,0.000000034873,0.000000024494,0.000000022236,0.000000013908,0.000000012777,0.0000000078341,0.0000000068664
1,2.3542E-14,2.7921E-14,3.0687E-14,4.2449E-14,6.3955E-14,6.4567E-14,7.1944E-14,1.1106E-13,2.7341E-13,3.2276E-13,3.4466E-13,3.4546E-13,4.4641E-13,7.009E-13,7.4341E-13,1.0096E-12,2.5577E-12,6.2083E-12,6.976E-12,1.198E-11,1.6285E-11,2.081E-11,2.2727E-11,3.1408E-11,3.203E-11,4.3536E-11,6.8441E-11,1.0153E-10,1.1983E-10,2.5183E-10,2.5945E-10,4.7037E-10,6.5773E-10,7.1783E-10,0.000000001,0.0000000012882,0.0000000012928,0.0000000014449,0.0000000072551,0.000000034167,0.000000048868,0.000000049406,0.000000049465,0.000000072764,0.00000013566,0.00000014854,0.00000015791,0.00000041238,0.00000045947,0.00000048685,0.0000012407,0.0000025808,0.0000040154,0.0000053653,0.0000075823,0.000025989,0.000039449,0.000041453,0.000072175,0.00013212,0.00017258,0.00017275,0.00025094,0.00030845,0.00035496,0.00042381,0.00049148,0.00060288,0.00065704,0.0008414,0.0012856,0.0015455,0.0020603,0.0035945,0.0037962,0.0046711,0.0052701,0.0074609,0.013283,0.015443,0.023123,0.031481,0.037052,0.048867,0.050665,0.052383,0.061841,0.067755,0.067886,0.073128,0.077312,0.084878,0.085536,0.085825,0.087461,0.09208,0.10017,0.1046,0.12699,0.12703,0.15862,0.15907,0.16654,0.1715,0.17475,0.18565,0.19748,0.23835,0.24462,0.2655,0.36847,0.40343,0.41552,0.49324,0.50285,0.51358,0.59671,0.60863,0.64401,0.65831,0.66322,0.67266,0.73294,0.79201,0.79785,0.81273,0.8382,0.90641,0.90906,0.91322,0.98556,1,0.99743,0.9948,0.98283,0.97458,0.97004,0.94989,0.89917,0.86584,0.85855,0.85095,0.84979,0.83243,0.66436,0.63271,0.62572,0.60898,0.56217,0.53932,0.47096,0.46246,0.45088,0.4454,0.42822,0.40227,0.39051,0.3812,0.35041,0.33955,0.30754,0.29945,0.27518,0.26933,0.26077,0.26035,0.25413,0.23698,0.20371,0.20309,0.17802,0.16562,0.15535,0.10761,0.095132,0.093964,0.068134,0.063074,0.062542,0.052525,0.052292,0.045028,0.036622,0.027345,0.026044,0.023152,0.018218,0.01639,0.014891,0.01342,0.0098139,0.0083109,0.008297,0.0076063,0.0066622,0.0065224,0.0054134,0.0050306,0.0047091,0.0039292,0.0037419,0.0033963,0.0030534,0.0024906,0.002074,0.0010752,0.00099673,0.00091611,0.00079051,0.00064851,0.00063308,0.00046987,0.00046193,0.00042293,0.0003795,0.00032587,0.000046936,0.000040433,0.000037697,0.00003315,0.000031561,0.00002718,0.000015648,0.000014508,0.000012695,0.000010892,0.0000098415,0.0000060965,0.000005856,0.0000037679,0.0000022416,0.000001424,0.0000013693,0.000000821,0.00000051907,0.000000505,0.0000004125,0.00000027041,0.00000026786,0.00000026226,0.00000015532,0.00000014772,0.00000010871,0.000000093395,0.000000066272,0.00000006033,0.000000038245,0.00000003522,0.000000021893,0.000000019259
1,1.3306E-14,1.5805E-14,1.7385E-14,2.4121E-14,3.6477E-14,3.6829E-14,4.1078E-14,6.3669E-14,1.5807E-13,1.8689E-13,1.9969E-13,2.0016E-13,2.5928E-13,4.0885E-13,4.3389E-13,5.9102E-13,1.5108E-12,3.6995E-12,4.1618E-12,7.1859E-12,9.7993E-12,1.2553E-11,1.3722E-11,1.9026E-11,1.9407E-11,2.6463E-11,4.1797E-11,6.2263E-11,7.3613E-11,1.5594E-10,1.6071E-10,2.9325E-10,4.1156E-10,4.496E-10,6.558E-10,8.121E-10,8.1504E-10,9.1208E-10,0.0000000046653,0.000000022381,0.000000032153,0.000000032512,0.000000032551,0.000000048113,0.00000009041,0.000000099109,0.00000010544,0.00000027882,0.00000031111,0.0000003299,0.0000008514,0.0000017893,0.0000028014,0.0000037589,0.0000053392,0.000018646,0.00002849,0.00002996,0.000052635,0.000097328,0.00012772,0.00012785,0.00018692,0.0002306,0.00026604,0.00031866,0.00037055,0.00045625,0.00049804,0.00064077,0.00098711,0.001191,0.0015969,0.0028186,0.0029803,0.0036837,0.0041672,0.0059458,0.010731,0.012522,0.018943,0.026004,0.030743,0.040868,0.042416,0.043898,0.052083,0.057223,0.057337,0.061908,0.065565,0.072196,0.072774,0.073028,0.074466,0.07853,0.085668,0.089586,0.10949,0.10953,0.13788,0.13828,0.14502,0.14951,0.15246,0.16235,0.17311,0.21056,0.21633,0.23563,0.33211,0.36534,0.37688,0.45178,0.46112,0.47157,0.55335,0.5652,0.60057,0.61495,0.6199,0.62943,0.69088,0.75222,0.75836,0.77406,0.80118,0.87579,0.87877,0.88347,0.97108,0.99743,1,0.99954,0.99348,0.98802,0.98481,0.96949,0.92701,0.89751,0.89094,0.88406,0.883,0.86714,0.70705,0.67591,0.66899,0.65238,0.60558,0.58255,0.51296,0.50423,0.49232,0.48667,0.46893,0.44201,0.42975,0.42004,0.38775,0.37632,0.34245,0.33387,0.30798,0.30172,0.29255,0.2921,0.28542,0.26696,0.23092,0.23023,0.20287,0.18925,0.17794,0.12488,0.11086,0.10954,0.080246,0.074463,0.073854,0.062351,0.062083,0.053692,0.043926,0.033061,0.031528,0.028114,0.022259,0.02008,0.018287,0.016522,0.012174,0.010349,0.010333,0.0094914,0.0083384,0.0081675,0.0068071,0.0063359,0.0059397,0.0049754,0.0047433,0.0043141,0.0038873,0.0031843,0.0026617,0.001398,0.0012979,0.0011948,0.0010339,0.00085137,0.00083149,0.00062054,0.00061024,0.00055962,0.00050314,0.00043322,0.000064479,0.000055679,0.000051969,0.000045793,0.000043633,0.000037664,0.000021869,0.000020299,0.000017798,0.000015306,0.000013851,0.0000086411,0.0000083051,0.0000053779,0.0000032231,0.0000020605,0.0000019824,0.0000011969,0.00000076144,0.000000741,0.000000607,0.0000004001,0.00000039637,0.0000003882,0.00000023147,0.00000022028,0.00000016275,0.00000014008,0.00000009983,0.000000091,0.000000058,0.00000005347,0.00000003343,0.000000029454
1,1.0432E-14,1.24E-14,1.3644E-14,1.8954E-14,2.871E-14,2.8988E-14,3.2346E-14,5.022E-14,1.2512E-13,1.4803E-13,1.5822E-13,1.5859E-13,2.0565E-13,3.2487E-13,3.4485E-13,4.7031E-13,1.2069E-12,2.9663E-12,3.3386E-12,5.7778E-12,7.8895E-12,1.0117E-11,1.1063E-11,1.5362E-11,1.5671E-11,2.1397E-11,3.3863E-11,5.0534E-11,5.979E-11,1.2708E-10,1.3099E-10,2.3967E-10,3.369E-10,3.6818E-10,5.3798E-10,6.6687E-10,6.693E-10,7.4938E-10,0.0000000038633,0.00000001868,0.000000026885,0.000000027187,0.00000002722,0.000000040315,0.000000076,0.000000083364,0.000000088723,0.00000023585,0.00000026332,0.00000027932,0.00000072473,0.0000015297,0.0000024014,0.0000032279,0.0000045947,0.000016173,0.000024781,0.000026069,0.000045974,0.000085374,0.00011225,0.00011236,0.00016473,0.00020354,0.00023507,0.00028196,0.00032824,0.00040481,0.00044219,0.00057004,0.00088121,0.0010649,0.0014313,0.0025388,0.0026857,0.0033259,0.0037667,0.0053922,0.0097884,0.01144,0.017382,0.023944,0.028361,0.037828,0.039279,0.040668,0.048353,0.053187,0.053295,0.0576,0.061048,0.067308,0.067853,0.068094,0.069452,0.073295,0.080052,0.083764,0.10267,0.1027,0.12972,0.13011,0.13655,0.14085,0.14367,0.15314,0.16346,0.19947,0.20503,0.22367,0.31731,0.34976,0.36106,0.4346,0.44381,0.45411,0.53511,0.5469,0.58216,0.59652,0.60148,0.61102,0.67276,0.73484,0.74107,0.75707,0.78478,0.8618,0.8649,0.86981,0.96351,0.9948,0.99954,1,0.99648,0.99224,0.9896,0.9764,0.9376,0.90986,0.90362,0.89708,0.89607,0.88092,0.72483,0.69401,0.68715,0.67065,0.624,0.60097,0.53104,0.52224,0.51022,0.50451,0.48657,0.45929,0.44686,0.43698,0.40412,0.39246,0.35786,0.34907,0.32253,0.3161,0.30668,0.30622,0.29935,0.28034,0.24313,0.24243,0.21408,0.19995,0.18819,0.13281,0.11809,0.11671,0.085874,0.079765,0.079122,0.066946,0.066662,0.057759,0.04737,0.035774,0.034134,0.030478,0.024194,0.02185,0.019919,0.018016,0.013317,0.01134,0.011322,0.010409,0.0091561,0.0089701,0.0074893,0.0069757,0.0065435,0.0054904,0.0052365,0.0047669,0.0042994,0.0035282,0.0029539,0.00156,0.0014492,0.0013351,0.0011567,0.00095395,0.00093185,0.00069707,0.00068559,0.00062915,0.00056613,0.00048801,0.000073651,0.000063663,0.000059449,0.00005243,0.000049973,0.00004318,0.000025162,0.000023367,0.000020506,0.000017652,0.000015984,0.000010002,0.0000096154,0.0000062431,0.0000037535,0.0000024059,0.0000023153,0.000001402,0.00000089427,0.00000087042,0.00000071377,0.00000047161,0.00000046724,0.00000045766,0.00000027367,0.00000026051,0.00000019279,0.00000016608,0.00000011857,0.00000010812,0.000000069091,0.000000063718,0.000000039935,0.000000035208
1,5.2974E-15,6.3081E-15,6.9483E-15,9.6857E-15,1.4736E-14,1.488E-14,1.6623E-14,2.593E-14,6.5247E-14,7.7336E-14,8.2718E-14,8.2916E-14,1.0782E-13,1.7119E-13,1.8184E-13,2.4886E-13,6.454E-13,1.6027E-12,1.8063E-12,3.146E-12,4.3114E-12,5.5451E-12,6.07E-12,8.4614E-12,8.6334E-12,1.1832E-11,1.883E-11,2.8236E-11,3.3477E-11,7.182E-11,7.4054E-11,1.3653E-10,1.9275E-10,2.1089E-10,3.0964E-10,3.8489E-10,3.8631E-10,4.3316E-10,0.000000002282,0.000000011276,0.000000016314,0.000000016499,0.000000016519,0.000000024605,0.00000004682,0.00000005142,0.000000054775,0.00000014775,0.00000016524,0.00000017544,0.000000462,0.00000098685,0.0000015607,0.0000021082,0.0000030188,0.000010861,0.000016771,0.000017659,0.000031471,0.000059137,0.000078169,0.00007825,0.0001156,0.00014345,0.00016616,0.00020005,0.00023363,0.0002894,0.00031672,0.00041054,0.00064076,0.00077761,0.0010523,0.0018922,0.0020044,0.0024953,0.0028348,0.0040956,0.0075543,0.0088675,0.013636,0.018966,0.022584,0.030403,0.031608,0.032763,0.039182,0.043241,0.043331,0.046959,0.049872,0.055179,0.055642,0.055846,0.057001,0.060274,0.066046,0.069226,0.085515,0.085549,0.10908,0.10942,0.11507,0.11884,0.12133,0.12968,0.13882,0.17093,0.17593,0.19272,0.2784,0.30857,0.31913,0.38856,0.39733,0.40718,0.48541,0.49692,0.53157,0.54577,0.55068,0.56015,0.62207,0.68552,0.69196,0.70857,0.73759,0.8203,0.82372,0.82912,0.93837,0.98283,0.99348,0.99648,1,0.99917,0.99817,0.99099,0.96291,0.94037,0.93515,0.92962,0.92876,0.91575,0.77264,0.74305,0.73642,0.7204,0.67467,0.65183,0.58162,0.5727,0.56047,0.55465,0.5363,0.50824,0.49539,0.48516,0.45092,0.4387,0.40224,0.39293,0.36469,0.35783,0.34773,0.34724,0.33987,0.3194,0.27904,0.27827,0.24723,0.23166,0.21865,0.15667,0.13999,0.13842,0.10308,0.096013,0.095267,0.081103,0.080772,0.070343,0.058087,0.044279,0.042314,0.037919,0.030319,0.027467,0.02511,0.02278,0.016986,0.014531,0.014508,0.013369,0.011802,0.011569,0.0097065,0.009058,0.0085112,0.0071744,0.0068511,0.0062518,0.0056536,0.0046627,0.0039209,0.0021027,0.0019567,0.001806,0.0015698,0.0013004,0.0012709,0.00095688,0.00094146,0.00086558,0.00078067,0.00067512,0.00010588,0.000091779,0.000085816,0.000075864,0.000072374,0.000062708,0.000036909,0.000034322,0.000030191,0.00002606,0.000023639,0.000014915,0.000014349,0.0000093863,0.0000056921,0.0000036757,0.0000035395,0.000002161,0.0000013883,0.0000013519,0.0000011121,0.00000073958,0.00000073284,0.000000718,0.00000043278,0.00000041229,0.00000030651,0.00000026463,0.00000018989,0.00000017339,0.00000011153,0.000000103,0.000000065,0.000000057394
1,3.8006E-15,4.5297E-15,4.9919E-15,6.9703E-15,1.0627E-14,1.0732E-14,1.1996E-14,1.8755E-14,4.7419E-14,5.6256E-14,6.0192E-14,6.0336E-14,7.8569E-14,1.2505E-13,1.3287E-13,1.8215E-13,4.7484E-13,1.185E-12,1.3365E-12,2.3349E-12,3.2056E-12,4.1287E-12,4.5219E-12,6.3154E-12,6.4445E-12,8.8482E-12,1.4119E-11,2.1222E-11,2.5187E-11,5.4279E-11,5.5978E-11,1.0358E-10,1.4654E-10,1.6042E-10,2.361E-10,2.9387E-10,2.9496E-10,3.3097E-10,0.0000000017622,0.0000000088,0.000000012763,0.000000012909,0.000000012925,0.000000019304,0.000000036898,0.000000040549,0.000000043214,0.0000001174,0.0000001314,0.00000013957,0.00000037021,0.0000007954,0.0000012625,0.0000017094,0.0000024548,0.000008927,0.000013836,0.000014575,0.000026108,0.000049342,0.000065391,0.00006546,0.000097064,0.0001207,0.00014001,0.00016887,0.00019752,0.0002452,0.00026859,0.00034908,0.0005474,0.00066569,0.00090386,0.001636,0.0017342,0.0021644,0.0024626,0.0035738,0.0066432,0.0078145,0.012088,0.016891,0.020165,0.027268,0.028366,0.029419,0.035283,0.039,0.039083,0.042411,0.045087,0.049969,0.050396,0.050585,0.051648,0.054666,0.059996,0.062938,0.078044,0.078075,0.10001,0.10033,0.10561,0.10914,0.11147,0.1193,0.12789,0.15817,0.16289,0.1788,0.26058,0.28959,0.29977,0.36703,0.37557,0.38516,0.46176,0.47309,0.50728,0.52134,0.5262,0.5356,0.5973,0.66106,0.66757,0.68437,0.71385,0.79881,0.80235,0.80797,0.92403,0.97458,0.98802,0.99224,0.99917,1,0.99981,0.99562,0.97297,0.95314,0.94845,0.94345,0.94267,0.9308,0.79498,0.76617,0.75969,0.74401,0.69898,0.67638,0.60639,0.59744,0.58517,0.57932,0.56085,0.53253,0.51953,0.50916,0.47438,0.46193,0.42469,0.41515,0.38616,0.37909,0.3687,0.36819,0.36059,0.33945,0.29761,0.29681,0.26448,0.24821,0.2346,0.16935,0.15168,0.15001,0.11236,0.1048,0.104,0.088806,0.088449,0.077221,0.06398,0.048993,0.046853,0.042061,0.03375,0.030621,0.028031,0.025467,0.019071,0.016351,0.016325,0.015061,0.013319,0.013059,0.010983,0.010259,0.0096472,0.0081502,0.0077876,0.0071148,0.0064422,0.0053261,0.0044883,0.002425,0.0022585,0.0020865,0.0018165,0.0015079,0.0014742,0.0011134,0.0010956,0.0010083,0.00091037,0.00078852,0.000126,0.00010936,0.00010232,0.000090562,0.000086435,0.000074991,0.000044353,0.000041271,0.000036346,0.000031414,0.00002852,0.000018067,0.000017387,0.000011415,0.0000069518,0.0000045054,0.0000043398,0.0000026602,0.000001715,0.0000016704,0.0000013762,0.0000009181,0.00000090979,0.00000089157,0.00000053944,0.00000051409,0.000000383,0.00000033107,0.00000023814,0.0000002176,0.00000014042,0.00000012973,0.000000082129,0.000000072603
1,3.2359E-15,3.8582E-15,4.2529E-15,5.9432E-15,9.0707E-15,9.1602E-15,1.0242E-14,1.6031E-14,4.0625E-14,4.8216E-14,5.1598E-14,5.1723E-14,6.7397E-14,1.074E-13,1.1413E-13,1.5659E-13,4.0921E-13,1.0237E-12,1.1549E-12,2.0208E-12,2.7767E-12,3.5787E-12,3.9205E-12,5.4804E-12,5.5928E-12,7.6855E-12,1.228E-11,1.8479E-11,2.1941E-11,4.7388E-11,4.8876E-11,9.0603E-11,1.2831E-10,1.405E-10,2.0701E-10,2.5783E-10,2.5879E-10,2.9049E-10,0.0000000015545,0.0000000078026,0.00000001133,0.00000001146,0.000000011474,0.00000001716,0.000000032871,0.000000036136,0.000000038519,0.000000105,0.00000011758,0.00000012491,0.00000033248,0.00000071634,0.0000011389,0.0000015439,0.0000022203,0.0000081157,0.000012601,0.000013277,0.000023842,0.000045185,0.000059957,0.000060021,0.000089158,0.00011098,0.00012882,0.00015552,0.00018204,0.00022621,0.00024791,0.00032261,0.00050702,0.00061721,0.00083937,0.0015241,0.0016161,0.0020196,0.0022995,0.0033442,0.0062398,0.0073475,0.011397,0.015963,0.01908,0.025858,0.026907,0.027913,0.033522,0.037083,0.037162,0.040352,0.042919,0.047606,0.048015,0.048196,0.049218,0.052118,0.057244,0.060074,0.07463,0.07466,0.095848,0.096155,0.10127,0.10469,0.10694,0.11453,0.12285,0.15226,0.15686,0.17234,0.25224,0.28069,0.29068,0.35685,0.36528,0.37474,0.45049,0.46173,0.49567,0.50964,0.51448,0.52383,0.58535,0.64918,0.65571,0.67259,0.70225,0.78817,0.79177,0.79748,0.91663,0.97004,0.98481,0.9896,0.99817,0.99981,1,0.99727,0.97728,0.9588,0.95437,0.94964,0.9489,0.9376,0.80551,0.77713,0.77073,0.75523,0.71061,0.68814,0.61834,0.6094,0.59712,0.59126,0.57276,0.54435,0.53128,0.52086,0.48584,0.4733,0.4357,0.42606,0.39673,0.38957,0.37904,0.37852,0.37081,0.34937,0.30683,0.30602,0.27307,0.25647,0.24256,0.17573,0.15757,0.15585,0.11707,0.10926,0.10844,0.092726,0.092357,0.080729,0.066994,0.051414,0.049186,0.044193,0.03552,0.032251,0.029543,0.026859,0.020156,0.017299,0.017272,0.015943,0.01411,0.013837,0.011651,0.010887,0.010243,0.0086625,0.0082795,0.0075685,0.0068573,0.0056758,0.0047881,0.0025962,0.002419,0.0022357,0.001948,0.0016187,0.0015826,0.0011971,0.0011781,0.0010847,0.00097989,0.00084937,0.00013695,0.00011895,0.00011133,0.000098586,0.000094112,0.000081704,0.000048438,0.000045086,0.000039727,0.000034358,0.000031206,0.000019808,0.000019065,0.000012539,0.0000076516,0.0000049675,0.0000047856,0.0000029391,0.0000018981,0.0000018488,0.0000015243,0.0000010185,0.0000010093,0.00000098916,0.00000059961,0.00000057153,0.00000042629,0.00000036865,0.00000026549,0.00000024266,0.00000015684,0.00000014494,0.000000091902,0.000000081277
1,1.7633E-15,2.1058E-15,2.3233E-15,3.2565E-15,4.9895E-15,5.0392E-15,5.64E-15,8.8645E-15,2.2661E-14,2.6939E-14,2.8847E-14,2.8917E-14,3.7775E-14,6.0463E-14,6.4293E-14,8.8474E-14,2.3338E-13,5.8916E-13,6.6547E-13,1.1709E-12,1.6141E-12,2.0857E-12,2.287E-12,3.208E-12,3.2745E-12,4.5145E-12,7.2483E-12,1.0954E-11,1.303E-11,2.8374E-11,2.9274E-11,5.4631E-11,7.7659E-11,8.5121E-11,1.2596E-10,1.5726E-10,1.5786E-10,1.7742E-10,0.000000001,0.000000005,0.0000000072224,0.0000000073063,0.0000000073155,0.000000011,0.000000021232,0.000000023369,0.00000002493,0.000000068845,0.0000000772,0.000000082081,0.00000022134,0.000000482,0.00000077128,0.0000010501,0.000001518,0.0000056567,0.0000088427,0.0000093247,0.000016901,0.000032365,0.000043149,0.000043195,0.000064596,0.000080708,0.000093929,0.00011377,0.00013354,0.0001666,0.00018288,0.00023914,0.00037903,0.00046314,0.00063362,0.0011644,0.0012362,0.001552,0.0017719,0.0025978,0.0049158,0.0058107,0.0091095,0.012867,0.015452,0.021112,0.021992,0.022838,0.027568,0.030585,0.030652,0.033363,0.035549,0.039553,0.039904,0.040058,0.040934,0.04342,0.047828,0.050268,0.062881,0.062907,0.081434,0.081705,0.086201,0.089214,0.0912,0.09791,0.10529,0.13154,0.13567,0.14961,0.22248,0.24878,0.25805,0.32002,0.32797,0.33692,0.40919,0.42,0.45283,0.46641,0.47112,0.48024,0.54072,0.60437,0.61095,0.62798,0.65809,0.7469,0.75068,0.75668,0.88634,0.94989,0.96949,0.9764,0.99099,0.99562,0.99727,1,0.99019,0.97692,0.97353,0.96984,0.96926,0.9602,0.84337,0.81681,0.81078,0.7961,0.75336,0.73159,0.66305,0.65417,0.64195,0.63611,0.6176,0.58901,0.5758,0.56524,0.52956,0.51671,0.47799,0.46801,0.43752,0.43005,0.41903,0.4185,0.41042,0.38788,0.34285,0.34198,0.30681,0.28897,0.27398,0.20118,0.18116,0.17926,0.13609,0.12732,0.12639,0.10866,0.10825,0.095045,0.079352,0.061401,0.058819,0.053018,0.042885,0.039045,0.035855,0.032683,0.024717,0.021299,0.021267,0.019672,0.017464,0.017135,0.014489,0.013563,0.012779,0.010851,0.010383,0.0095114,0.0086376,0.0071809,0.0060813,0.0033422,0.0031187,0.0028873,0.002523,0.0021046,0.0020587,0.0015661,0.0015418,0.0014218,0.0012871,0.0011188,0.0001866,0.00016247,0.00015223,0.0001351,0.00012907,0.00011232,0.000067178,0.000062604,0.000055278,0.000047921,0.000043593,0.000027873,0.000026844,0.000017772,0.000010928,0.0000071409,0.0000068833,0.000004258,0.0000027674,0.0000026966,0.0000022294,0.0000014982,0.0000014848,0.0000014556,0.00000088854,0.00000084749,0.00000063468,0.00000055,0.00000039782,0.00000036405,0.00000023666,0.00000021893,0.00000013965,0.0000001237
1,5.4882E-16,6.5741E-16,7.2653E-16,1.0243E-15,1.581E-15,1.597E-15,1.7909E-15,2.837E-15,7.373E-15,8.7917E-15,9.4259E-15,9.4492E-15,1.2403E-14,2.002E-14,2.1312E-14,2.9497E-14,7.9199E-14,2.034E-13,2.3027E-13,4.095E-13,5.6795E-13,7.3749E-13,8.1011E-13,1.1437E-12,1.1679E-12,1.6202E-12,2.6255E-12,4.0003E-12,4.7748E-12,1.056E-11,1.0902E-11,2.0605E-11,2.9502E-11,3.2398E-11,4.8332E-11,6.0624E-11,6.0857E-11,6.8566E-11,3.878E-10,0.0000000020574,0.000000003,0.0000000030632,0.0000000030671,0.0000000046532,0.0000000091254,0.000000010067,0.000000010756,0.000000030437,0.000000034227,0.000000036446,0.00000010075,0.00000022379,0.00000036258,0.00000049771,0.00000072669,0.0000028089,0.0000044479,0.0000046976,0.0000086651,0.000016925,0.000022767,0.000022792,0.000034521,0.000043441,0.000050807,0.000061927,0.000073077,0.000091843,0.00010113,0.00013346,0.00021496,0.00026454,0.00036605,0.00068814,0.00073224,0.00092744,0.0010644,0.0015846,0.0030797,0.0036668,0.0058654,0.0084196,0.0102,0.014154,0.014774,0.015372,0.018738,0.020902,0.02095,0.022907,0.024492,0.02741,0.027667,0.02778,0.028421,0.030247,0.0335,0.03531,0.044752,0.044771,0.058879,0.059087,0.06255,0.064878,0.066416,0.07163,0.077396,0.098167,0.10146,0.11267,0.1727,0.19491,0.2028,0.25636,0.26333,0.2712,0.33584,0.34566,0.37575,0.38831,0.39268,0.40117,0.45822,0.51979,0.52625,0.54306,0.5731,0.66435,0.66833,0.67468,0.81916,0.89917,0.92701,0.9376,0.96291,0.97297,0.97728,0.99019,1,0.99714,0.99585,0.99428,0.99402,0.9896,0.90642,0.88436,0.87926,0.8667,0.82911,0.80946,0.74566,0.7372,0.72549,0.71987,0.70192,0.67388,0.66079,0.65026,0.61431,0.60123,0.56134,0.55096,0.51894,0.51104,0.49934,0.49876,0.49015,0.46594,0.41691,0.41596,0.37698,0.35699,0.34006,0.25615,0.23254,0.23028,0.17837,0.16766,0.16652,0.14464,0.14412,0.12763,0.10778,0.084711,0.081356,0.073778,0.060403,0.055281,0.051002,0.046724,0.035859,0.031135,0.031091,0.028872,0.025785,0.025322,0.021588,0.020271,0.019154,0.016391,0.015715,0.014455,0.013185,0.011053,0.0094298,0.0053167,0.0049756,0.004621,0.0040602,0.0034117,0.0033402,0.0025686,0.0025302,0.0023407,0.0021271,0.0018589,0.00033061,0.00028921,0.00027158,0.00024197,0.00023152,0.00020241,0.0001231,0.00011497,0.00010192,0.000088757,0.000080981,0.000052501,0.000050622,0.000033935,0.00002117,0.000014006,0.000013515,0.0000084757,0.0000055754,0.0000054366,0.0000045185,0.0000030696,0.000003043,0.0000029847,0.0000018462,0.0000017632,0.0000013305,0.0000011572,0.00000084419,0.00000077431,0.000000509,0.00000047175,0.00000030435,0.00000027041
1,2.9012E-16,3.4809E-16,3.8503E-16,5.4454E-16,8.4381E-16,8.5244E-16,9.5695E-16,1.5224E-15,3.9918E-15,4.7678E-15,5.1151E-15,5.1279E-15,6.7479E-15,1.0942E-14,1.1655E-14,1.6181E-14,4.3863E-14,1.137E-13,1.2888E-13,2.3051E-13,3.2076E-13,4.1761E-13,4.5916E-13,6.5055E-13,6.6443E-13,9.2486E-13,1.5062E-12,2.3049E-12,2.7563E-12,6.1474E-12,6.3486E-12,1.2081E-11,1.7365E-11,1.9089E-11,2.8602E-11,3.5965E-11,3.6105E-11,4.0732E-11,2.3492E-10,0.000000001271,0.0000000018788,0.0000000019014,0.0000000019038,0.000000002903,0.0000000057407,0.0000000063404,0.0000000067801,0.000000019441,0.000000021895,0.000000023334,0.000000065367,0.00000014678,0.00000023939,0.00000033007,0.00000048451,0.0000019101,0.0000030457,0.0000032194,0.000005995,0.000011835,0.000015997,0.000016015,0.000024424,0.000030854,0.000036181,0.000044249,0.000052366,0.000066076,0.000072885,0.000096657,0.00015704,0.000194,0.00027009,0.00051401,0.00054763,0.00069691,0.00080207,0.001204,0.0023738,0.0028375,0.0045884,0.0066439,0.0080871,0.011316,0.011825,0.012316,0.015092,0.016885,0.016925,0.018551,0.019872,0.022309,0.022524,0.022619,0.023156,0.024688,0.027423,0.028949,0.03695,0.036967,0.049031,0.04921,0.052188,0.054195,0.055522,0.060029,0.065028,0.083154,0.086048,0.09591,0.14943,0.16948,0.17664,0.22561,0.23203,0.2393,0.29944,0.30866,0.33702,0.34891,0.35306,0.36112,0.41567,0.47531,0.48161,0.49805,0.52759,0.61862,0.62264,0.62906,0.77867,0.86584,0.89751,0.90986,0.94037,0.95314,0.9588,0.97692,0.99714,1,0.99988,0.99951,0.99943,0.99763,0.93467,0.91556,0.91107,0.89993,0.86595,0.84787,0.78793,0.77986,0.76865,0.76324,0.74594,0.7187,0.7059,0.69557,0.66009,0.64708,0.60718,0.59672,0.56433,0.55629,0.54437,0.54379,0.53499,0.51018,0.4595,0.45851,0.41783,0.39683,0.37897,0.28941,0.26388,0.26143,0.2047,0.19289,0.19163,0.16737,0.1668,0.14839,0.12609,0.099942,0.096115,0.087448,0.072062,0.066137,0.061171,0.056192,0.043468,0.037897,0.037845,0.035219,0.031553,0.031002,0.026548,0.024971,0.023631,0.020306,0.019491,0.017967,0.016428,0.013833,0.011849,0.0067733,0.0063485,0.0059062,0.0052049,0.0043908,0.0043009,0.0033266,0.003278,0.0030376,0.0027661,0.0024244,0.00044638,0.00039146,0.00036803,0.00032861,0.00031468,0.0002758,0.00016924,0.00015827,0.0001406,0.00012274,0.00011216,0.000073263,0.000070684,0.000047705,0.000029992,0.000019976,0.000019287,0.000012185,0.0000080676,0.0000078699,0.0000065594,0.0000044822,0.000004444,0.0000043601,0.0000027163,0.0000025959,0.000001967,0.0000017143,0.0000012562,0.0000011537,0.00000076281,0.00000070781,0.00000045944,0.00000040887
1,2.5436E-16,3.0529E-16,3.3775E-16,4.7797E-16,7.4127E-16,7.4887E-16,8.4086E-16,1.3388E-15,3.517E-15,4.2021E-15,4.5088E-15,4.5201E-15,5.9513E-15,9.6592E-15,1.029E-14,1.4295E-14,3.8827E-14,1.0084E-13,1.1432E-13,2.0472E-13,2.8506E-13,3.7134E-13,4.0837E-13,5.79E-13,5.9138E-13,8.2374E-13,1.3429E-12,2.0569E-12,2.4606E-12,5.4974E-12,5.6777E-12,1.0819E-11,1.5564E-11,1.7113E-11,2.5664E-11,3.2288E-11,3.2413E-11,3.6577E-11,2.118E-10,0.0000000011505,0.0000000017023,0.0000000017229,0.0000000017251,0.0000000026332,0.0000000052161,0.0000000057625,0.0000000061631,0.00000001772,0.00000002,0.000000021278,0.000000059772,0.00000013451,0.00000021969,0.00000030317,0.00000044552,0.0000017635,0.000002816,0.0000029771,0.0000055545,0.000010989,0.000014869,0.000014886,0.000022733,0.000028741,0.000033722,0.000041271,0.000048869,0.000061715,0.000068097,0.0000904,0.00014713,0.00018191,0.00025357,0.00048379,0.00051556,0.00065675,0.00075628,0.0011372,0.0022488,0.0026901,0.0043598,0.0063242,0.0077054,0.0108,0.011289,0.01176,0.014426,0.01615,0.016189,0.017753,0.019024,0.021371,0.021578,0.02167,0.022187,0.023663,0.026301,0.027773,0.0355,0.035516,0.04719,0.047363,0.050249,0.052193,0.053479,0.05785,0.062701,0.080313,0.083127,0.092726,0.14495,0.16457,0.17158,0.21961,0.22592,0.23307,0.29227,0.30136,0.32934,0.34109,0.34519,0.35316,0.40716,0.46633,0.47259,0.48893,0.51833,0.60919,0.61322,0.61964,0.77007,0.85855,0.89094,0.90362,0.93515,0.94845,0.95437,0.97353,0.99585,0.99988,1,0.99987,0.99983,0.99858,0.93991,0.92144,0.91709,0.90626,0.8731,0.85537,0.79633,0.78835,0.77726,0.77192,0.75478,0.72774,0.71503,0.70476,0.66942,0.65645,0.6166,0.60614,0.57371,0.56566,0.55371,0.55313,0.5443,0.51939,0.46844,0.46744,0.42644,0.40525,0.38721,0.29654,0.27062,0.26814,0.21042,0.19838,0.1971,0.17234,0.17175,0.15294,0.13013,0.10332,0.09939,0.090489,0.074667,0.068568,0.063452,0.058319,0.045187,0.039429,0.039375,0.036659,0.032865,0.032294,0.027679,0.026045,0.024655,0.021204,0.020357,0.018774,0.017174,0.014475,0.012408,0.0071134,0.0066693,0.0062069,0.0054732,0.0046209,0.0045267,0.0035055,0.0034545,0.0032023,0.0029173,0.0025584,0.00047441,0.00041626,0.00039144,0.00034966,0.0003349,0.00029367,0.00018054,0.00016887,0.00015009,0.00013109,0.00011983,0.000078392,0.000075643,0.000051122,0.000032192,0.000021471,0.000020732,0.000013118,0.000008697,0.0000084845,0.0000070758,0.0000048409,0.0000047997,0.0000047094,0.0000029383,0.0000028083,0.0000021298,0.0000018569,0.0000013621,0.0000012512,0.00000082829,0.00000076873,0.0000004996,0.00000044476
1,2.2234E-16,2.6695E-16,2.9539E-16,4.183E-16,6.4927E-16,6.5594E-16,7.3667E-16,1.174E-15,3.0897E-15,3.6929E-15,3.963E-15,3.9729E-15,5.2336E-15,8.5025E-15,9.0587E-15,1.2593E-14,3.4272E-14,8.918E-14,1.0114E-13,1.8132E-13,2.5266E-13,3.2931E-13,3.6222E-13,5.1394E-13,5.2496E-13,7.3173E-13,1.1941E-12,1.8307E-12,2.1909E-12,4.9034E-12,5.0647E-12,9.6647E-12,1.3914E-11,1.5302E-11,2.297E-11,2.8914E-11,2.9026E-11,3.2764E-11,1.905E-10,0.000000001,0.0000000015389,0.0000000015575,0.0000000015596,0.0000000023831,0.0000000047287,0.0000000052255,0.0000000055897,0.000000016116,0.000000018161,0.000000019361,0.00000005454,0.000000123,0.00000020119,0.00000027791,0.00000040884,0.000001625,0.0000025987,0.0000027478,0.000005137,0.000010186,0.000013796,0.000013811,0.000021123,0.000026727,0.000031376,0.000038427,0.000045529,0.000057545,0.000063519,0.000084409,0.00013763,0.0001703,0.00023769,0.00045466,0.00048465,0.00061798,0.00071205,0.0010726,0.0021273,0.0025469,0.0041371,0.0060122,0.0073325,0.010296,0.010764,0.011216,0.013773,0.015429,0.015466,0.016969,0.018191,0.020449,0.020648,0.020736,0.021234,0.022655,0.025196,0.026615,0.034071,0.034086,0.04537,0.045538,0.048331,0.050213,0.051459,0.055693,0.060396,0.077493,0.080228,0.089562,0.14049,0.15967,0.16653,0.21361,0.2198,0.22681,0.28505,0.29401,0.32161,0.3332,0.33725,0.34512,0.39854,0.45723,0.46344,0.47968,0.50893,0.59957,0.6036,0.61002,0.7612,0.85095,0.88406,0.89708,0.92962,0.94345,0.94964,0.96984,0.99428,0.99951,0.99987,1,1,0.9993,0.94505,0.92726,0.92304,0.91255,0.88023,0.86288,0.8048,0.79693,0.78597,0.78068,0.76371,0.73691,0.72429,0.71408,0.67892,0.66599,0.62621,0.61576,0.58331,0.57525,0.56327,0.56268,0.55383,0.52884,0.47761,0.47661,0.43531,0.41393,0.39571,0.30393,0.27762,0.27509,0.21637,0.2041,0.20279,0.17752,0.17692,0.1577,0.13435,0.10686,0.10282,0.093678,0.077404,0.071123,0.065852,0.060559,0.047001,0.041047,0.040991,0.03818,0.034251,0.033661,0.028877,0.027181,0.025739,0.022156,0.021276,0.01963,0.017966,0.015157,0.013004,0.0074763,0.0070118,0.006528,0.0057599,0.004867,0.0047682,0.003697,0.0036435,0.0033787,0.0030793,0.0027021,0.00050471,0.00044309,0.00041677,0.00037246,0.00035679,0.00031303,0.0001928,0.00018039,0.0001604,0.00014016,0.00012817,0.000083979,0.000081044,0.00005485,0.000034596,0.000023106,0.000022314,0.000014141,0.0000093879,0.0000091593,0.0000076431,0.0000052354,0.000005191,0.0000050937,0.0000031828,0.0000030425,0.0000023094,0.0000020143,0.0000014789,0.0000013588,0.0000009007,0.00000083613,0.0000005441,0.00000048454
1,2.1784E-16,2.6156E-16,2.8944E-16,4.0991E-16,6.3632E-16,6.4286E-16,7.2201E-16,1.1508E-15,3.0295E-15,3.6211E-15,3.886E-15,3.8958E-15,5.1324E-15,8.3393E-15,8.885E-15,1.2353E-14,3.3629E-14,8.7531E-14,9.927E-14,1.7801E-13,2.4807E-13,3.2335E-13,3.5568E-13,5.0472E-13,5.1554E-13,7.1868E-13,1.173E-12,1.7986E-12,2.1526E-12,4.8189E-12,4.9775E-12,9.5004E-12,1.368E-11,1.5045E-11,2.2586E-11,2.8433E-11,2.8544E-11,3.2221E-11,1.8746E-10,0.000000001,0.0000000015155,0.0000000015338,0.0000000015358,0.0000000023472,0.0000000046588,0.0000000051483,0.0000000055073,0.000000015885,0.000000017902,0.000000019085,0.000000053785,0.00000012135,0.00000019852,0.00000027425,0.00000040354,0.000001605,0.0000025671,0.0000027145,0.0000050763,0.000010069,0.000013639,0.000013655,0.000020888,0.000026433,0.000031034,0.000038012,0.000045041,0.000056936,0.00006285,0.000083533,0.00013624,0.0001686,0.00023537,0.00045039,0.00048011,0.00061228,0.00070555,0.001063,0.0021094,0.0025258,0.0041042,0.005966,0.0072774,0.010221,0.010686,0.011135,0.013677,0.015322,0.015359,0.016852,0.018067,0.020312,0.02051,0.020597,0.021092,0.022505,0.025032,0.026443,0.033858,0.033873,0.045099,0.045266,0.048045,0.049918,0.051158,0.055372,0.060052,0.077072,0.079795,0.08909,0.13982,0.15893,0.16577,0.2127,0.21888,0.22587,0.28397,0.29291,0.32044,0.33202,0.33605,0.34391,0.39724,0.45585,0.46206,0.47829,0.50751,0.59811,0.60214,0.60856,0.75984,0.84979,0.883,0.89607,0.92876,0.94267,0.9489,0.96926,0.99402,0.99943,0.99983,1,1,0.99938,0.94581,0.92812,0.92393,0.91349,0.8813,0.864,0.80607,0.79822,0.78728,0.782,0.76506,0.7383,0.72569,0.71549,0.68035,0.66744,0.62767,0.61722,0.58477,0.57671,0.56473,0.56414,0.55528,0.53028,0.47901,0.47801,0.43666,0.41525,0.39701,0.30506,0.27869,0.27616,0.21728,0.20497,0.20366,0.17832,0.17771,0.15843,0.135,0.1074,0.10335,0.09417,0.077827,0.071518,0.066222,0.060905,0.047281,0.041297,0.041241,0.038415,0.034466,0.033872,0.029062,0.027358,0.025907,0.022303,0.021418,0.019763,0.018089,0.015263,0.013096,0.0075328,0.0070652,0.006578,0.0058046,0.0049054,0.0048059,0.0037269,0.003673,0.0034063,0.0031046,0.0027246,0.00050947,0.0004473,0.00042075,0.00037604,0.00036023,0.00031607,0.00019473,0.0001822,0.00016202,0.00014159,0.00012949,0.000084859,0.000081895,0.000055438,0.000034975,0.000023364,0.000022564,0.000014303,0.0000094972,0.0000092661,0.0000077329,0.0000052979,0.000005253,0.0000051546,0.0000032215,0.0000030796,0.0000023378,0.0000020393,0.0000014975,0.000001376,0.00000091221,0.00000084684,0.00000055118,0.00000049087
1,1.616E-16,1.9417E-16,2.1496E-16,3.0487E-16,4.7414E-16,4.7903E-16,5.3827E-16,8.5962E-16,2.2723E-15,2.7182E-15,2.9179E-15,2.9253E-15,3.8585E-15,6.2825E-15,6.6955E-15,9.3222E-15,2.5491E-14,6.6635E-14,7.5615E-14,1.3595E-13,1.8975E-13,2.4763E-13,2.7251E-13,3.8733E-13,3.9567E-13,5.5244E-13,9.0377E-13,1.3886E-12,1.6633E-12,3.7381E-12,3.8617E-12,7.3941E-12,1.0666E-11,1.1736E-11,1.7654E-11,2.225E-11,2.2337E-11,2.523E-11,1.4812E-10,8.1581E-10,0.000000001211,0.0000000012258,0.0000000012274,0.0000000018802,0.0000000037462,0.0000000041422,0.0000000044328,0.000000012864,0.000000014508,0.000000015472,0.000000043874,0.000000099487,0.00000016325,0.000000226,0.00000033336,0.000001338,0.0000021471,0.0000022712,0.0000042659,0.0000085037,0.000011545,0.000011558,0.000017737,0.000022485,0.000026431,0.000032425,0.000038473,0.000048723,0.000053826,0.000071703,0.00011742,0.00014556,0.00020379,0.00039218,0.0004183,0.00053463,0.00061688,0.000933,0.0018638,0.0022357,0.0036512,0.0053289,0.0065145,0.0091848,0.0096081,0.010017,0.012333,0.013835,0.013869,0.015235,0.016347,0.018405,0.018587,0.018667,0.019121,0.020419,0.022742,0.024041,0.030884,0.030898,0.041301,0.041455,0.044038,0.04578,0.046933,0.050857,0.055222,0.071141,0.073694,0.082422,0.13033,0.1485,0.155,0.19984,0.20576,0.21247,0.26842,0.27706,0.30373,0.31496,0.31888,0.32652,0.37851,0.43596,0.44207,0.45804,0.48688,0.57685,0.58086,0.58728,0.73988,0.83243,0.86714,0.88092,0.91575,0.9308,0.9376,0.9602,0.9896,0.99763,0.99858,0.9993,0.99938,1,0.95637,0.94021,0.93634,0.92666,0.89643,0.88001,0.82436,0.81674,0.80613,0.80099,0.78448,0.75829,0.74591,0.73588,0.7012,0.68841,0.6489,0.63848,0.60605,0.59797,0.58595,0.58536,0.57648,0.55132,0.49954,0.49852,0.45656,0.43476,0.41615,0.32181,0.29459,0.29197,0.23088,0.21805,0.21669,0.19021,0.18958,0.16937,0.14473,0.11559,0.11131,0.10157,0.084199,0.077474,0.071821,0.066137,0.051532,0.045096,0.045035,0.041991,0.03773,0.037088,0.031887,0.03004,0.028467,0.024555,0.023593,0.021791,0.019968,0.016883,0.014513,0.0084013,0.0078854,0.0073475,0.0064925,0.0054968,0.0053865,0.0041885,0.0041285,0.0038317,0.0034958,0.003072,0.00058372,0.00051309,0.00048289,0.00043201,0.00041401,0.00036367,0.000225,0.00021064,0.00018749,0.00016403,0.00015012,0.000098726,0.000095304,0.000064717,0.000040977,0.000027459,0.000026525,0.000016871,0.000011237,0.000010965,0.0000091627,0.0000062945,0.0000062416,0.0000061255,0.000003841,0.0000036729,0.0000027936,0.0000024392,0.0000017948,0.0000016501,0.000001097,0.0000010189,0.00000066505,0.00000059273
1,1.21E-17,1.4634E-17,1.6258E-17,2.3345E-17,3.6879E-17,3.7273E-17,4.2056E-17,6.8297E-17,1.8699E-16,2.2514E-16,2.4231E-16,2.4294E-16,3.2371E-16,5.3662E-16,5.7324E-16,8.0798E-16,2.2942E-15,6.2204E-15,7.0931E-15,1.3045E-14,1.8445E-14,2.4324E-14,2.6868E-14,3.8722E-14,3.9589E-14,5.601E-14,9.3449E-14,1.4608E-13,1.7627E-13,4.0947E-13,4.2357E-13,8.3317E-13,1.2204E-12,1.3482E-12,2.0635E-12,2.6264E-12,2.6371E-12,2.9942E-12,1.8988E-11,1.1297E-10,1.708E-10,1.7298E-10,1.7322E-10,2.7071E-10,5.5734E-10,6.1924E-10,6.6484E-10,0.000000002,0.0000000023059,0.0000000024671,0.0000000073742,0.000000017448,0.000000029392,0.000000041406,0.00000006238,0.00000027066,0.00000044637,0.00000047374,0.00000092372,0.0000019204,0.0000026572,0.0000026604,0.0000041948,0.0000053994,0.0000064139,0.0000079742,0.0000095688,0.00001231,0.000013691,0.000018597,0.000031511,0.000039663,0.000056883,0.0001149,0.00012315,0.00016037,0.0001871,0.00029236,0.00061814,0.00075305,0.0012836,0.0019388,0.0024149,0.0035187,0.0036972,0.0038701,0.0048647,0.0055213,0.0055362,0.0061404,0.006637,0.0075661,0.0076487,0.0076852,0.0078924,0.0084872,0.0095635,0.010171,0.013435,0.013442,0.018581,0.018659,0.019965,0.020851,0.021441,0.023461,0.025735,0.034236,0.035629,0.040442,0.068203,0.079247,0.083268,0.11182,0.1157,0.12012,0.15814,0.16419,0.18317,0.19129,0.19415,0.19973,0.23871,0.28374,0.28865,0.3016,0.32539,0.40329,0.4069,0.4127,0.56116,0.66436,0.70705,0.72483,0.77264,0.79498,0.80551,0.84337,0.90642,0.93467,0.93991,0.94505,0.94581,0.95637,1,0.99863,0.99795,0.99581,0.98584,0.97882,0.94922,0.94461,0.93799,0.93471,0.92384,0.90566,0.89669,0.88927,0.86252,0.85226,0.81931,0.81032,0.78156,0.77421,0.76316,0.76261,0.75433,0.73046,0.67926,0.67823,0.6347,0.61138,0.59109,0.48258,0.44942,0.44619,0.36824,0.35123,0.34941,0.31347,0.3126,0.28439,0.24902,0.20561,0.19906,0.18401,0.1565,0.14561,0.13633,0.12689,0.10201,0.090723,0.090615,0.085198,0.077522,0.076357,0.066799,0.063358,0.060405,0.052963,0.051111,0.047617,0.044044,0.037906,0.0331,0.020232,0.019106,0.017923,0.016024,0.013779,0.013528,0.010764,0.010623,0.009926,0.0091302,0.0081154,0.0017678,0.0015694,0.001484,0.0013389,0.0012872,0.0011418,0.00073197,0.00068856,0.00061807,0.00054596,0.00050283,0.00034057,0.00032957,0.00022983,0.00015006,0.00010324,0.000099956,0.000065455,0.000044728,0.000043714,0.00003694,0.000025969,0.000025764,0.000025314,0.000016327,0.000015654,0.000012102,0.000010651,0.0000079792,0.0000073717,0.000005017,0.0000046794,0.0000031287,0.0000028065
1,7.6057E-18,9.2086E-18,1.0237E-17,1.4731E-17,2.3335E-17,2.3586E-17,2.6633E-17,4.3377E-17,1.195E-16,1.4404E-16,1.551E-16,1.555E-16,2.0757E-16,3.4518E-16,3.6888E-16,5.2107E-16,1.4893E-15,4.0642E-15,4.6383E-15,8.5645E-15,1.2137E-14,1.6035E-14,1.7724E-14,2.5605E-14,2.6183E-14,3.7129E-14,6.2162E-14,9.7468E-14,1.1776E-13,2.7515E-13,2.8469E-13,5.6265E-13,8.2638E-13,9.1358E-13,1.4025E-12,1.7882E-12,1.7955E-12,2.0405E-12,1.3116E-11,7.9105E-11,1.1998E-10,1.2152E-10,1.2169E-10,1.9085E-10,3.952E-10,4.3946E-10,4.7209E-10,0.0000000014565,0.0000000016541,0.0000000017708,0.0000000053421,0.000000012735,0.000000021552,0.000000030454,0.00000004605,0.00000020255,0.00000033567,0.00000035646,0.00000069961,0.0000014652,0.0000020342,0.0000020367,0.0000032267,0.0000041644,0.0000049559,0.0000061761,0.0000074258,0.0000095797,0.000010667,0.000014538,0.000024783,0.000031277,0.000045047,0.000091766,0.000098439,0.00012862,0.00015035,0.00023628,0.00050457,0.00061636,0.0010585,0.0016085,0.0020101,0.0029459,0.0030977,0.0032449,0.0040937,0.0046557,0.0046685,0.0051868,0.0056134,0.0064133,0.0064845,0.006516,0.0066946,0.007208,0.0081386,0.0086648,0.011502,0.011508,0.016002,0.01607,0.017216,0.017995,0.018514,0.020293,0.022299,0.029834,0.031072,0.035362,0.060314,0.070322,0.073976,0.10005,0.10361,0.10767,0.14279,0.14841,0.16607,0.17365,0.17631,0.18154,0.21813,0.26071,0.26537,0.27769,0.30038,0.37525,0.37874,0.38435,0.52967,0.63271,0.67591,0.69401,0.74305,0.76617,0.77713,0.81681,0.88436,0.91556,0.92144,0.92726,0.92812,0.94021,0.99863,1,0.99993,0.99923,0.99324,0.98814,0.96411,0.96016,0.95444,0.95159,0.94203,0.92578,0.91766,0.9109,0.88626,0.87671,0.84573,0.83721,0.80976,0.80271,0.79208,0.79155,0.78356,0.76042,0.71035,0.70934,0.66633,0.64315,0.6229,0.51342,0.47959,0.47628,0.39603,0.3784,0.3765,0.33908,0.33817,0.30863,0.27141,0.2254,0.21843,0.20238,0.1729,0.16118,0.15117,0.14096,0.11395,0.10163,0.10151,0.095585,0.087165,0.085885,0.075365,0.071567,0.068304,0.060062,0.058006,0.054123,0.050143,0.04329,0.037905,0.023392,0.022114,0.02077,0.018607,0.016044,0.015757,0.012588,0.012426,0.011624,0.010708,0.0095367,0.0021279,0.0018924,0.0017908,0.0016181,0.0015566,0.0013831,0.00089219,0.00083998,0.00075511,0.00066814,0.00061603,0.00041941,0.00040605,0.00028448,0.00018675,0.00012908,0.00012502,0.000082288,0.000056485,0.000055219,0.000046753,0.000033002,0.000032745,0.000032179,0.000020858,0.000020008,0.000015511,0.000013671,0.000010274,0.0000094999,0.0000064921,0.0000060597,0.0000040688,0.0000036538
1,6.8644E-18,8.313E-18,9.2429E-18,1.3307E-17,2.1092E-17,2.1319E-17,2.4076E-17,3.9239E-17,1.0824E-16,1.3051E-16,1.4054E-16,1.4091E-16,1.8816E-16,3.1312E-16,3.3465E-16,4.7294E-16,1.3537E-15,3.6994E-15,4.2228E-15,7.8041E-15,1.1065E-14,1.4624E-14,1.6167E-14,2.3369E-14,2.3897E-14,3.3905E-14,5.6807E-14,8.9131E-14,1.0772E-13,2.5201E-13,2.6076E-13,5.1589E-13,7.5815E-13,8.3828E-13,1.2878E-12,1.6425E-12,1.6493E-12,1.8747E-12,1.2086E-11,7.3111E-11,1.1097E-10,1.124E-10,1.1255E-10,1.7666E-10,3.6627E-10,4.0737E-10,4.3767E-10,0.000000001353,0.000000001537,0.0000000016455,0.000000005,0.000000011878,0.000000020122,0.000000028452,0.000000043059,0.00000019,0.00000031515,0.0000003347,0.00000065787,0.00000138,0.0000019173,0.0000019197,0.0000030445,0.0000039316,0.0000046808,0.0000058362,0.0000070202,0.000009062,0.000010093,0.000013767,0.000023498,0.000029673,0.000042777,0.000087304,0.000093671,0.00012248,0.00014323,0.00022538,0.00048235,0.00058956,0.0010142,0.0015432,0.0019299,0.0028319,0.0029783,0.0031204,0.0039397,0.0044826,0.0044949,0.0049958,0.0054083,0.0061819,0.0062508,0.0062812,0.006454,0.0069509,0.0078518,0.0083614,0.011111,0.011117,0.015478,0.015545,0.016658,0.017415,0.017919,0.019648,0.021599,0.028933,0.030139,0.03432,0.058682,0.068472,0.072048,0.0976,0.10109,0.10507,0.13957,0.14509,0.16246,0.16992,0.17255,0.17769,0.21377,0.25581,0.26041,0.27259,0.29503,0.3692,0.37267,0.37824,0.52279,0.62572,0.66899,0.68715,0.73642,0.75969,0.77073,0.81078,0.87926,0.91107,0.91709,0.92304,0.92393,0.93634,0.99795,0.99993,1,0.99962,0.99451,0.98984,0.96706,0.96327,0.95775,0.95499,0.94573,0.92992,0.922,0.91539,0.89124,0.88186,0.85135,0.84293,0.8158,0.80882,0.79829,0.79777,0.78985,0.76689,0.71712,0.71611,0.67325,0.65012,0.62989,0.52028,0.48631,0.483,0.40227,0.38451,0.3826,0.34486,0.34394,0.31412,0.2765,0.22993,0.22286,0.20658,0.17667,0.16476,0.15459,0.14421,0.11671,0.10416,0.10404,0.097999,0.089411,0.088104,0.077364,0.073485,0.07015,0.061725,0.059622,0.055649,0.051576,0.044558,0.039039,0.024142,0.022828,0.021446,0.019222,0.016584,0.016288,0.013024,0.012858,0.012031,0.011086,0.0098778,0.0022157,0.0019712,0.0018657,0.0016864,0.0016224,0.0014422,0.00093157,0.00087722,0.00078884,0.00069824,0.00064395,0.00043892,0.00042497,0.00029805,0.00019589,0.00013553,0.00013128,0.000086507,0.00005944,0.000058111,0.000049223,0.000034777,0.000034506,0.000033911,0.000022004,0.00002111,0.000016376,0.000014438,0.000010858,0.000010042,0.0000068684,0.000006412,0.0000043093,0.0000038708
1,5.3679E-18,6.5046E-18,7.2345E-18,1.0427E-17,1.6551E-17,1.673E-17,1.8901E-17,3.0853E-17,8.5385E-17,1.0301E-16,1.1096E-16,1.1125E-16,1.4869E-16,2.4785E-16,2.6496E-16,3.7487E-16,1.0768E-15,2.9525E-15,3.3717E-15,6.2443E-15,8.864E-15,1.1727E-14,1.2968E-14,1.8769E-14,1.9194E-14,2.7267E-14,4.5768E-14,7.1925E-14,8.6982E-14,2.0412E-13,2.1124E-13,4.1895E-13,6.1657E-13,6.8199E-13,1.0493E-12,1.3396E-12,1.3452E-12,1.5297E-12,9.933E-12,6.0516E-11,9.2009E-11,9.3198E-11,9.3327E-11,1.4675E-10,3.0519E-10,3.3958E-10,3.6495E-10,0.0000000011336,0.0000000012885,0.0000000013799,0.0000000041919,0.00000001,0.000000017064,0.000000024168,0.000000036647,0.00000016285,0.00000027084,0.00000028774,0.00000056751,0.0000011951,0.0000016634,0.0000016654,0.0000026479,0.0000034242,0.0000040807,0.0000050942,0.0000061341,0.0000079297,0.0000088372,0.000012076,0.000020677,0.000026147,0.000037779,0.000077449,0.000083134,0.00010889,0.00012747,0.00020118,0.00043283,0.0005298,0.00091499,0.0013966,0.0017497,0.0025753,0.0027095,0.0028398,0.0035924,0.0040919,0.0041032,0.0045645,0.0049447,0.0056585,0.0057221,0.0057502,0.0059098,0.0063689,0.0072021,0.0076739,0.010224,0.010229,0.014286,0.014348,0.015386,0.016092,0.016562,0.018177,0.020001,0.026872,0.028004,0.031933,0.054926,0.064205,0.0676,0.09192,0.095249,0.099054,0.13207,0.13737,0.15407,0.16125,0.16378,0.16874,0.20357,0.24431,0.24878,0.26062,0.28247,0.35495,0.35835,0.36381,0.50641,0.60898,0.65238,0.67065,0.7204,0.74401,0.75523,0.7961,0.8667,0.89993,0.90626,0.91255,0.91349,0.92666,0.99581,0.99923,0.99962,1,0.99702,0.99338,0.97362,0.9702,0.96518,0.96266,0.95413,0.93941,0.93197,0.92573,0.90279,0.89382,0.86446,0.85633,0.82999,0.82319,0.81292,0.81241,0.80467,0.78218,0.73317,0.73217,0.68974,0.66674,0.6466,0.53676,0.50252,0.49917,0.41739,0.39933,0.39738,0.3589,0.35797,0.32748,0.28891,0.24098,0.23369,0.21688,0.18592,0.17357,0.16301,0.15221,0.12354,0.11042,0.1103,0.10397,0.094969,0.093598,0.082321,0.078242,0.074733,0.065857,0.063639,0.059446,0.055143,0.047718,0.041868,0.026022,0.02462,0.023144,0.020766,0.017942,0.017625,0.014123,0.013944,0.013056,0.012039,0.010738,0.0024393,0.0021722,0.0020568,0.0018606,0.0017906,0.0015931,0.0010324,0.00097262,0.00087531,0.00077547,0.00071559,0.00048908,0.00047365,0.00033301,0.00021949,0.00015223,0.00014749,0.000097447,0.000067115,0.000065625,0.000055645,0.000039398,0.000039093,0.000038423,0.000024997,0.000023987,0.000018636,0.000016442,0.000012386,0.00001146,0.0000078555,0.0000073364,0.0000049416,0.0000044414
1,2.686E-18,3.2603E-18,3.6295E-18,5.2479E-18,8.364E-18,8.4551E-18,9.5627E-18,1.5677E-17,4.3782E-17,5.291E-17,5.7028E-17,5.718E-17,7.6627E-17,1.2832E-16,1.3726E-16,1.9482E-16,5.6507E-16,1.5641E-15,1.7885E-15,3.3317E-15,4.7453E-15,6.2948E-15,6.9681E-15,1.0121E-14,1.0353E-14,1.4757E-14,2.4896E-14,3.9301E-14,4.7618E-14,1.1271E-13,1.1668E-13,2.3303E-13,3.4431E-13,3.8123E-13,5.8921E-13,7.5413E-13,7.5728E-13,8.6235E-13,5.7123E-12,3.5504E-11,5.4238E-11,5.4946E-11,5.5024E-11,8.6969E-11,1.8241E-10,2.0322E-10,2.1858E-10,6.8818E-10,7.834E-10,8.3968E-10,0.0000000025858,0.0000000062671,0.000000010715,0.000000015245,0.000000023243,0.00000010539,0.00000017652,0.00000018769,0.00000037379,0.00000079578,0.000001113,0.0000011144,0.0000017843,0.0000023165,0.0000027681,0.0000034677,0.0000041877,0.0000054357,0.0000060682,0.0000083338,0.000014397,0.000018277,0.000026573,0.000055163,0.000059287,0.00007803,0.000091607,0.00014581,0.00031834,0.00039122,0.00068318,0.0010521,0.0013244,0.0019661,0.0020709,0.0021728,0.0027634,0.0031571,0.0031661,0.0035308,0.0038322,0.0043995,0.0044501,0.0044725,0.0045997,0.004966,0.0056326,0.006011,0.0080663,0.0080707,0.01137,0.011421,0.012269,0.012848,0.013234,0.014561,0.016064,0.021763,0.022707,0.025991,0.045458,0.053408,0.056327,0.077404,0.080309,0.083634,0.11271,0.11741,0.13228,0.1387,0.14096,0.14541,0.17681,0.21394,0.21804,0.2289,0.24905,0.31663,0.31982,0.32496,0.46136,0.56217,0.60558,0.624,0.67467,0.69898,0.71061,0.75336,0.82911,0.86595,0.8731,0.88023,0.8813,0.89643,0.98584,0.99324,0.99451,0.99702,1,0.99928,0.98822,0.98588,0.98231,0.98048,0.97409,0.96256,0.95655,0.95143,0.93212,0.92439,0.8986,0.89133,0.8675,0.86128,0.85184,0.85137,0.84421,0.82327,0.77689,0.77593,0.73506,0.71267,0.69292,0.58335,0.54858,0.54516,0.46092,0.4421,0.44007,0.39971,0.39872,0.36648,0.32536,0.27373,0.26582,0.24753,0.21361,0.19999,0.1883,0.17631,0.14427,0.12949,0.12935,0.12219,0.11198,0.11042,0.097552,0.092881,0.088854,0.078634,0.076072,0.071218,0.066223,0.05757,0.050717,0.03197,0.030295,0.028528,0.025675,0.022273,0.02189,0.017645,0.017428,0.016345,0.015104,0.013513,0.00318,0.002839,0.0026915,0.00244,0.0023502,0.0020962,0.0013711,0.0012932,0.0011664,0.0010359,0.0009575,0.00065943,0.00063902,0.00045238,0.00030055,0.00020988,0.00020346,0.00013544,0.000093907,0.000091858,0.000078114,0.000055638,0.000055215,0.000054285,0.000035575,0.000034161,0.000026652,0.000023564,0.000017832,0.00001652,0.000011393,0.000010652,0.0000072197,0.0000064997
1,1.9071E-18,2.3167E-18,2.5802E-18,3.7366E-18,5.9672E-18,6.0325E-18,6.8263E-18,1.1215E-17,3.146E-17,3.8051E-17,4.1026E-17,4.1136E-17,5.5197E-17,9.2646E-17,9.9129E-17,1.4092E-16,4.1069E-16,1.1421E-15,1.3067E-15,2.4413E-15,3.4829E-15,4.6263E-15,5.1235E-15,7.455E-15,7.6264E-15,1.0889E-14,1.8417E-14,2.9137E-14,3.5336E-14,8.3988E-14,8.6962E-14,1.7428E-13,2.58E-13,2.8582E-13,4.4272E-13,5.6734E-13,5.6972E-13,6.492E-13,4.3427E-12,2.7258E-11,4.1738E-11,4.2287E-11,4.2346E-11,6.7102E-11,1.4132E-10,1.5755E-10,1.6953E-10,5.3729E-10,6.1209E-10,6.5633E-10,0.000000002,0.000000005,0.0000000085059,0.000000012128,0.000000018541,0.000000084906,0.00000014271,0.00000015181,0.00000030377,0.00000065018,0.00000091157,0.00000091272,0.0000014664,0.0000019075,0.0000022824,0.0000028641,0.0000034637,0.000004505,0.0000050335,0.0000069299,0.000012023,0.000015294,0.000022304,0.000046587,0.000050101,0.000066097,0.000077707,0.0001242,0.00027312,0.00033631,0.00059051,0.00091336,0.0011525,0.001718,0.0018107,0.0019008,0.0024238,0.0027732,0.0027812,0.0031054,0.0033735,0.0038791,0.0039243,0.0039443,0.0040577,0.0043847,0.0049807,0.0053194,0.0071636,0.0071675,0.010141,0.010187,0.010954,0.011477,0.011826,0.013028,0.014391,0.019577,0.020438,0.023439,0.04133,0.04868,0.051384,0.070978,0.073687,0.076791,0.10403,0.10845,0.12246,0.12852,0.13066,0.13485,0.16462,0.19998,0.2039,0.21429,0.23359,0.29869,0.30177,0.30675,0.43974,0.53932,0.58255,0.60097,0.65183,0.67638,0.68814,0.73159,0.80946,0.84787,0.85537,0.86288,0.864,0.88001,0.97882,0.98814,0.98984,0.99338,0.99928,1,0.9933,0.9915,0.98868,0.98719,0.9819,0.97201,0.96674,0.96221,0.94481,0.93775,0.91387,0.90707,0.88461,0.87872,0.86974,0.86929,0.86247,0.8424,0.79757,0.79664,0.75675,0.73478,0.71533,0.60639,0.57149,0.56805,0.48289,0.46375,0.46169,0.42051,0.4195,0.38647,0.34418,0.29079,0.28258,0.26356,0.22819,0.21394,0.20169,0.18911,0.15536,0.13973,0.13958,0.132,0.12116,0.1195,0.10581,0.10083,0.096532,0.085606,0.082864,0.077662,0.072301,0.062995,0.055608,0.035296,0.033472,0.031548,0.028435,0.024716,0.024297,0.019642,0.019404,0.018214,0.016849,0.015095,0.0036147,0.0032312,0.0030651,0.0027817,0.0026804,0.0023938,0.0015727,0.0014844,0.0013402,0.0011918,0.0011024,0.00076209,0.00073874,0.00052474,0.00034999,0.00024522,0.00023779,0.00015889,0.00011052,0.00010813,0.000092083,0.000065781,0.000065285,0.000064194,0.00004222,0.000040556,0.000031707,0.000028061,0.000021284,0.00001973,0.000013648,0.000012767,0.0000086796,0.0000078204
1,6.6476E-19,8.0956E-19,9.0291E-19,1.3138E-18,2.1109E-18,2.1343E-18,2.4191E-18,4.0001E-18,1.1375E-17,1.3793E-17,1.4887E-17,1.4927E-17,2.0108E-17,3.3986E-17,3.6398E-17,5.1988E-17,1.5375E-16,4.3368E-16,4.9712E-16,9.3694E-16,1.3434E-15,1.7917E-15,1.9872E-15,2.907E-15,2.9749E-15,4.2695E-15,7.2762E-15,1.1589E-14,1.4094E-14,3.3934E-14,3.5153E-14,7.1189E-14,1.0602E-13,1.1763E-13,1.8343E-13,2.3597E-13,2.3697E-13,2.7058E-13,1.865E-12,1.2062E-11,1.8602E-11,1.885E-11,1.8877E-11,3.0146E-11,6.4303E-11,7.1818E-11,7.7379E-11,2.5024E-10,2.8574E-10,3.0677E-10,0.000000001,0.0000000024048,0.0000000041676,0.000000006,0.0000000092217,0.000000043524,0.000000073939,0.000000078752,0.00000015989,0.00000034784,0.0000004913,0.00000049194,0.0000007987,0.0000010451,0.0000012556,0.0000015838,0.0000019238,0.0000025175,0.0000028202,0.0000039121,0.0000068782,0.0000088007,0.000012955,0.000027573,0.000029709,0.000039481,0.000046615,0.000075453,0.00016963,0.00021012,0.00037512,0.00058799,0.00074737,0.0011284,0.0011913,0.0012526,0.0016101,0.0018506,0.001856,0.0020802,0.0022662,0.0026185,0.00265,0.002664,0.0027433,0.0029725,0.0033918,0.0036309,0.0049429,0.0049458,0.0070894,0.0071224,0.0076802,0.0080616,0.0083164,0.0091967,0.010199,0.014048,0.014692,0.016946,0.030638,0.036362,0.038481,0.054001,0.056169,0.058658,0.080751,0.084375,0.095917,0.10094,0.10272,0.10621,0.1312,0.16134,0.16471,0.17367,0.19041,0.24776,0.25052,0.25496,0.37649,0.47096,0.51296,0.53104,0.58162,0.60639,0.61834,0.66305,0.74566,0.78793,0.79633,0.8048,0.80607,0.82436,0.94922,0.96411,0.96706,0.97362,0.98822,0.9933,1,0.99989,0.99939,0.999,0.99718,0.99254,0.98966,0.98702,0.97587,0.971,0.95353,0.94833,0.9306,0.92583,0.91848,0.91811,0.91245,0.89554,0.85647,0.85565,0.81964,0.7994,0.78126,0.67638,0.64172,0.63828,0.55167,0.53184,0.52969,0.48655,0.48548,0.45042,0.40494,0.34656,0.33749,0.31636,0.27664,0.26049,0.24652,0.2321,0.19301,0.17468,0.17451,0.16556,0.15271,0.15074,0.13437,0.12838,0.1232,0.10995,0.10661,0.10025,0.093675,0.082181,0.072986,0.047315,0.044977,0.042503,0.038484,0.033652,0.033106,0.027003,0.026689,0.025118,0.023309,0.020976,0.0052964,0.0047528,0.0045166,0.0041126,0.0039677,0.0035569,0.0023693,0.0022404,0.0020294,0.0018114,0.0016797,0.0011745,0.0011396,0.00081789,0.00055205,0.00039077,0.00037926,0.0002563,0.00018006,0.00017627,0.00015077,0.00010867,0.00010787,0.00010612,0.000070561,0.00006785,0.000053381,0.00004739,0.000036196,0.000033617,0.000023466,0.000021987,0.000015088,0.000013629
1,5.8076E-19,7.0748E-19,7.892E-19,1.1491E-18,1.8476E-18,1.8681E-18,2.1178E-18,3.5049E-18,9.9843E-18,1.211E-17,1.3072E-17,1.3108E-17,1.7666E-17,2.9885E-17,3.201E-17,4.5748E-17,1.3555E-16,3.8303E-16,4.3916E-16,8.2863E-16,1.1889E-15,1.5864E-15,1.7598E-15,2.5762E-15,2.6364E-15,3.7862E-15,6.4589E-15,1.0296E-14,1.2526E-14,3.0208E-14,3.1296E-14,6.3461E-14,9.4582E-14,1.0496E-13,1.6382E-13,2.1083E-13,2.1174E-13,2.4182E-13,1.6731E-12,1.0863E-11,1.6767E-11,1.6992E-11,1.7016E-11,2.7201E-11,5.8115E-11,6.4922E-11,6.996E-11,2.2683E-10,2.5908E-10,2.782E-10,8.8258E-10,0.0000000021911,0.0000000038022,0.0000000054631,0.0000000084292,0.000000039937,0.000000067937,0.000000072371,0.0000001472,0.00000032092,0.0000004537,0.00000045428,0.00000073856,0.00000096715,0.0000011626,0.0000014674,0.0000017834,0.0000023355,0.0000026172,0.000003634,0.0000064001,0.0000081951,0.000012078,0.000025768,0.000027771,0.000036939,0.000043638,0.000070748,0.00015949,0.00019772,0.00035373,0.0005554,0.00070661,0.0010686,0.0011284,0.0011867,0.0015269,0.001756,0.0017612,0.0019749,0.0021523,0.0024883,0.0025184,0.0025318,0.0026075,0.0028263,0.0032268,0.0034553,0.0047104,0.0047131,0.0067671,0.0067988,0.0073338,0.0076998,0.0079444,0.0087895,0.0097524,0.013454,0.014074,0.016245,0.029464,0.035003,0.037054,0.052105,0.054209,0.056627,0.078114,0.081643,0.092891,0.09779,0.099524,0.10293,0.12734,0.15684,0.16014,0.16892,0.18534,0.2417,0.24441,0.24879,0.36876,0.46246,0.50423,0.52224,0.5727,0.59744,0.6094,0.65417,0.7372,0.77986,0.78835,0.79693,0.79822,0.81674,0.94461,0.96016,0.96327,0.9702,0.98588,0.9915,0.99989,1,0.9998,0.99955,0.99817,0.99423,0.99166,0.98927,0.97895,0.97438,0.95777,0.95279,0.93572,0.93111,0.92398,0.92362,0.91813,0.90167,0.86344,0.86263,0.82721,0.80724,0.78932,0.68518,0.65063,0.6472,0.56056,0.54067,0.53852,0.49518,0.49411,0.45885,0.41301,0.35405,0.34487,0.32349,0.28323,0.26684,0.25266,0.238,0.19822,0.17955,0.17937,0.17024,0.15712,0.15511,0.13839,0.13227,0.12696,0.1134,0.10998,0.10347,0.096721,0.084928,0.075484,0.049066,0.046656,0.044104,0.039956,0.034967,0.034402,0.028093,0.027767,0.026141,0.024269,0.021852,0.0055549,0.0049873,0.0047404,0.0043182,0.0041668,0.0037371,0.0024938,0.0023586,0.0021374,0.0019087,0.0017705,0.0012398,0.0012031,0.00086459,0.00058445,0.00041425,0.00040209,0.00027212,0.00019142,0.0001874,0.00016037,0.00011573,0.00011488,0.00011302,0.000075255,0.000072373,0.000056985,0.00005061,0.000038689,0.000035941,0.000025118,0.000023539,0.000016173,0.000014613
1,4.8232E-19,5.8782E-19,6.5587E-19,9.5574E-19,1.5384E-18,1.5555E-18,1.7639E-18,2.9225E-18,8.3451E-18,1.0127E-17,1.0933E-17,1.0962E-17,1.4785E-17,2.5042E-17,2.6826E-17,3.8372E-17,1.1398E-16,3.2289E-16,3.7033E-16,6.9984E-16,1.005E-15,1.342E-15,1.489E-15,2.1818E-15,2.233E-15,3.2097E-15,5.4827E-15,8.75E-15,1.0651E-14,2.5743E-14,2.6672E-14,5.4184E-14,8.084E-14,8.9738E-14,1.4022E-13,1.8058E-13,1.8136E-13,2.072E-13,1.4411E-12,9.4054E-12,1.4536E-11,1.4731E-11,1.4752E-11,2.3613E-11,5.0563E-11,5.6504E-11,6.0902E-11,1.9816E-10,2.2643E-10,2.4319E-10,7.7427E-10,0.0000000019277,0.0000000033512,0.0000000048207,0.0000000074488,0.000000035479,0.000000060465,0.000000064426,0.00000013137,0.00000028722,0.00000040659,0.00000040712,0.00000066309,0.00000086922,0.0000010456,0.0000013209,0.0000016066,0.0000021063,0.0000023614,0.0000032832,0.0000057955,0.0000074287,0.000010967,0.000023473,0.000025306,0.000033703,0.000039845,0.000064742,0.00014652,0.00018183,0.00032624,0.00051342,0.00065403,0.00099129,0.0010471,0.0011014,0.0014193,0.0016335,0.0016384,0.0018383,0.0020044,0.0023194,0.0023476,0.0023601,0.0024311,0.0026364,0.0030123,0.003227,0.0044074,0.00441,0.0063463,0.0063762,0.0068813,0.0072271,0.0074581,0.008257,0.0091678,0.012675,0.013264,0.015325,0.027917,0.033208,0.03517,0.049592,0.051612,0.053934,0.074608,0.078009,0.088863,0.093594,0.095269,0.098563,0.12219,0.15082,0.15402,0.16256,0.17854,0.23355,0.2362,0.24048,0.35829,0.45088,0.49232,0.51022,0.56047,0.58517,0.59712,0.64195,0.72549,0.76865,0.77726,0.78597,0.78728,0.80613,0.93799,0.95444,0.95775,0.96518,0.98231,0.98868,0.99939,0.9998,1,0.99995,0.99919,0.99619,0.99406,0.99201,0.98284,0.97868,0.96329,0.95861,0.94246,0.93807,0.93126,0.93092,0.92566,0.90983,0.87279,0.872,0.83742,0.81784,0.80022,0.69721,0.66282,0.6594,0.57278,0.55284,0.55067,0.50711,0.50603,0.47049,0.4242,0.36446,0.35514,0.33341,0.29243,0.27571,0.26123,0.24626,0.20553,0.18637,0.18619,0.17682,0.16333,0.16126,0.14404,0.13773,0.13227,0.11827,0.11474,0.108,0.10103,0.088815,0.079023,0.051556,0.049044,0.046382,0.042054,0.036841,0.036251,0.029649,0.029308,0.027604,0.025641,0.023105,0.0059282,0.005326,0.005064,0.0046156,0.0044548,0.003998,0.0026743,0.0025302,0.0022942,0.00205,0.0019024,0.0013348,0.0012955,0.0009327,0.00063181,0.00044862,0.00043551,0.00029532,0.0002081,0.00020376,0.0001745,0.00012612,0.0001252,0.00012318,0.000082179,0.000079046,0.000062308,0.000055367,0.000042378,0.000039381,0.000027565,0.00002584,0.000017783,0.000016075
1,4.4136E-19,5.3801E-19,6.0037E-19,8.7521E-19,1.4095E-18,1.4252E-18,1.6163E-18,2.6794E-18,7.6597E-18,9.2969E-18,1.0038E-17,1.0065E-17,1.3579E-17,2.3013E-17,2.4655E-17,3.528E-17,1.0492E-16,2.9758E-16,3.4136E-16,6.4556E-16,9.2744E-16,1.2388E-15,1.3748E-15,2.0153E-15,2.0626E-15,2.966E-15,5.0697E-15,8.0955E-15,9.8565E-15,2.3848E-14,2.471E-14,5.0243E-14,7.4996E-14,8.3262E-14,1.3017E-13,1.677E-13,1.6842E-13,1.9245E-13,1.3418E-12,8.7795E-12,1.3576E-11,1.3759E-11,1.3779E-11,2.207E-11,4.7308E-11,5.2874E-11,5.6996E-11,1.8576E-10,2.123E-10,2.2804E-10,7.2728E-10,0.0000000018132,0.0000000031548,0.0000000045408,0.000000007,0.000000033526,0.000000057188,0.00000006094,0.00000012442,0.00000027238,0.00000038582,0.00000038632,0.00000062977,0.000000826,0.00000099387,0.0000012561,0.0000015284,0.0000020047,0.000002248,0.0000031275,0.0000055268,0.0000070877,0.000010472,0.000022448,0.000024205,0.000032256,0.000038148,0.00006205,0.00014068,0.00017467,0.00031384,0.00049446,0.00063025,0.00095627,0.0010102,0.0010628,0.0013704,0.0015779,0.0015826,0.0017763,0.0019373,0.0022425,0.0022699,0.002282,0.0023509,0.00255,0.0029147,0.003123,0.0042693,0.0042717,0.006154,0.0061831,0.0066745,0.0070109,0.0072357,0.0080133,0.0089001,0.012318,0.012892,0.014902,0.027203,0.03238,0.034301,0.04843,0.050411,0.052687,0.072981,0.076323,0.08699,0.091643,0.09329,0.096531,0.11979,0.148,0.15116,0.15958,0.17536,0.22972,0.23234,0.23658,0.35335,0.4454,0.48667,0.50451,0.55465,0.57932,0.59126,0.63611,0.71987,0.76324,0.77192,0.78068,0.782,0.80099,0.93471,0.95159,0.95499,0.96266,0.98048,0.98719,0.999,0.99955,0.99995,1,0.99953,0.99699,0.99506,0.99318,0.98457,0.9806,0.96579,0.96126,0.94556,0.94127,0.93462,0.93428,0.92914,0.91361,0.87715,0.87638,0.84221,0.82283,0.80536,0.70292,0.66862,0.66521,0.57862,0.55865,0.55648,0.51283,0.51174,0.47608,0.42958,0.36948,0.36009,0.3382,0.29688,0.28,0.26539,0.25026,0.20908,0.18969,0.1895,0.18002,0.16635,0.16426,0.1468,0.1404,0.13486,0.12065,0.11706,0.11022,0.10313,0.090719,0.080757,0.052781,0.050219,0.047504,0.043087,0.037765,0.037163,0.030416,0.030068,0.028327,0.026319,0.023725,0.0061142,0.0054948,0.0052253,0.0047639,0.0045984,0.0041283,0.0027646,0.002616,0.0023727,0.0021208,0.0019685,0.0013825,0.0013419,0.00096692,0.00065564,0.00046593,0.00045236,0.00030703,0.00021654,0.00021203,0.00018165,0.00013138,0.00013043,0.00012833,0.000085691,0.000082431,0.00006501,0.000057783,0.000044253,0.00004113,0.000028811,0.000027012,0.000018603,0.00001682
1,3.3309E-19,4.063E-19,4.5356E-19,6.6203E-19,1.0679E-18,1.0798E-18,1.2251E-18,2.0344E-18,5.8368E-18,7.0891E-18,7.656E-18,7.677E-18,1.0368E-17,1.7603E-17,1.8864E-17,2.7027E-17,8.069E-17,2.2971E-16,2.6363E-16,4.9972E-16,7.1887E-16,9.6125E-16,1.0671E-15,1.5666E-15,1.6035E-15,2.3089E-15,3.9545E-15,6.3259E-15,7.7077E-15,1.8712E-14,1.9391E-14,3.9537E-14,5.9108E-14,6.565E-14,1.0282E-13,1.3259E-13,1.3316E-13,1.5225E-13,1.0699E-12,7.056E-12,1.0932E-11,1.1079E-11,1.1095E-11,1.7808E-11,3.8301E-11,4.2829E-11,4.6183E-11,1.5132E-10,1.7305E-10,1.8594E-10,5.9621E-10,0.0000000014929,0.0000000026045,0.0000000037555,0.0000000058193,0.000000028,0.000000047912,0.000000051073,0.00000010467,0.00000023014,0.00000032662,0.00000032705,0.00000053463,0.00000070226,0.000000846,0.0000010706,0.0000013042,0.0000017134,0.0000019227,0.0000026802,0.000004753,0.0000061048,0.0000090416,0.000019479,0.000021014,0.000028058,0.00003322,0.000054215,0.00012364,0.00015375,0.00027746,0.00043867,0.00056022,0.00085287,0.0009014,0.00094873,0.0012259,0.0014132,0.0014174,0.0015925,0.0017381,0.0020145,0.0020394,0.0020503,0.0021128,0.0022933,0.0026244,0.0028138,0.0038575,0.0038597,0.0055796,0.0056063,0.0060562,0.0063645,0.0065706,0.007284,0.0080985,0.011246,0.011775,0.013632,0.025049,0.029876,0.031669,0.0449,0.04676,0.048899,0.06802,0.071178,0.081271,0.085679,0.087242,0.090315,0.11242,0.13936,0.14238,0.15044,0.16556,0.21789,0.22042,0.22451,0.33796,0.42822,0.46893,0.48657,0.5363,0.56085,0.57276,0.6176,0.70192,0.74594,0.75478,0.76371,0.76506,0.78448,0.92384,0.94203,0.94573,0.95413,0.97409,0.9819,0.99718,0.99817,0.99919,0.99953,1,0.99889,0.99763,0.99627,0.98943,0.98609,0.97316,0.9691,0.95483,0.95089,0.94474,0.94443,0.93965,0.92513,0.89057,0.88983,0.85703,0.83829,0.82134,0.72085,0.68689,0.6835,0.59714,0.57711,0.57494,0.53101,0.52992,0.49391,0.44678,0.38558,0.37599,0.3536,0.31122,0.29386,0.2788,0.2632,0.22059,0.20047,0.20027,0.19041,0.17618,0.174,0.15579,0.1491,0.1433,0.12842,0.12465,0.11747,0.11002,0.096956,0.086448,0.056815,0.054091,0.051202,0.046497,0.040819,0.040176,0.03296,0.032587,0.030721,0.028567,0.025781,0.0067377,0.0060613,0.0057668,0.0052622,0.005081,0.0045661,0.0030689,0.0029054,0.0026374,0.0023597,0.0021917,0.0015439,0.001499,0.001083,0.00073669,0.00052494,0.00050976,0.00034703,0.00024539,0.00024031,0.00020612,0.00014944,0.00014836,0.00014599,0.000097762,0.000094069,0.000074312,0.000066105,0.000050719,0.000047163,0.000033117,0.000031062,0.000021446,0.000019403
1,2.1539E-19,2.63E-19,2.9376E-19,4.2961E-19,6.947E-19,7.025E-19,7.9758E-19,1.3279E-18,3.831E-18,4.6577E-18,5.0323E-18,5.0461E-18,6.826E-18,1.1622E-17,1.2459E-17,1.7885E-17,5.3715E-17,1.538E-16,1.7665E-16,3.3604E-16,4.844E-16,6.488E-16,7.2069E-16,1.0603E-15,1.0854E-15,1.5662E-15,2.6908E-15,4.3161E-15,5.265E-15,1.2849E-14,1.3318E-14,2.727E-14,4.0868E-14,4.5419E-14,7.1327E-14,9.2126E-14,9.2526E-14,1.0587E-13,7.5314E-13,5.0277E-12,7.8118E-12,7.918E-12,7.9296E-12,1.2767E-11,2.7601E-11,3.0888E-11,3.3324E-11,1.1009E-10,1.2602E-10,1.3547E-10,4.3801E-10,0.0000000011042,0.0000000019343,0.0000000027968,0.0000000043483,0.000000021188,0.0000000364,0.000000038822,0.00000008,0.00000017714,0.00000025216,0.00000025249,0.00000041452,0.00000054581,0.00000065857,0.00000083525,0.0000010193,0.0000013424,0.0000015079,0.0000021085,0.0000037594,0.0000048403,0.0000071961,0.000015622,0.000016866,0.000022586,0.000026788,0.000043944,0.00010111,0.00012605,0.00022901,0.00036405,0.00046629,0.00071357,0.0007547,0.00079484,0.0010304,0.00119,0.0011936,0.0013431,0.0014676,0.0017044,0.0017256,0.0017351,0.0017886,0.0019436,0.0022283,0.0023913,0.0032928,0.0032948,0.0047882,0.0048114,0.0052035,0.0054724,0.0056523,0.0062756,0.0069886,0.0097537,0.01022,0.01186,0.022015,0.026338,0.027948,0.039881,0.041565,0.043503,0.06091,0.063796,0.073044,0.077092,0.078528,0.081355,0.10176,0.12676,0.12958,0.1371,0.15123,0.20045,0.20285,0.20671,0.31494,0.40227,0.44201,0.45929,0.50824,0.53253,0.54435,0.58901,0.67388,0.7187,0.72774,0.73691,0.7383,0.75829,0.90566,0.92578,0.92992,0.93941,0.96256,0.97201,0.99254,0.99423,0.99619,0.99699,0.99889,1,0.99976,0.99923,0.99514,0.9928,0.98282,0.97953,0.96754,0.96415,0.95881,0.95854,0.95435,0.94145,0.91,0.90932,0.87879,0.86114,0.84505,0.74805,0.71474,0.7114,0.62573,0.60568,0.6035,0.55932,0.55822,0.52178,0.4738,0.41105,0.40117,0.37805,0.33409,0.31601,0.30029,0.28395,0.23917,0.21791,0.2177,0.20725,0.19215,0.18982,0.17042,0.16328,0.15708,0.14113,0.13709,0.12937,0.12134,0.10723,0.095846,0.063535,0.060547,0.057374,0.052199,0.045937,0.045226,0.037238,0.036824,0.034752,0.032358,0.029255,0.0078121,0.0070389,0.0067018,0.0061235,0.0059157,0.0053244,0.0035987,0.0034096,0.0030992,0.0027771,0.0025819,0.0018273,0.0017748,0.0012877,0.00088015,0.00062978,0.00061179,0.0004184,0.00029706,0.00029099,0.00025002,0.00018193,0.00018063,0.00017778,0.00011958,0.00011511,0.000091169,0.000081203,0.000062479,0.000058143,0.000040978,0.000038461,0.000026655,0.00002414
1,1.7592E-19,2.149E-19,2.4009E-19,3.5144E-19,5.6894E-19,5.7535E-19,6.5342E-19,1.0892E-18,3.1505E-18,3.8322E-18,4.1411E-18,4.1525E-18,5.6213E-18,9.5837E-18,1.0275E-17,1.4764E-17,4.4463E-17,1.2765E-16,1.4666E-16,2.7947E-16,4.0323E-16,5.4049E-16,6.0054E-16,8.8442E-16,9.0542E-16,1.3078E-15,2.25E-15,3.6137E-15,4.4104E-15,1.079E-14,1.1185E-14,2.2946E-14,3.4427E-14,3.8272E-14,6.0179E-14,7.7783E-14,7.8122E-14,8.9423E-14,6.3973E-13,4.2947E-12,6.6819E-12,6.773E-12,6.783E-12,1.0937E-11,2.3701E-11,2.6533E-11,2.8633E-11,9.4951E-11,1.0873E-10,1.1692E-10,3.7949E-10,0.000000001,0.0000000016843,0.0000000024384,0.0000000037969,0.000000018607,0.000000032,0.000000034169,0.000000070636,0.00000015682,0.00000022354,0.00000022384,0.0000003682,0.00000048536,0.00000058608,0.000000744,0.00000090871,0.0000011982,0.0000013466,0.0000018856,0.0000033703,0.0000043441,0.0000064699,0.000014095,0.000015223,0.000020413,0.000024231,0.000039844,0.000092061,0.00011489,0.0002094,0.0003337,0.000428,0.00065656,0.00069462,0.00073179,0.00095012,0.0010982,0.0011016,0.0012404,0.0013561,0.0015763,0.0015961,0.0016049,0.0016547,0.001799,0.0020643,0.0022163,0.003058,0.0030598,0.0044577,0.0044794,0.004847,0.0050992,0.005268,0.0058531,0.0065229,0.0091252,0.0095648,0.011111,0.020722,0.024828,0.026358,0.037724,0.039331,0.041181,0.057833,0.0606,0.069472,0.073361,0.07474,0.077457,0.097101,0.12124,0.12396,0.13123,0.14492,0.19272,0.19505,0.19881,0.30459,0.39051,0.42975,0.44686,0.49539,0.51953,0.53128,0.5758,0.66079,0.7059,0.71503,0.72429,0.72569,0.74591,0.89669,0.91766,0.922,0.93197,0.95655,0.96674,0.98966,0.99166,0.99406,0.99506,0.99763,0.99976,1,0.99985,0.99705,0.99517,0.98659,0.98365,0.97274,0.96962,0.96466,0.96441,0.9605,0.94838,0.91845,0.91779,0.88838,0.87126,0.85561,0.7604,0.72746,0.72415,0.63893,0.61891,0.61673,0.57249,0.57138,0.53479,0.48649,0.42308,0.41308,0.38964,0.34497,0.32657,0.31055,0.29388,0.2481,0.22631,0.2261,0.21537,0.19986,0.19747,0.17752,0.17016,0.16377,0.14732,0.14314,0.13517,0.12687,0.11226,0.10046,0.066858,0.063742,0.060431,0.055027,0.048481,0.047737,0.039372,0.038937,0.036764,0.034252,0.030993,0.0083593,0.0075375,0.0071789,0.0065635,0.0063423,0.0057124,0.003871,0.0036688,0.0033369,0.0029921,0.0027831,0.001974,0.0019176,0.001394,0.00095496,0.00068463,0.00066518,0.00045588,0.00032428,0.00031768,0.00027318,0.00019912,0.00019771,0.0001946,0.00013116,0.00012629,0.00010014,0.000089244,0.000068756,0.000064007,0.000045189,0.000042426,0.000029455,0.000026688
1,1.4952E-19,1.8272E-19,2.0418E-19,2.991E-19,4.8465E-19,4.9011E-19,5.5675E-19,9.2901E-19,2.6925E-18,3.2764E-18,3.5411E-18,3.5509E-18,4.8097E-18,8.2085E-18,8.8022E-18,1.2656E-17,3.82E-17,1.099E-16,1.2631E-16,2.41E-16,3.48E-16,4.6673E-16,5.1871E-16,7.6453E-16,7.8272E-16,1.1314E-15,1.9488E-15,3.1331E-15,3.8256E-15,9.3769E-15,9.7209E-15,1.9975E-14,2.9996E-14,3.3354E-14,5.2499E-14,6.7896E-14,6.8192E-14,7.808E-14,5.6111E-13,3.784E-12,5.8936E-12,5.9742E-12,5.983E-12,9.6584E-12,2.0971E-11,2.3483E-11,2.5346E-11,8.4307E-11,9.6578E-11,1.0387E-10,3.3817E-10,8.5727E-10,0.000000001507,0.0000000021839,0.0000000034048,0.000000016762,0.0000000289,0.000000030836,0.000000063885,0.00000014218,0.0000002029,0.00000020317,0.00000033474,0.00000044164,0.00000053361,0.000000678,0.00000082855,0.0000010935,0.0000012294,0.0000017235,0.0000030868,0.0000039821,0.0000059391,0.000012976,0.000014018,0.000018818,0.000022352,0.000036824,0.000085366,0.00010663,0.00019483,0.00031111,0.00039947,0.00061397,0.00064973,0.00068466,0.00089,0.0010294,0.0010326,0.0011634,0.0012724,0.0014801,0.0014988,0.0015071,0.0015541,0.0016903,0.0019409,0.0020846,0.002881,0.0028827,0.0042079,0.0042286,0.0045774,0.0048169,0.0049772,0.0055332,0.0061701,0.0086479,0.0090669,0.010542,0.019735,0.023672,0.025141,0.036068,0.037614,0.039397,0.055461,0.058134,0.066714,0.070477,0.071812,0.074444,0.09349,0.11694,0.11959,0.12667,0.14001,0.18667,0.18895,0.19263,0.29645,0.3812,0.42004,0.43698,0.48516,0.50916,0.52086,0.56524,0.65026,0.69557,0.70476,0.71408,0.71549,0.73588,0.88927,0.9109,0.91539,0.92573,0.95143,0.96221,0.98702,0.98927,0.99201,0.99318,0.99627,0.99923,0.99985,1,0.99824,0.99673,0.98927,0.98663,0.9766,0.97369,0.96905,0.96881,0.96513,0.95365,0.92495,0.92432,0.89583,0.87916,0.86387,0.77019,0.73756,0.73428,0.64949,0.6295,0.62732,0.58306,0.58196,0.54527,0.49673,0.43282,0.42272,0.39904,0.35383,0.33517,0.31891,0.30199,0.25541,0.23319,0.23298,0.22204,0.2062,0.20376,0.18335,0.17582,0.16928,0.15242,0.14814,0.13996,0.13144,0.11642,0.10428,0.069621,0.0664,0.062976,0.057384,0.050604,0.049833,0.041155,0.040704,0.038448,0.035838,0.03245,0.0088224,0.0079596,0.007583,0.0069365,0.0067039,0.0060416,0.0041025,0.0038894,0.0035392,0.0031754,0.0029547,0.0020993,0.0020396,0.001485,0.0010191,0.00073176,0.00071106,0.00048816,0.00034776,0.00034072,0.00029318,0.00021398,0.00021247,0.00020914,0.0001412,0.00013597,0.00010792,0.000096226,0.000074213,0.000069107,0.000048856,0.000045881,0.000031898,0.000028913
1,8.5859E-20,1.0506E-19,1.1748E-19,1.7252E-19,2.8041E-19,2.836E-19,3.2242E-19,5.3979E-19,1.5754E-18,1.9195E-18,2.0757E-18,2.0814E-18,2.825E-18,4.8386E-18,5.191E-18,7.482E-18,2.2753E-17,6.5938E-17,7.5856E-17,1.4539E-16,2.1047E-16,2.8287E-16,3.1461E-16,4.6498E-16,4.7613E-16,6.9005E-16,1.1932E-15,1.925E-15,2.3538E-15,5.8076E-15,6.0223E-15,1.2441E-14,1.874E-14,2.0855E-14,3.2938E-14,4.2681E-14,4.2868E-14,4.9135E-14,3.5856E-13,2.4554E-12,3.8383E-12,3.8912E-12,3.897E-12,6.316E-12,1.3803E-11,1.5471E-11,1.671E-11,5.616E-11,6.441E-11,6.9316E-11,2.2805E-10,5.8303E-10,0.000000001,0.0000000014983,0.0000000023457,0.000000011728,0.000000020331,0.000000021707,0.000000045308,0.00000010168,0.00000014566,0.00000014585,0.0000002416,0.00000031972,0.00000038711,0.00000049314,0.000000604,0.00000079968,0.00000090028,0.000001267,0.0000022846,0.0000029562,0.0000044302,0.0000097725,0.000010568,0.000014239,0.000016951,0.000028107,0.000065899,0.00008257,0.00015215,0.00024462,0.00031527,0.00048774,0.0005166,0.00054482,0.00071114,0.00082445,0.00082704,0.00093356,0.0010226,0.0011924,0.0012077,0.0012145,0.001253,0.0013648,0.0015707,0.001689,0.0023472,0.0023487,0.0034513,0.0034686,0.0037601,0.0039605,0.0040948,0.004561,0.0050962,0.0071887,0.0075439,0.0087969,0.01668,0.020086,0.02136,0.030893,0.03225,0.033814,0.047994,0.050366,0.058001,0.061359,0.062552,0.064904,0.082007,0.10322,0.10563,0.11207,0.12423,0.16713,0.16924,0.17264,0.26975,0.35041,0.38775,0.40412,0.45092,0.47438,0.48584,0.52956,0.61431,0.66009,0.66942,0.67892,0.68035,0.7012,0.86252,0.88626,0.89124,0.90279,0.93212,0.94481,0.97587,0.97895,0.98284,0.98457,0.98943,0.99514,0.99705,0.99824,1,0.99977,0.99618,0.99453,0.98756,0.98539,0.98185,0.98167,0.9788,0.96955,0.94524,0.94469,0.91951,0.90446,0.8905,0.80254,0.77118,0.76801,0.68512,0.66534,0.66318,0.61907,0.61796,0.5811,0.53194,0.46658,0.45618,0.43173,0.38477,0.36528,0.34825,0.33047,0.28124,0.25761,0.25738,0.2457,0.22875,0.22613,0.20419,0.19607,0.189,0.17073,0.16608,0.15717,0.14788,0.13145,0.1181,0.07971,0.076115,0.072287,0.066022,0.058401,0.057533,0.047732,0.047221,0.044663,0.041699,0.037842,0.010572,0.0095569,0.0091131,0.0083502,0.0080754,0.0072917,0.0049865,0.0047319,0.0043132,0.0038771,0.0036122,0.0025815,0.0025093,0.0018367,0.0012682,0.0009154,0.00088991,0.00061449,0.00043999,0.00043122,0.00037188,0.00027267,0.00027077,0.00026659,0.000181,0.00017439,0.00013886,0.00012401,0.000095981,0.000089464,0.000063543,0.000059723,0.000041721,0.000037865
1,7.0127E-20,8.585E-20,9.6027E-20,1.4113E-19,2.2966E-19,2.3228E-19,2.6415E-19,4.4277E-19,1.2956E-18,1.5793E-18,1.7081E-18,1.7128E-18,2.3264E-18,3.9898E-18,4.2811E-18,6.176E-18,1.8832E-17,5.4721E-17,6.2973E-17,1.2089E-16,1.7518E-16,2.3562E-16,2.6212E-16,3.8779E-16,3.9711E-16,5.7608E-16,9.9759E-16,1.6113E-15,1.9714E-15,4.8756E-15,5.0563E-15,1.0466E-14,1.5782E-14,1.7568E-14,2.7782E-14,3.6025E-14,3.6184E-14,4.149E-14,3.0445E-13,2.0966E-12,3.2817E-12,3.3271E-12,3.3321E-12,5.4082E-12,1.1847E-11,1.3284E-11,1.435E-11,4.8411E-11,5.5548E-11,5.9792E-11,1.9747E-10,5.064E-10,8.9653E-10,0.0000000013054,0.000000002,0.000000010292,0.000000017877,0.000000019092,0.00000004,0.000000089946,0.000000129,0.00000012919,0.00000021442,0.00000028407,0.00000034421,0.00000043891,0.000000538,0.00000071313,0.00000080322,0.000001132,0.0000020462,0.0000026506,0.0000039793,0.0000088084,0.0000095284,0.000012857,0.000015317,0.000025458,0.000059933,0.000075178,0.00013896,0.00022397,0.00028904,0.00044823,0.0004749,0.00050098,0.00065491,0.00075989,0.0007623,0.00086108,0.00094367,0.0011014,0.0011156,0.0011219,0.0011577,0.0012616,0.0014532,0.0015633,0.002177,0.0021783,0.0032088,0.0032249,0.0034978,0.0036854,0.0038112,0.0042481,0.0047501,0.006716,0.0070502,0.00823,0.015678,0.018906,0.020115,0.029178,0.03047,0.03196,0.045499,0.047768,0.055077,0.058296,0.05944,0.061696,0.078125,0.098563,0.10088,0.1071,0.11885,0.16041,0.16246,0.16576,0.26043,0.33955,0.37632,0.39246,0.4387,0.46193,0.4733,0.51671,0.60123,0.64708,0.65645,0.66599,0.66744,0.68841,0.85226,0.87671,0.88186,0.89382,0.92439,0.93775,0.971,0.97438,0.97868,0.9806,0.98609,0.9928,0.99517,0.99673,0.99977,1,0.99783,0.99655,0.99071,0.98882,0.98569,0.98552,0.98295,0.97453,0.95188,0.95136,0.92746,0.91304,0.8996,0.81392,0.78308,0.77996,0.69794,0.67827,0.67612,0.63214,0.63104,0.59417,0.54486,0.47906,0.46857,0.44387,0.39632,0.37655,0.35926,0.34117,0.29101,0.26687,0.26663,0.25469,0.23733,0.23465,0.21214,0.20381,0.19654,0.17776,0.17297,0.1638,0.15422,0.13726,0.12346,0.083654,0.079916,0.075935,0.069412,0.061468,0.060562,0.050329,0.049795,0.04712,0.044019,0.039981,0.01128,0.010204,0.0097339,0.0089244,0.0086328,0.0078005,0.0053482,0.0050769,0.0046304,0.0041652,0.0038823,0.0027805,0.0027032,0.0019824,0.0013719,0.0009921,0.00096464,0.0006675,0.00047883,0.00046933,0.00040508,0.00029751,0.00029545,0.00029091,0.00019792,0.00019072,0.00015205,0.00013586,0.00010529,0.000098176,0.000069849,0.00006567,0.000045955,0.000041727
1,3.7685E-20,4.6199E-20,5.1717E-20,7.6217E-20,1.2445E-19,1.2588E-19,1.4329E-19,2.4107E-19,7.1085E-19,8.6777E-19,9.3906E-19,9.417E-19,1.2819E-18,2.2072E-18,2.3695E-18,3.4276E-18,1.0539E-17,3.0871E-17,3.5565E-17,6.8618E-17,9.9716E-17,1.3443E-16,1.4967E-16,2.2211E-16,2.2749E-16,3.3098E-16,5.7563E-16,9.3334E-16,1.1437E-15,2.8494E-15,2.9559E-15,6.1548E-15,9.3125E-15,1.0376E-14,1.647E-14,2.1404E-14,2.1499E-14,2.468E-14,1.8421E-13,1.2903E-12,2.0279E-12,2.0562E-12,2.0593E-12,3.3571E-12,7.4075E-12,8.3145E-12,8.9885E-12,3.0673E-11,3.5241E-11,3.7961E-11,1.2683E-10,3.2833E-10,5.8465E-10,8.5459E-10,0.0000000013463,0.0000000068861,0.000000012,0.000000012861,0.000000027139,0.000000061662,0.000000088821,0.000000088943,0.0000001485,0.0000001974,0.00000023974,0.00000030661,0.00000037679,0.00000050114,0.00000056529,0.00000080009,0.0000014572,0.000001894,0.0000028585,0.0000063955,0.0000069257,0.0000093835,0.000011206,0.00001876,0.000044722,0.00005629,0.00010504,0.00017058,0.00022105,0.00034528,0.00036619,0.00038665,0.00050775,0.00059067,0.00059257,0.00067078,0.00073631,0.00086175,0.00087307,0.00087809,0.00090663,0.00098949,0.0011427,0.0012309,0.0017247,0.0017257,0.002561,0.0025741,0.0027964,0.0029494,0.0030521,0.0034094,0.0038208,0.0054405,0.005717,0.0066956,0.012937,0.015669,0.016695,0.024436,0.025545,0.026827,0.03854,0.040514,0.046894,0.049712,0.050715,0.052695,0.067178,0.085342,0.087415,0.092971,0.10351,0.14111,0.14297,0.14598,0.23324,0.30754,0.34245,0.35786,0.40224,0.42469,0.4357,0.47799,0.56134,0.60718,0.6166,0.62621,0.62767,0.6489,0.81931,0.84573,0.85135,0.86446,0.8986,0.91387,0.95353,0.95777,0.96329,0.96579,0.97316,0.98282,0.98659,0.98927,0.99618,0.99783,1,0.99985,0.9975,0.99647,0.99462,0.99452,0.99288,0.98709,0.96968,0.96926,0.94942,0.93703,0.92527,0.84723,0.81824,0.81528,0.73645,0.71726,0.71515,0.67186,0.67077,0.63412,0.58463,0.51781,0.50707,0.48171,0.43256,0.41199,0.39392,0.37497,0.32205,0.29639,0.29614,0.2834,0.26482,0.26194,0.23773,0.22873,0.22087,0.20048,0.19527,0.18527,0.17479,0.15618,0.14097,0.096671,0.092475,0.087999,0.080648,0.071664,0.070637,0.059,0.058391,0.055336,0.051787,0.047155,0.013711,0.012431,0.01187,0.010903,0.010554,0.0095575,0.0066043,0.0062759,0.0057346,0.0051694,0.0048251,0.0034783,0.0033834,0.0024959,0.0017389,0.0012649,0.0012305,0.00085693,0.00061821,0.00060615,0.00052446,0.00038716,0.00038452,0.00037871,0.00025925,0.00024998,0.0002,0.00017903,0.00013929,0.00013002,0.000092986,0.000087504,0.00006156,0.000055976
1,3.2009E-20,3.9256E-20,4.3953E-20,6.4822E-20,1.0594E-19,1.0716E-19,1.2201E-19,2.0546E-19,6.0708E-19,7.4138E-19,8.0241E-19,8.0467E-19,1.096E-18,1.8891E-18,2.0283E-18,2.9361E-18,9.0473E-18,2.6558E-17,3.0604E-17,5.9124E-17,8.5983E-17,1.1598E-16,1.2916E-16,1.9183E-16,1.9649E-16,2.8609E-16,4.9813E-16,8.0849E-16,9.9115E-16,2.474E-15,2.5666E-15,5.3526E-15,8.1059E-15,9.0334E-15,1.4354E-14,1.8664E-14,1.8747E-14,2.1527E-14,1.614E-13,1.1356E-12,1.7866E-12,1.8116E-12,1.8143E-12,2.9612E-12,6.5462E-12,7.3498E-12,7.9471E-12,2.7201E-11,3.1263E-11,3.3682E-11,1.1288E-10,2.9292E-10,5.224E-10,7.6436E-10,0.0000000012056,0.0000000061944,0.000000010842,0.00000001159,0.000000024509,0.000000055822,0.000000080497,0.000000080607,0.0000001348,0.00000017934,0.00000021794,0.00000027893,0.000000343,0.00000045663,0.00000051527,0.00000073012,0.0000013324,0.0000017333,0.0000026196,0.0000058774,0.0000063664,0.0000086351,0.000010319,0.000017308,0.000041395,0.000052148,0.000097548,0.00015873,0.00020592,0.00032226,0.00034186,0.00036105,0.0004747,0.00055259,0.00055438,0.0006279,0.00068953,0.00080758,0.00081824,0.00082296,0.00084983,0.00092788,0.0010723,0.0011555,0.0016215,0.0016225,0.0024126,0.002425,0.0026355,0.0027804,0.0028777,0.0032164,0.0036066,0.0051451,0.005408,0.0063391,0.012294,0.014907,0.015889,0.023311,0.024376,0.025607,0.036875,0.038778,0.044929,0.047649,0.048617,0.050528,0.06453,0.082127,0.084137,0.089528,0.099766,0.13635,0.13817,0.1411,0.22645,0.29945,0.33387,0.34907,0.39293,0.41515,0.42606,0.46801,0.55096,0.59672,0.60614,0.61576,0.61722,0.63848,0.81032,0.83721,0.84293,0.85633,0.89133,0.90707,0.94833,0.95279,0.95861,0.96126,0.9691,0.97953,0.98365,0.98663,0.99453,0.99655,0.99985,1,0.99857,0.99777,0.99625,0.99617,0.99478,0.98969,0.97369,0.9733,0.95457,0.94274,0.93144,0.85556,0.8271,0.82419,0.74634,0.72731,0.72522,0.68218,0.68109,0.64455,0.59508,0.52808,0.51729,0.49178,0.44226,0.42149,0.40324,0.38408,0.33047,0.30443,0.30417,0.29122,0.27233,0.2694,0.24474,0.23557,0.22755,0.20675,0.20142,0.1912,0.18049,0.16143,0.14584,0.10033,0.096007,0.091395,0.083817,0.074547,0.073487,0.061461,0.060832,0.057671,0.053998,0.049201,0.014419,0.013081,0.012494,0.011482,0.011116,0.010072,0.0069742,0.0066292,0.0060604,0.0054661,0.0051039,0.0036855,0.0035855,0.002649,0.0018489,0.0013469,0.0013104,0.00091417,0.00066048,0.00064765,0.00056073,0.00041448,0.00041167,0.00040548,0.00027803,0.00026813,0.00021472,0.00019229,0.00014977,0.00013984,0.00010014,0.000094261,0.000066407,0.000060405
1,1.925E-20,2.3635E-20,2.6481E-20,3.9139E-20,6.4147E-20,6.4888E-20,7.3934E-20,1.2488E-19,3.7132E-19,4.5399E-19,4.9159E-19,4.9298E-19,6.727E-19,1.1632E-18,1.2494E-18,1.8126E-18,5.6232E-18,1.6615E-17,1.9163E-17,3.7172E-17,5.4185E-17,7.3226E-17,8.1603E-17,1.215E-16,1.2446E-16,1.8165E-16,3.174E-16,5.1675E-16,6.3434E-16,1.5928E-15,1.6528E-15,3.4635E-15,5.2596E-15,5.8656E-15,9.3493E-15,1.2178E-14,1.2233E-14,1.406E-14,1.0688E-13,7.6246E-13,1.2035E-12,1.2205E-12,1.2223E-12,2.0021E-12,4.4521E-12,5.003E-12,5.4127E-12,1.87E-11,2.1515E-11,2.3194E-11,7.8467E-11,2.0518E-10,3.6764E-10,5.3961E-10,8.5433E-10,0.0000000044512,0.0000000078295,0.0000000083741,0.000000017828,0.000000040912,0.000000059198,0.00000005928,0.000000099614,0.00000013289,0.0000001618,0.00000020758,0.00000025578,0.00000034147,0.00000038579,0.00000054855,0.0000010072,0.0000013138,0.0000019943,0.0000045133,0.0000048931,0.000006659,0.0000079735,0.000013452,0.000032501,0.000041058,0.000077394,0.00012671,0.00016493,0.00025965,0.00027565,0.00029134,0.00038448,0.0004485,0.00044997,0.00051052,0.00056136,0.00065894,0.00066776,0.00067167,0.00069392,0.0007586,0.00087847,0.00094766,0.0013366,0.0013374,0.0020006,0.0020111,0.0021884,0.0023107,0.0023929,0.0026791,0.0030097,0.0043183,0.0045427,0.005339,0.010475,0.012745,0.013601,0.020101,0.021037,0.022121,0.032092,0.033783,0.039265,0.041695,0.042561,0.044271,0.056849,0.072761,0.074585,0.079483,0.088809,0.12236,0.12403,0.12674,0.2062,0.27518,0.30798,0.32253,0.36469,0.38616,0.39673,0.43752,0.51894,0.56433,0.57371,0.58331,0.58477,0.60605,0.78156,0.80976,0.8158,0.82999,0.8675,0.88461,0.9306,0.93572,0.94246,0.94556,0.95483,0.96754,0.97274,0.9766,0.98756,0.99071,0.9975,0.99857,1,0.99991,0.99945,0.99942,0.99881,0.99592,0.98439,0.98409,0.96889,0.95885,0.94906,0.88026,0.8536,0.85086,0.77641,0.75795,0.75592,0.71384,0.71277,0.67673,0.62753,0.56019,0.54928,0.52341,0.47287,0.45157,0.43278,0.41301,0.35735,0.33015,0.32988,0.31631,0.29645,0.29337,0.26735,0.25764,0.24915,0.22703,0.22136,0.21045,0.19899,0.17855,0.16176,0.11237,0.10765,0.1026,0.09429,0.084095,0.082927,0.069643,0.068945,0.065442,0.061364,0.056027,0.016827,0.015292,0.014618,0.013454,0.013034,0.01183,0.0082436,0.0078426,0.0071805,0.0064875,0.0060644,0.0044023,0.0042848,0.0031807,0.0022323,0.0016339,0.0015903,0.0011152,0.00080944,0.00079394,0.00068876,0.00051123,0.00050781,0.00050027,0.00034477,0.00033265,0.00026717,0.0002396,0.00018722,0.00017496,0.00012582,0.00011852,0.000083856,0.000076366
1,1.6954E-20,2.0822E-20,2.3332E-20,3.4505E-20,5.6591E-20,5.7246E-20,6.5238E-20,1.1027E-19,3.284E-19,4.0164E-19,4.3495E-19,4.3618E-19,5.9546E-19,1.0305E-18,1.107E-18,1.6068E-18,4.9932E-18,1.4778E-17,1.7048E-17,3.3102E-17,4.828E-17,6.5276E-17,7.2756E-17,1.0839E-16,1.1104E-16,1.6216E-16,2.8359E-16,4.6207E-16,5.6739E-16,1.4268E-15,1.4806E-15,3.1065E-15,4.7206E-15,5.2655E-15,8.3992E-15,1.0945E-14,1.0994E-14,1.264E-14,9.6411E-14,6.9018E-13,1.0903E-12,1.1057E-12,1.1074E-12,1.8155E-12,4.043E-12,4.5442E-12,4.9171E-12,1.7027E-11,1.9596E-11,2.1127E-11,7.1644E-11,1.8769E-10,3.367E-10,4.9459E-10,7.8379E-10,0.0000000040979,0.0000000072169,0.0000000077199,0.000000016463,0.00000003785,0.000000054814,0.00000005489,0.000000092348,0.00000012328,0.00000015017,0.00000019278,0.00000023766,0.00000031749,0.00000035881,0.00000051063,0.000000939,0.0000012257,0.0000018625,0.0000042242,0.0000045807,0.0000062391,0.0000074744,0.000012628,0.000030589,0.000038669,0.000073029,0.00011975,0.000156,0.00024594,0.00026116,0.00027607,0.00036466,0.0004256,0.000427,0.00048467,0.00053312,0.00062613,0.00063454,0.00063827,0.00065948,0.00072118,0.00083557,0.00090162,0.0012732,0.001274,0.0019086,0.0019187,0.0020885,0.0022057,0.0022844,0.0025589,0.0028758,0.0041322,0.0043479,0.0051134,0.010061,0.012252,0.013079,0.019364,0.020271,0.021321,0.030988,0.032629,0.037953,0.040314,0.041156,0.042819,0.055059,0.070569,0.072348,0.077129,0.086236,0.11905,0.12069,0.12334,0.20136,0.26933,0.30172,0.3161,0.35783,0.37909,0.38957,0.43005,0.51104,0.55629,0.56566,0.57525,0.57671,0.59797,0.77421,0.80271,0.80882,0.82319,0.86128,0.87872,0.92583,0.93111,0.93807,0.94127,0.95089,0.96415,0.96962,0.97369,0.98539,0.98882,0.99647,0.99777,0.99991,1,0.9998,0.99978,0.99937,0.99703,0.98663,0.98635,0.97205,0.96247,0.95307,0.88612,0.85995,0.85725,0.78374,0.76544,0.76342,0.72163,0.72056,0.68468,0.6356,0.56824,0.5573,0.53136,0.4806,0.45917,0.44027,0.42035,0.36422,0.33673,0.33646,0.32274,0.30265,0.29953,0.27318,0.26333,0.25472,0.23228,0.22652,0.21544,0.2038,0.183,0.16591,0.11553,0.11071,0.10555,0.097051,0.086618,0.085422,0.071811,0.071096,0.067504,0.06332,0.057842,0.017478,0.015891,0.015193,0.013989,0.013554,0.012308,0.0085901,0.008174,0.0074868,0.0067671,0.0063276,0.0045994,0.0044771,0.0033274,0.0023385,0.0017136,0.0016681,0.0011712,0.00085109,0.00083485,0.00072461,0.0005384,0.00053481,0.0005269,0.00036357,0.00035083,0.00028197,0.00025297,0.00019782,0.00018491,0.00013311,0.00012541,0.000088831,0.000080919
1,1.4029E-20,1.7238E-20,1.9321E-20,2.8596E-20,4.6948E-20,4.7492E-20,5.4138E-20,9.1613E-20,2.7347E-19,3.3459E-19,3.6241E-19,3.6344E-19,4.9649E-19,8.6019E-19,9.2423E-19,1.3426E-18,4.1827E-18,1.2409E-17,1.432E-17,2.7847E-17,4.065E-17,5.4999E-17,6.1316E-17,9.1431E-17,9.3673E-17,1.3692E-16,2.3976E-16,3.9109E-16,4.8047E-16,1.2108E-15,1.2567E-15,2.6413E-15,4.0178E-15,4.4828E-15,7.1589E-15,9.3351E-15,9.3771E-15,1.0784E-14,8.2679E-14,5.9492E-13,9.4095E-13,9.5427E-13,9.5572E-13,1.5689E-12,3.5015E-12,3.9369E-12,4.2609E-12,1.4806E-11,1.7046E-11,1.8382E-11,6.2554E-11,1.6434E-10,2.9533E-10,4.3432E-10,6.8924E-10,0.0000000036222,0.0000000063908,0.0000000068377,0.000000014618,0.000000033702,0.000000048868,0.000000048936,0.00000008248,0.00000011022,0.00000013435,0.00000017262,0.000000213,0.00000028481,0.000000322,0.00000045887,0.00000084574,0.0000011051,0.0000016819,0.0000038268,0.0000041511,0.000005661,0.0000067868,0.000011491,0.00002794,0.000035356,0.000066964,0.00011005,0.00014355,0.00022681,0.00024091,0.00025473,0.00033694,0.00039355,0.00039485,0.00044847,0.00049353,0.00058012,0.00058795,0.00059142,0.00061119,0.00066867,0.00077533,0.00083696,0.0011841,0.0011849,0.001779,0.0017884,0.0019477,0.0020576,0.0021314,0.002389,0.0026868,0.0038688,0.0040719,0.0047936,0.009472,0.01155,0.012335,0.018312,0.019176,0.020176,0.029404,0.030974,0.03607,0.038332,0.039138,0.040733,0.052483,0.067407,0.069122,0.07373,0.082517,0.11426,0.11585,0.11842,0.1943,0.26077,0.29255,0.30668,0.34773,0.3687,0.37904,0.41903,0.49934,0.54437,0.55371,0.56327,0.56473,0.58595,0.76316,0.79208,0.79829,0.81292,0.85184,0.86974,0.91848,0.92398,0.93126,0.93462,0.94474,0.95881,0.96466,0.96905,0.98185,0.98569,0.99462,0.99625,0.99945,0.9998,1,1,0.99988,0.99836,0.98965,0.9894,0.97646,0.96757,0.95876,0.89463,0.86919,0.86657,0.7945,0.77646,0.77447,0.73313,0.73208,0.69646,0.64758,0.58022,0.56927,0.54323,0.49218,0.47058,0.4515,0.43138,0.37455,0.34665,0.34638,0.33244,0.312,0.30883,0.28199,0.27195,0.26316,0.24023,0.23434,0.22301,0.21109,0.18978,0.17223,0.12036,0.11538,0.11006,0.10128,0.090482,0.089244,0.075139,0.074397,0.070669,0.066326,0.060633,0.018489,0.01682,0.016087,0.014821,0.014363,0.01305,0.0091299,0.0086904,0.0079642,0.0072032,0.0067382,0.0049075,0.0047777,0.0035572,0.002505,0.0018389,0.0017902,0.0012595,0.00091676,0.00089936,0.00078119,0.00058132,0.00057746,0.00056897,0.00039333,0.00037962,0.00030544,0.00027417,0.00021465,0.00020071,0.00014471,0.00013638,0.000096752,0.000088173
1,1.3899E-20,1.7079E-20,1.9142E-20,2.8333E-20,4.6519E-20,4.7058E-20,5.3644E-20,9.0782E-20,2.7102E-19,3.316E-19,3.5917E-19,3.6019E-19,4.9207E-19,8.5259E-19,9.1606E-19,1.3308E-18,4.1464E-18,1.2303E-17,1.4198E-17,2.7611E-17,4.0308E-17,5.4537E-17,6.0802E-17,9.0669E-17,9.2893E-17,1.3578E-16,2.3779E-16,3.879E-16,4.7656E-16,1.2011E-15,1.2466E-15,2.6203E-15,3.9861E-15,4.4475E-15,7.1028E-15,9.2624E-15,9.3041E-15,1.07E-14,8.2056E-14,5.9059E-13,9.3416E-13,9.4738E-13,9.4882E-13,1.5577E-12,3.4769E-12,3.9092E-12,4.231E-12,1.4705E-11,1.693E-11,1.8257E-11,6.2138E-11,1.6327E-10,2.9343E-10,4.3155E-10,6.8489E-10,0.0000000036003,0.0000000063527,0.000000006797,0.000000014533,0.00000003351,0.000000048593,0.000000048661,0.000000082,0.00000010962,0.00000013362,0.00000017169,0.00000021183,0.0000002833,0.00000032031,0.00000045646,0.0000008414,0.0000010994,0.0000016735,0.0000038082,0.000004131,0.0000056339,0.0000067546,0.000011438,0.000027816,0.000035201,0.000066678,0.0001096,0.00014296,0.0002259,0.00023995,0.00025372,0.00033563,0.00039204,0.00039333,0.00044676,0.00049166,0.00057794,0.00058575,0.00058921,0.0006089,0.00066619,0.00077248,0.0008339,0.0011799,0.0011806,0.0017729,0.0017822,0.001941,0.0020506,0.0021242,0.002381,0.0026778,0.0038563,0.0040588,0.0047783,0.0094438,0.011517,0.0123,0.018262,0.019123,0.020121,0.029329,0.030895,0.03598,0.038237,0.039041,0.040632,0.052359,0.067255,0.068966,0.073566,0.082338,0.11403,0.11561,0.11818,0.19396,0.26035,0.2921,0.30622,0.34724,0.36819,0.37852,0.4185,0.49876,0.54379,0.55313,0.56268,0.56414,0.58536,0.76261,0.79155,0.79777,0.81241,0.85137,0.86929,0.91811,0.92362,0.93092,0.93428,0.94443,0.95854,0.96441,0.96881,0.98167,0.98552,0.99452,0.99617,0.99942,0.99978,1,1,0.99989,0.99841,0.98979,0.98954,0.97666,0.96782,0.95903,0.89504,0.86964,0.86702,0.79503,0.777,0.77501,0.73369,0.73264,0.69704,0.64817,0.58081,0.56985,0.54381,0.49275,0.47114,0.45206,0.43193,0.37506,0.34715,0.34687,0.33292,0.31247,0.30929,0.28242,0.27237,0.26357,0.24063,0.23473,0.22338,0.21145,0.19011,0.17254,0.12061,0.11562,0.11028,0.10149,0.090675,0.089435,0.075305,0.074562,0.070828,0.066476,0.060773,0.01854,0.016867,0.016132,0.014863,0.014403,0.013088,0.0091572,0.0087165,0.0079883,0.0072253,0.006759,0.0049231,0.004793,0.0035688,0.0025134,0.0018452,0.0017965,0.001264,0.00092011,0.00090264,0.00078407,0.00058351,0.00057964,0.00057111,0.00039485,0.00038109,0.00030664,0.00027525,0.00021551,0.00020151,0.00014531,0.00013694,0.000097158,0.000088545
1,1.2077E-20,1.4845E-20,1.6641E-20,2.4646E-20,4.0497E-20,4.0967E-20,4.671E-20,7.9112E-20,2.3658E-19,2.8957E-19,3.1368E-19,3.1457E-19,4.2996E-19,7.4564E-19,8.0124E-19,1.1647E-18,3.6356E-18,1.0807E-17,1.2474E-17,2.4286E-17,3.5476E-17,4.8025E-17,5.3552E-17,7.9911E-17,8.1874E-17,1.1975E-16,2.0992E-16,3.4273E-16,4.2122E-16,1.0634E-15,1.1037E-15,2.3231E-15,3.5366E-15,3.9467E-15,6.3084E-15,8.2303E-15,8.2674E-15,9.5104E-15,7.321E-14,5.2892E-13,8.3737E-13,8.4924E-13,8.5054E-13,1.3977E-12,3.1248E-12,3.5142E-12,3.8041E-12,1.3255E-11,1.5265E-11,1.6464E-11,5.6182E-11,1.4793E-10,2.662E-10,3.9184E-10,6.2252E-10,0.000000003285,0.0000000058041,0.0000000062111,0.000000013304,0.000000030741,0.00000004462,0.000000044682,0.000000075416,0.00000010086,0.000000123,0.00000015816,0.00000019525,0.00000026132,0.00000029557,0.0000004216,0.00000077845,0.0000010179,0.0000015513,0.0000035385,0.0000038394,0.000005241,0.000006287,0.000010663,0.000026004,0.000032933,0.000062514,0.00010292,0.00013438,0.00021269,0.00022597,0.00023898,0.00031645,0.00036985,0.00037108,0.00042168,0.00046423,0.00054603,0.00055343,0.00055671,0.00057539,0.00062974,0.00073064,0.00078896,0.0011178,0.0011185,0.0016824,0.0016913,0.0018427,0.0019471,0.0020173,0.0022623,0.0025456,0.0036717,0.0038654,0.0045539,0.0090288,0.011021,0.011774,0.017517,0.018348,0.01931,0.028204,0.029718,0.034639,0.036825,0.037604,0.039146,0.050519,0.064992,0.066657,0.071132,0.079672,0.11058,0.11213,0.11464,0.18885,0.25413,0.28542,0.29935,0.33987,0.36059,0.37081,0.41042,0.49015,0.53499,0.5443,0.55383,0.55528,0.57648,0.75433,0.78356,0.78985,0.80467,0.84421,0.86247,0.91245,0.91813,0.92566,0.92914,0.93965,0.95435,0.9605,0.96513,0.9788,0.98295,0.99288,0.99478,0.99881,0.99937,0.99988,0.99989,1,0.99913,0.99177,0.99154,0.97968,0.97135,0.96301,0.90115,0.87632,0.87375,0.80289,0.78506,0.78309,0.74214,0.74109,0.70571,0.65702,0.58971,0.57873,0.55264,0.50137,0.47965,0.46045,0.44017,0.38281,0.3546,0.35433,0.34021,0.31951,0.31629,0.28906,0.27887,0.26994,0.24664,0.24065,0.22911,0.21697,0.19525,0.17734,0.12429,0.11919,0.11372,0.10471,0.09363,0.092357,0.077854,0.077091,0.073254,0.068781,0.062915,0.019322,0.017588,0.016825,0.015508,0.015031,0.013664,0.0095775,0.0091187,0.0083604,0.0075654,0.0070793,0.0051639,0.005028,0.0037487,0.0026441,0.0019437,0.0018925,0.0013335,0.00097193,0.00095355,0.00082874,0.00061746,0.00061338,0.00060439,0.00041844,0.00040391,0.00032526,0.00029208,0.00022889,0.00021407,0.00015454,0.00014567,0.00010348,0.000094333
1,8.0954E-21,9.959E-21,1.117E-20,1.6571E-20,2.7289E-20,2.7607E-20,3.1495E-20,5.3468E-20,1.6068E-19,1.9684E-19,2.1331E-19,2.1392E-19,2.9281E-19,5.0906E-19,5.472E-19,7.968E-19,2.5003E-18,7.4699E-18,8.6282E-18,1.6852E-17,2.4661E-17,3.3433E-17,3.73E-17,5.5767E-17,5.7144E-17,8.3736E-17,1.4719E-16,2.4089E-16,2.9636E-16,7.5162E-16,7.8027E-16,1.6485E-15,2.515E-15,2.8082E-15,4.4995E-15,5.8784E-15,5.905E-15,6.7977E-15,5.2894E-14,3.8628E-13,6.1312E-13,6.2186E-13,6.2282E-13,1.0264E-12,2.3051E-12,2.5941E-12,2.8093E-12,9.86E-12,1.1365E-11,1.2263E-11,4.2155E-11,1.1166E-10,2.0167E-10,2.9757E-10,4.7415E-10,0.0000000025294,0.0000000044862,0.000000004803,0.000000010342,0.000000024,0.000000035,0.000000035,0.000000059349,0.000000079543,0.000000097153,0.00000012515,0.00000015474,0.00000020756,0.000000235,0.00000033608,0.00000062351,0.00000081707,0.0000012493,0.0000028692,0.0000031152,0.0000042636,0.0000051224,0.0000087276,0.000021453,0.000027228,0.000051994,0.000086015,0.0001126,0.00017903,0.00019032,0.0002014,0.00026746,0.0003131,0.00031415,0.00035747,0.00039394,0.00046416,0.00047053,0.00047335,0.0004894,0.00053615,0.00062306,0.00067337,0.00095777,0.00095839,0.0014483,0.0014561,0.0015879,0.001679,0.0017403,0.0019543,0.0022021,0.0031906,0.0033611,0.0039679,0.007938,0.0097163,0.01039,0.015545,0.016294,0.017161,0.02521,0.026585,0.031063,0.033056,0.033767,0.035175,0.045588,0.058906,0.060442,0.064576,0.072479,0.10123,0.10268,0.10502,0.17486,0.23698,0.26696,0.28034,0.3194,0.33945,0.34937,0.38788,0.46594,0.51018,0.51939,0.52884,0.53028,0.55132,0.73046,0.76042,0.76689,0.78218,0.82327,0.8424,0.89554,0.90167,0.90983,0.91361,0.92513,0.94145,0.94838,0.95365,0.96955,0.97453,0.98709,0.98969,0.99592,0.99703,0.99836,0.99841,0.99913,1,0.99623,0.99608,0.98713,0.98031,0.97325,0.91765,0.89452,0.8921,0.82465,0.80746,0.80555,0.76575,0.76473,0.73007,0.68201,0.61498,0.60399,0.5778,0.52608,0.50407,0.48456,0.46391,0.40522,0.37621,0.37592,0.36137,0.33998,0.33665,0.30841,0.29782,0.28853,0.26422,0.25796,0.24589,0.23317,0.21034,0.19147,0.13521,0.12977,0.12394,0.11431,0.10243,0.10107,0.085468,0.084646,0.080508,0.075678,0.069335,0.021704,0.019783,0.018938,0.017475,0.016946,0.015426,0.010866,0.010352,0.0095026,0.0086105,0.0080644,0.0059067,0.0057532,0.0043054,0.0030498,0.0022502,0.0021916,0.0015505,0.0011342,0.001113,0.0009688,0.00072413,0.0007194,0.00070897,0.00049278,0.00047584,0.00038406,0.00034527,0.00027125,0.00025386,0.00018386,0.00017342,0.0001236,0.00011278
1,3.4955E-21,4.3083E-21,4.8372E-21,7.2021E-21,1.1914E-20,1.2054E-20,1.3769E-20,2.3489E-20,7.1312E-20,8.7528E-20,9.4923E-20,9.5197E-20,1.3068E-19,2.2839E-19,2.4567E-19,3.5901E-19,1.139E-18,3.4391E-18,3.978E-18,7.8209E-18,1.1489E-17,1.5622E-17,1.7448E-17,2.6192E-17,2.6845E-17,3.949E-17,6.9811E-17,1.1483E-16,1.4157E-16,3.6253E-16,3.765E-16,8.0169E-16,1.2286E-15,1.3734E-15,2.2116E-15,2.8977E-15,2.9109E-15,3.3561E-15,2.6707E-14,1.9947E-13,3.183E-13,3.2289E-13,3.2339E-13,5.3604E-13,1.2154E-12,1.3697E-12,1.4848E-12,5.2906E-12,6.1087E-12,6.5977E-12,2.303E-11,6.1761E-11,1.124E-10,1.667E-10,2.6726E-10,0.0000000014584,0.0000000026073,0.0000000027941,0.0000000060822,0.00000001431,0.000000020942,0.000000021,0.000000035812,0.00000004821,0.000000059063,0.000000076378,0.000000094746,0.00000012767,0.00000014482,0.00000020831,0.00000039033,0.00000051376,0.0000007911,0.0000018425,0.0000020034,0.0000027569,0.0000033229,0.0000057156,0.000014283,0.00001821,0.000035209,0.000058831,0.000077434,0.00012431,0.00013232,0.00014019,0.00018729,0.00021999,0.00022075,0.00025189,0.00027818,0.00032896,0.00033357,0.00033561,0.00034725,0.0003812,0.00044449,0.00048123,0.00069005,0.00069051,0.0010537,0.0010595,0.0011579,0.001226,0.0012718,0.0014323,0.0016187,0.0023673,0.0024971,0.0029607,0.0060351,0.0074293,0.0079595,0.012051,0.012649,0.013344,0.019839,0.020957,0.024612,0.026245,0.026828,0.027985,0.036593,0.047719,0.049009,0.052489,0.059169,0.083733,0.084977,0.086995,0.1481,0.20371,0.23092,0.24313,0.27904,0.29761,0.30683,0.34285,0.41691,0.4595,0.46844,0.47761,0.47901,0.49954,0.67926,0.71035,0.71712,0.73317,0.77689,0.79757,0.85647,0.86344,0.87279,0.87715,0.89057,0.91,0.91845,0.92495,0.94524,0.95188,0.96968,0.97369,0.98439,0.98663,0.98965,0.98979,0.99177,0.99623,1,1,0.99726,0.99369,0.9894,0.94774,0.92847,0.92643,0.8671,0.85146,0.84972,0.81288,0.81192,0.77923,0.73312,0.66749,0.65659,0.63048,0.57836,0.55595,0.53598,0.51473,0.45372,0.42322,0.42292,0.40754,0.38482,0.38127,0.35107,0.33967,0.32966,0.30333,0.29652,0.28335,0.26943,0.24431,0.2234,0.16028,0.15411,0.14747,0.13648,0.12285,0.12128,0.10325,0.10229,0.097483,0.091853,0.084434,0.027502,0.025141,0.024099,0.022293,0.021638,0.019754,0.014059,0.013413,0.012342,0.011215,0.010523,0.0077737,0.0075772,0.0057143,0.0040842,0.0030365,0.0029595,0.0021116,0.0015561,0.0015277,0.0013342,0.001004,0.00099755,0.00098342,0.00068917,0.00066599,0.00054008,0.00048666,0.00038433,0.0003602,0.00026267,0.00024805,0.00017803,0.00016275
1,3.4373E-21,4.2367E-21,4.7569E-21,7.0831E-21,1.1718E-20,1.1856E-20,1.3543E-20,2.3105E-20,7.0163E-20,8.612E-20,9.3398E-20,9.3667E-20,1.2859E-19,2.2476E-19,2.4176E-19,3.5333E-19,1.1212E-18,3.3862E-18,3.9169E-18,7.7017E-18,1.1314E-17,1.5386E-17,1.7185E-17,2.5799E-17,2.6443E-17,3.89E-17,6.8777E-17,1.1314E-16,1.3949E-16,3.5728E-16,3.7105E-16,7.902E-16,1.2111E-15,1.3539E-15,2.1804E-15,2.8569E-15,2.87E-15,3.309E-15,2.6344E-14,1.9685E-13,3.1415E-13,3.1868E-13,3.1917E-13,5.2911E-13,1.1999E-12,1.3523E-12,1.4659E-12,5.2251E-12,6.0332E-12,6.5163E-12,2.2753E-11,6.1033E-11,1.1109E-10,1.6478E-10,2.6421E-10,0.0000000014424,0.0000000025791,0.0000000027639,0.000000006,0.000000014162,0.000000020727,0.000000020757,0.000000035451,0.000000047728,0.000000058476,0.000000075625,0.000000093818,0.00000012643,0.00000014342,0.00000020632,0.00000038667,0.000000509,0.00000078388,0.0000018262,0.0000019857,0.0000027329,0.0000032941,0.0000056672,0.000014167,0.000018063,0.000034934,0.000058384,0.000076853,0.0001234,0.00013135,0.00013917,0.00018595,0.00021844,0.00021919,0.00025013,0.00027624,0.00032669,0.00033127,0.0003333,0.00034486,0.00037859,0.00044148,0.00047799,0.00068551,0.00068597,0.001047,0.0010528,0.0011505,0.0012182,0.0012638,0.0014233,0.0016087,0.0023531,0.0024822,0.0029433,0.0060018,0.0073892,0.0079168,0.011989,0.012585,0.013276,0.019743,0.020857,0.024496,0.026122,0.026704,0.027856,0.036431,0.047516,0.048802,0.052269,0.058926,0.083411,0.084651,0.086663,0.1476,0.20309,0.23023,0.24243,0.27827,0.29681,0.30602,0.34198,0.41596,0.45851,0.46744,0.47661,0.47801,0.49852,0.67823,0.70934,0.71611,0.73217,0.77593,0.79664,0.85565,0.86263,0.872,0.87638,0.88983,0.90932,0.91779,0.92432,0.94469,0.95136,0.96926,0.9733,0.98409,0.98635,0.9894,0.98954,0.99154,0.99608,1,1,0.99739,0.99388,0.98965,0.94827,0.92909,0.92705,0.8679,0.8523,0.85056,0.81378,0.81283,0.78018,0.73412,0.66853,0.65764,0.63153,0.5794,0.55699,0.53701,0.51576,0.45471,0.42418,0.42388,0.40848,0.38574,0.38219,0.35195,0.34054,0.33051,0.30414,0.29732,0.28413,0.27018,0.24502,0.22407,0.16082,0.15462,0.14797,0.13695,0.12328,0.12171,0.10363,0.10267,0.097847,0.092201,0.08476,0.02763,0.025259,0.024213,0.0224,0.021742,0.019849,0.01413,0.013481,0.012406,0.011273,0.010578,0.0078157,0.0076182,0.0057462,0.0041077,0.0030545,0.002977,0.0021244,0.0015659,0.0015373,0.0013426,0.0010104,0.001004,0.00098977,0.00069373,0.00067042,0.00054372,0.00048996,0.00038698,0.00036269,0.00026452,0.00024981,0.00017932,0.00016393
1,1.6991E-21,2.0976E-21,2.3571E-21,3.5203E-21,5.8461E-21,5.9154E-21,6.7636E-21,1.1586E-20,3.5484E-20,4.3623E-20,4.7339E-20,4.7477E-20,6.5339E-20,1.147E-19,1.2345E-19,1.8095E-19,5.7945E-19,1.7656E-18,2.0447E-18,4.0426E-18,5.9575E-18,8.122E-18,9.0799E-18,1.3677E-17,1.4021E-17,2.0693E-17,3.676E-17,6.0725E-17,7.5003E-17,1.9364E-16,2.0117E-16,4.3123E-16,6.6336E-16,7.423E-16,1.2005E-15,1.5767E-15,1.584E-15,1.8286E-15,1.4832E-14,1.1292E-13,1.8101E-13,1.8365E-13,1.8394E-13,3.064E-13,7.0039E-13,7.9025E-13,8.5733E-13,3.0946E-12,3.5784E-12,3.8679E-12,1.3679E-11,3.7072E-11,6.791E-11,1.0115E-10,1.6302E-10,9.0691E-10,0.0000000016324,0.0000000017508,0.0000000038466,0.0000000091452,0.000000013446,0.000000013466,0.000000023149,0.000000031282,0.000000038424,0.000000049853,0.000000062,0.000000083894,0.000000095318,0.00000013777,0.00000026035,0.000000344,0.00000053283,0.000001256,0.0000013673,0.0000018903,0.0000022846,0.0000039616,0.00001004,0.00001285,0.00002511,0.000042315,0.000055954,0.00009056,0.0000965,0.00010234,0.00013744,0.0001619,0.00016247,0.00018583,0.0002056,0.00024388,0.00024736,0.0002489,0.0002577,0.00028339,0.00033139,0.00035932,0.00051881,0.00051916,0.00079887,0.00080334,0.0008795,0.0009323,0.00096787,0.0010926,0.0012379,0.0018249,0.0019272,0.0022934,0.00475,0.0058759,0.0063055,0.0096437,0.010135,0.010706,0.01608,0.017011,0.020064,0.021433,0.021923,0.022895,0.030165,0.039644,0.040749,0.043733,0.049481,0.07081,0.071897,0.073662,0.12779,0.17802,0.20287,0.21408,0.24723,0.26448,0.27307,0.30681,0.37698,0.41783,0.42644,0.43531,0.43666,0.45656,0.6347,0.66633,0.67325,0.68974,0.73506,0.75675,0.81964,0.82721,0.83742,0.84221,0.85703,0.87879,0.88838,0.89583,0.91951,0.92746,0.94942,0.95457,0.96889,0.97205,0.97646,0.97666,0.97968,0.98713,0.99726,0.99739,1,0.99926,0.99742,0.96835,0.95273,0.95103,0.8996,0.88554,0.88397,0.85022,0.84934,0.81882,0.77504,0.71148,0.70081,0.6751,0.62324,0.60074,0.58059,0.55904,0.49662,0.4651,0.46479,0.44881,0.42511,0.4214,0.3897,0.37768,0.36709,0.33915,0.33189,0.31783,0.30292,0.27589,0.25326,0.18417,0.17734,0.17,0.15778,0.14257,0.14081,0.12056,0.11949,0.11406,0.10769,0.099271,0.033449,0.030653,0.029416,0.027269,0.026488,0.02424,0.017404,0.016625,0.015329,0.013962,0.013122,0.0097646,0.0095236,0.0072297,0.0052068,0.0038965,0.0037997,0.0027307,0.0020253,0.0019891,0.0017419,0.0013183,0.00131,0.0012919,0.00091165,0.00088159,0.0007178,0.00064809,0.00051409,0.0004824,0.00035383,0.00033448,0.0002415,0.00022113
1,1.1654E-21,1.4399E-21,1.6189E-21,2.4215E-21,4.0295E-21,4.0775E-21,4.6647E-21,8.008E-21,2.4636E-20,3.0313E-20,3.2906E-20,3.3002E-20,4.5477E-20,8.0017E-20,8.6148E-20,1.2648E-19,4.0697E-19,1.2459E-18,1.4438E-18,2.8629E-18,4.226E-18,5.7691E-18,6.4526E-18,9.7369E-18,9.9829E-18,1.4758E-17,2.6284E-17,4.3516E-17,5.3798E-17,1.3949E-16,1.4494E-16,3.1177E-16,4.8054E-16,5.3801E-16,8.7202E-16,1.1468E-15,1.1521E-15,1.3309E-15,1.0903E-14,8.3837E-14,1.3471E-13,1.3668E-13,1.3689E-13,2.2863E-13,5.2482E-13,5.9252E-13,6.4308E-13,2.3369E-12,2.7043E-12,2.9243E-12,1.0412E-11,2.8374E-11,5.2152E-11,7.7856E-11,1.2582E-10,7.07E-10,0.0000000012771,0.0000000013703,0.000000003,0.0000000072311,0.000000010658,0.000000010674,0.000000018414,0.000000024931,0.000000030664,0.000000039854,0.000000049649,0.000000067301,0.000000076532,0.0000001109,0.00000021049,0.00000027863,0.000000433,0.000001027,0.0000011187,0.0000015503,0.0000018764,0.0000032674,0.0000083418,0.000010697,0.000021019,0.000035578,0.00004716,0.000076651,0.000081725,0.000086719,0.00011677,0.00013776,0.00013824,0.00015832,0.00017533,0.0002083,0.00021131,0.00021264,0.00022022,0.00024239,0.00028388,0.00030804,0.00044637,0.00044668,0.00069031,0.00069422,0.00076073,0.00080688,0.000838,0.00094719,0.0010746,0.0015907,0.0016808,0.002004,0.0041852,0.0051903,0.0055746,0.0085706,0.0090126,0.009527,0.014386,0.015231,0.018005,0.019251,0.019697,0.020582,0.027225,0.035926,0.036942,0.039691,0.044993,0.064762,0.065773,0.067416,0.11811,0.16562,0.18925,0.19995,0.23166,0.24821,0.25647,0.28897,0.35699,0.39683,0.40525,0.41393,0.41525,0.43476,0.61138,0.64315,0.65012,0.66674,0.71267,0.73478,0.7994,0.80724,0.81784,0.82283,0.83829,0.86114,0.87126,0.87916,0.90446,0.91304,0.93703,0.94274,0.95885,0.96247,0.96757,0.96782,0.97135,0.98031,0.99369,0.99388,0.99926,1,0.99944,0.97712,0.96349,0.96198,0.91499,0.90184,0.90036,0.86842,0.86758,0.83836,0.79603,0.73389,0.72338,0.698,0.64652,0.62407,0.60391,0.5823,0.51936,0.48742,0.4871,0.47086,0.44672,0.44294,0.41053,0.39822,0.38735,0.35863,0.35115,0.33665,0.32124,0.29324,0.26974,0.19754,0.19036,0.18263,0.16976,0.1537,0.15185,0.1304,0.12925,0.12349,0.11671,0.10775,0.03695,0.033905,0.032556,0.030213,0.02936,0.026902,0.019404,0.018546,0.01712,0.015613,0.014684,0.010969,0.010702,0.008152,0.0058944,0.004426,0.0043173,0.0031144,0.0023175,0.0022765,0.0019964,0.0015155,0.0015061,0.0014854,0.001052,0.0010177,0.00083035,0.00075048,0.00059668,0.00056025,0.00041218,0.00038985,0.00028236,0.00025875
1,8.3864E-22,1.0369E-21,1.1662E-21,1.7469E-21,2.912E-21,2.9468E-21,3.3727E-21,5.8009E-21,1.7916E-20,2.2061E-20,2.3955E-20,2.4025E-20,3.3145E-20,5.8435E-20,6.2928E-20,9.2513E-20,2.9895E-19,9.1898E-19,1.0655E-18,2.1181E-18,3.1312E-18,4.2795E-18,4.7885E-18,7.2371E-18,7.4207E-18,1.0987E-17,1.961E-17,3.253E-17,4.0249E-17,1.0475E-16,1.0885E-16,2.3486E-16,3.6261E-16,4.0616E-16,6.5959E-16,8.6837E-16,8.7242E-16,1.0084E-15,8.3326E-15,6.4629E-14,1.0406E-13,1.0559E-13,1.0576E-13,1.7702E-13,4.0784E-13,4.607E-13,5.002E-13,1.8283E-12,2.1171E-12,2.2902E-12,8.2028E-12,2.246E-11,4.1403E-11,6.1931E-11,1.0032E-10,5.6866E-10,0.000000001,0.0000000011059,0.0000000024518,0.0000000058883,0.0000000086975,0.0000000087102,0.000000015072,0.000000020442,0.000000025172,0.000000032765,0.000000040869,0.000000055497,0.000000063156,0.000000091714,0.00000017475,0.00000023172,0.000000361,0.000000861,0.0000009384,0.0000013032,0.0000015793,0.0000027601,0.0000070916,0.0000091096,0.000017986,0.000030561,0.000040594,0.000066224,0.000070643,0.000074994,0.00010121,0.00011956,0.00011999,0.00013757,0.00015247,0.00018139,0.00018403,0.0001852,0.00019186,0.00021134,0.00024783,0.00026911,0.00039118,0.00039145,0.00060724,0.00061071,0.00066976,0.00071076,0.00073842,0.00083555,0.000949,0.0014099,0.0014905,0.0017801,0.0037444,0.0046539,0.0050021,0.0077257,0.0081286,0.0085977,0.013043,0.013818,0.016367,0.017513,0.017924,0.018739,0.024872,0.032937,0.033881,0.036436,0.041373,0.059852,0.0608,0.06234,0.11016,0.15535,0.17794,0.18819,0.21865,0.2346,0.24256,0.27398,0.34006,0.37897,0.38721,0.39571,0.39701,0.41615,0.59109,0.6229,0.62989,0.6466,0.69292,0.71533,0.78126,0.78932,0.80022,0.80536,0.82134,0.84505,0.85561,0.86387,0.8905,0.8996,0.92527,0.93144,0.94906,0.95307,0.95876,0.95903,0.96301,0.97325,0.9894,0.98965,0.99742,0.99944,1,0.98363,0.97178,0.97044,0.92747,0.91514,0.91375,0.8835,0.88269,0.8547,0.81377,0.75304,0.74271,0.71769,0.66667,0.64432,0.62419,0.60258,0.53934,0.50708,0.50676,0.49032,0.46585,0.462,0.42903,0.41648,0.40539,0.37602,0.36836,0.35349,0.33766,0.30885,0.28459,0.20969,0.20221,0.19414,0.1807,0.16389,0.16195,0.13943,0.13823,0.13216,0.12503,0.11557,0.040243,0.036968,0.035516,0.032991,0.032071,0.029419,0.021304,0.020373,0.018824,0.017185,0.016175,0.012122,0.01183,0.0090383,0.0065577,0.0049387,0.0048187,0.0034874,0.0026025,0.0025569,0.0022452,0.0017087,0.0016982,0.0016751,0.0011901,0.0011516,0.00094135,0.00085156,0.00067841,0.00063734,0.00047013,0.00044487,0.00032307,0.00029627
1,1.3773E-22,1.7097E-22,1.9271E-22,2.9082E-22,4.8943E-22,4.9539E-22,5.6842E-22,9.8765E-22,3.1163E-21,3.8524E-21,4.1897E-21,4.2022E-21,5.8332E-21,1.0397E-20,1.1212E-20,1.6607E-20,5.4909E-20,1.7259E-19,2.007E-19,4.045E-19,6.0271E-19,8.2898E-19,9.297E-19,1.417E-18,1.4537E-18,2.1696E-18,3.9191E-18,6.5699E-18,8.165E-18,2.1681E-17,2.255E-17,4.9456E-17,7.7075E-17,8.6542E-17,1.4203E-16,1.881E-16,1.89E-16,2.1915E-16,1.8978E-15,1.5428E-14,2.5119E-14,2.5497E-14,2.5538E-14,4.3269E-14,1.017E-13,1.1522E-13,1.2534E-13,4.7287E-13,5.4958E-13,5.9566E-13,2.203E-12,6.1899E-12,1.1594E-11,1.7528E-11,2.876E-11,1.7093E-10,3.1492E-10,3.387E-10,7.6815E-10,0.0000000018926,0.000000002828,0.0000000028323,0.000000005,0.0000000068203,0.0000000084523,0.000000011092,0.00000001393,0.000000019098,0.000000021823,0.000000032068,0.000000062383,0.000000083488,0.000000132,0.00000032422,0.00000035441,0.00000049783,0.00000060736,0.0000010827,0.0000028796,0.000003734,0.0000075669,0.000013128,0.000017638,0.000029356,0.000031399,0.000033416,0.00004567,0.000054335,0.000054536,0.000062893,0.000070016,0.000083933,0.000085206,0.000085771,0.000088995,0.000098449,0.00011627,0.00012671,0.00018734,0.00018748,0.00029683,0.0002986,0.00032891,0.00035004,0.00036432,0.0004147,0.00047392,0.00071798,0.00076118,0.00091728,0.0020065,0.0025238,0.0027236,0.0043121,0.0045504,0.004829,0.0075121,0.0079868,0.0095608,0.010275,0.010531,0.011042,0.014931,0.020154,0.020773,0.022453,0.025727,0.038252,0.038905,0.039968,0.073981,0.10761,0.12488,0.13281,0.15667,0.16935,0.17573,0.20118,0.25615,0.28941,0.29654,0.30393,0.30506,0.32181,0.48258,0.51342,0.52028,0.53676,0.58335,0.60639,0.67638,0.68518,0.69721,0.70292,0.72085,0.74805,0.7604,0.77019,0.80254,0.81392,0.84723,0.85556,0.88026,0.88612,0.89463,0.89504,0.90115,0.91765,0.94774,0.94827,0.96835,0.97712,0.98363,1,0.99834,0.998,0.97893,0.97174,0.9709,0.95129,0.95074,0.93081,0.89948,0.84933,0.84045,0.81853,0.77232,0.75148,0.73242,0.71165,0.64919,0.6164,0.61608,0.59912,0.57359,0.56955,0.53453,0.52103,0.50903,0.47687,0.4684,0.45186,0.4341,0.40135,0.37337,0.28436,0.27524,0.26535,0.24874,0.22775,0.2253,0.1967,0.19516,0.18736,0.17813,0.16581,0.06274,0.057982,0.055863,0.052159,0.050805,0.046881,0.03469,0.033272,0.0309,0.028374,0.026809,0.020456,0.019993,0.015524,0.011476,0.0087821,0.0085804,0.0063208,0.0047912,0.0047116,0.0041655,0.0032149,0.0031962,0.0031549,0.0022803,0.0022101,0.0018245,0.0016585,0.0013358,0.0012586,0.00094175,0.00089344,0.00065841,0.00060616
1,7.7149E-23,9.5881E-23,1.0815E-22,1.636E-22,2.7615E-22,2.7954E-22,3.21E-22,5.5956E-22,1.7775E-21,2.2002E-21,2.394E-21,2.4012E-21,3.3397E-21,5.9732E-21,6.4447E-21,9.5682E-21,3.1866E-20,1.0087E-19,1.1741E-19,2.3767E-19,3.5501E-19,4.8928E-19,5.4912E-19,8.3917E-19,8.6103E-19,1.2884E-18,2.3361E-18,3.9293E-18,4.8902E-18,1.3069E-17,1.3596E-17,2.9973E-17,4.685E-17,5.2645E-17,8.6684E-17,1.1503E-16,1.1558E-16,1.3415E-16,1.1791E-15,9.7293E-15,1.5897E-14,1.6138E-14,1.6164E-14,2.7492E-14,6.5027E-14,7.374E-14,8.0271E-14,3.0589E-13,3.5591E-13,3.86E-13,1.4421E-12,4.0854E-12,7.6914E-12,1.1667E-11,1.9221E-11,1.1597E-10,2.1479E-10,2.3115E-10,5.2803E-10,0.0000000013116,0.000000002,0.000000002,0.0000000034837,0.0000000047827,0.0000000059392,0.0000000078138,0.000000009835,0.000000013525,0.000000015474,0.000000022824,0.000000044694,0.00000006,0.000000095296,0.00000023625,0.00000025849,0.00000036441,0.00000044553,0.00000079926,0.0000021491,0.000002795,0.0000057111,0.0000099743,0.000013449,0.000022526,0.000024114,0.000025684,0.000035243,0.000042024,0.000042181,0.000048736,0.000054332,0.000065288,0.000066291,0.000066737,0.000069279,0.000076742,0.000090835,0.000099113,0.00014732,0.00014743,0.00023494,0.00023637,0.00026072,0.00027771,0.00028921,0.00032982,0.00037766,0.00057571,0.0006109,0.00073828,0.0016351,0.0020645,0.0022307,0.0035596,0.0037599,0.0039942,0.0062633,0.0066666,0.0080073,0.0086169,0.0088363,0.0092732,0.012613,0.017129,0.017666,0.019126,0.021978,0.032963,0.033539,0.034475,0.064761,0.095132,0.11086,0.11809,0.13999,0.15168,0.15757,0.18116,0.23254,0.26388,0.27062,0.27762,0.27869,0.29459,0.44942,0.47959,0.48631,0.50252,0.54858,0.57149,0.64172,0.65063,0.66282,0.66862,0.68689,0.71474,0.72746,0.73756,0.77118,0.78308,0.81824,0.8271,0.8536,0.85995,0.86919,0.86964,0.87632,0.89452,0.92847,0.92909,0.95273,0.96349,0.97178,0.99834,1,0.99998,0.98899,0.9836,0.98295,0.96716,0.9667,0.94976,0.92211,0.8763,0.86804,0.84751,0.80364,0.78362,0.76521,0.74504,0.68376,0.65126,0.65093,0.63404,0.6085,0.60444,0.56918,0.55553,0.54336,0.51065,0.50201,0.48508,0.46686,0.43312,0.40415,0.31105,0.30142,0.29097,0.27337,0.25106,0.24845,0.21787,0.21622,0.20784,0.19792,0.18463,0.071728,0.066416,0.064046,0.059897,0.058379,0.053971,0.040211,0.038602,0.035909,0.033035,0.031251,0.023981,0.023449,0.018301,0.013609,0.010468,0.010232,0.0075799,0.0057741,0.0056799,0.0050323,0.0039013,0.003879,0.0038297,0.0027831,0.0026988,0.0022349,0.0020348,0.0016445,0.0015509,0.0011657,0.0011068,0.00081946,0.00075536
1,7.2844E-23,9.0541E-23,1.0213E-22,1.5454E-22,2.6093E-22,2.6413E-22,3.0334E-22,5.2893E-22,1.6814E-21,2.0814E-21,2.2649E-21,2.2717E-21,3.1602E-21,5.6541E-21,6.1006E-21,9.0595E-21,3.0194E-20,9.5641E-20,1.1133E-19,2.2547E-19,3.3687E-19,4.6437E-19,5.212E-19,7.9672E-19,8.1748E-19,1.2235E-18,2.2194E-18,3.7341E-18,4.648E-18,1.2429E-17,1.2931E-17,2.8521E-17,4.4594E-17,5.0114E-17,8.2544E-17,1.0955E-16,1.1008E-16,1.2778E-16,1.1248E-15,9.2946E-15,1.5192E-14,1.5422E-14,1.5447E-14,2.6284E-14,6.2206E-14,7.0548E-14,7.6801E-14,2.9295E-13,3.4091E-13,3.6974E-13,1.3828E-12,3.9205E-12,7.3846E-12,1.1205E-11,1.8468E-11,1.1159E-10,2.0678E-10,2.2255E-10,5.0875E-10,0.0000000012647,0.0000000018974,0.0000000019003,0.0000000033621,0.0000000046172,0.0000000057347,0.0000000075468,0.0000000095009,0.000000013069,0.000000015,0.000000022066,0.000000043238,0.000000058053,0.000000092262,0.00000022893,0.00000025051,0.00000035329,0.000000432,0.00000077552,0.0000020875,0.0000027157,0.0000055535,0.0000097055,0.000013091,0.000021941,0.00002349,0.00002502,0.000034346,0.000040964,0.000041117,0.000047515,0.000052978,0.000063677,0.000064657,0.000065092,0.000067575,0.000074864,0.000088631,0.000096719,0.00014384,0.00014395,0.00022954,0.00023093,0.00025476,0.00027139,0.00028264,0.00032239,0.00036922,0.00056319,0.00059767,0.00072249,0.0016021,0.0020236,0.0021868,0.0034922,0.0036891,0.0039194,0.0061507,0.0065475,0.0078669,0.0084669,0.0086829,0.0091131,0.012402,0.016853,0.017383,0.018822,0.021635,0.032476,0.033045,0.03397,0.063904,0.093964,0.10954,0.11671,0.13842,0.15001,0.15585,0.17926,0.23028,0.26143,0.26814,0.27509,0.27616,0.29197,0.44619,0.47628,0.483,0.49917,0.54516,0.56805,0.63828,0.6472,0.6594,0.66521,0.6835,0.7114,0.72415,0.73428,0.76801,0.77996,0.81528,0.82419,0.85086,0.85725,0.86657,0.86702,0.87375,0.8921,0.92643,0.92705,0.95103,0.96198,0.97044,0.998,0.99998,1,0.98981,0.9846,0.98397,0.96856,0.96811,0.95148,0.92421,0.87885,0.87066,0.85028,0.80665,0.78672,0.76839,0.74828,0.68715,0.65469,0.65436,0.63748,0.61195,0.60789,0.57262,0.55896,0.54678,0.51402,0.50536,0.4884,0.47014,0.43631,0.40725,0.31376,0.30408,0.29358,0.27588,0.25344,0.25081,0.22004,0.21838,0.20994,0.19995,0.18657,0.07267,0.0673,0.064904,0.06071,0.059175,0.054717,0.040795,0.039166,0.036439,0.033529,0.031722,0.024357,0.023817,0.018598,0.013838,0.010649,0.010409,0.0077157,0.0058804,0.0057846,0.0051262,0.0039759,0.0039531,0.003903,0.0028379,0.0027521,0.0022798,0.0020759,0.0016783,0.001583,0.0011903,0.0011303,0.00083721,0.00077182
1,1.7001E-23,2.1197E-23,2.3951E-23,3.6455E-23,6.2017E-23,6.2788E-23,7.2251E-23,1.27E-22,4.1055E-22,5.0982E-22,5.5546E-22,5.5715E-22,7.7883E-22,1.4055E-21,1.5182E-21,2.2678E-21,7.6959E-21,2.4808E-20,2.8945E-20,5.9259E-20,8.9091E-20,1.2342E-19,1.3878E-19,2.1355E-19,2.1921E-19,3.3017E-19,6.0456E-19,1.0257E-18,1.2811E-18,3.4806E-18,3.6234E-18,8.096E-18,1.2752E-17,1.4358E-17,2.3846E-17,3.1797E-17,3.1953E-17,3.7183E-17,3.3962E-16,2.9122E-15,4.8019E-15,4.876E-15,4.8841E-15,8.3904E-15,2.0172E-14,2.293E-14,2.5001E-14,9.7774E-14,1.141E-13,1.2394E-13,4.7538E-13,1.3756E-12,2.6238E-12,4.0147E-12,6.6842E-12,4.1923E-11,7.8713E-11,8.485E-11,1.9747E-10,5.0087E-10,7.5833E-10,7.5951E-10,0.0000000013613,0.0000000018832,0.0000000023508,0.0000000031134,0.0000000039409,0.000000005462,0.0000000062701,0.0000000093384,0.0000000186,0.000000025156,0.000000040444,0.00000010271,0.00000011265,0.0000001603,0.00000019707,0.00000035932,0.00000099388,0.0000013026,0.0000027189,0.0000048304,0.0000065742,0.000011193,0.000012009,0.000012816,0.000017769,0.000021311,0.000021394,0.000024837,0.00002779,0.000033601,0.000034135,0.000034372,0.000035727,0.000039714,0.00004728,0.000051744,0.00007799,0.000078049,0.00012647,0.00012727,0.00014088,0.00015042,0.00015688,0.00017978,0.0002069,0.00032049,0.00034086,0.00041498,0.00094904,0.00121,0.0013117,0.0021361,0.0022618,0.0024092,0.0038563,0.0041167,0.0049878,0.0053864,0.0055303,0.0058173,0.0080337,0.011083,0.011448,0.012447,0.014409,0.022101,0.022509,0.023175,0.045219,0.068134,0.080246,0.085874,0.10308,0.11236,0.11707,0.13609,0.17837,0.2047,0.21042,0.21637,0.21728,0.23088,0.36824,0.39603,0.40227,0.41739,0.46092,0.48289,0.55167,0.56056,0.57278,0.57862,0.59714,0.62573,0.63893,0.64949,0.68512,0.69794,0.73645,0.74634,0.77641,0.78374,0.7945,0.79503,0.80289,0.82465,0.8671,0.8679,0.8996,0.91499,0.92747,0.97893,0.98899,0.98981,1,0.99945,0.99933,0.99401,0.9938,0.98527,0.96827,0.93552,0.9292,0.91308,0.87696,0.85985,0.84381,0.82594,0.76991,0.73924,0.73893,0.72276,0.69801,0.69404,0.65924,0.6456,0.63336,0.60011,0.59124,0.57376,0.55479,0.51927,0.48833,0.38616,0.37535,0.36356,0.34357,0.31798,0.31496,0.27938,0.27745,0.26758,0.25585,0.24003,0.099819,0.092885,0.089778,0.084318,0.082313,0.076469,0.05799,0.055803,0.052127,0.048186,0.045727,0.035609,0.034862,0.027571,0.020819,0.016225,0.015877,0.011934,0.0092075,0.0090641,0.0080755,0.006333,0.0062984,0.0062219,0.0045855,0.0044526,0.0037172,0.0033978,0.0027706,0.0026194,0.001992,0.0018953,0.0014201,0.0013133
1,1.2112E-23,1.5112E-23,1.7083E-23,2.6036E-23,4.437E-23,4.4923E-23,5.1718E-23,9.1076E-23,2.9557E-22,3.673E-22,4.0029E-22,4.0152E-22,5.619E-22,1.016E-21,1.0978E-21,1.642E-21,5.5956E-21,1.8111E-20,2.1143E-20,4.3394E-20,6.5332E-20,9.0613E-20,1.0193E-19,1.5709E-19,1.6126E-19,2.4325E-19,4.4638E-19,7.5874E-19,9.485E-19,2.5864E-18,2.6929E-18,6.0348E-18,9.5213E-18,1.0725E-17,1.7847E-17,2.3824E-17,2.3941E-17,2.7876E-17,2.568E-16,2.2209E-15,3.6694E-15,3.7263E-15,3.7325E-15,6.4262E-15,1.5506E-14,1.7635E-14,1.9235E-14,7.5659E-14,8.8353E-14,9.6008E-14,3.7039E-13,1.0768E-12,2.0599E-12,3.158E-12,5.2702E-12,3.334E-11,6.2789E-11,6.7708E-11,1.5823E-10,4.0321E-10,6.1176E-10,6.1271E-10,0.0000000011015,0.0000000015264,0.0000000019075,0.0000000025301,0.0000000032066,0.000000004452,0.0000000051144,0.0000000076337,0.000000015262,0.000000020676,0.000000033331,0.000000085099,0.000000093388,0.00000013317,0.00000016391,0.00000029994,0.00000083486,0.000001096,0.0000022987,0.0000040993,0.0000055908,0.0000095537,0.000010255,0.000010949,0.000015215,0.000018272,0.000018343,0.000021318,0.000023872,0.000028904,0.000029366,0.000029572,0.000030746,0.000034204,0.000040772,0.000044652,0.000067508,0.00006756,0.00010988,0.00011058,0.00012251,0.00013086,0.00013653,0.00015663,0.00018046,0.00028053,0.00029851,0.00036402,0.00083846,0.0010713,0.0011623,0.0019012,0.0020142,0.0021468,0.003452,0.0036874,0.0044763,0.0048379,0.0049685,0.0052291,0.0072458,0.010031,0.010365,0.01128,0.01308,0.020162,0.020539,0.021153,0.041626,0.063074,0.074463,0.079765,0.096013,0.1048,0.10926,0.12732,0.16766,0.19289,0.19838,0.2041,0.20497,0.21805,0.35123,0.3784,0.38451,0.39933,0.4421,0.46375,0.53184,0.54067,0.55284,0.55865,0.57711,0.60568,0.61891,0.6295,0.66534,0.67827,0.71726,0.72731,0.75795,0.76544,0.77646,0.777,0.78506,0.80746,0.85146,0.8523,0.88554,0.90184,0.91514,0.97174,0.9836,0.9846,0.99945,1,0.99999,0.99707,0.99693,0.99035,0.9759,0.94636,0.94053,0.92554,0.89145,0.87513,0.85975,0.84253,0.78811,0.75807,0.75777,0.74186,0.71746,0.71354,0.67907,0.66551,0.65334,0.62016,0.61128,0.59378,0.57475,0.539,0.50776,0.40396,0.39292,0.38086,0.36038,0.33411,0.33101,0.29437,0.29237,0.28219,0.27005,0.25368,0.1071,0.099772,0.096484,0.090701,0.088576,0.082377,0.062716,0.060383,0.056458,0.052244,0.049613,0.038762,0.037958,0.030109,0.022812,0.01783,0.017452,0.01316,0.010183,0.010026,0.0089434,0.0070316,0.0069935,0.0069095,0.0051082,0.0049615,0.0041496,0.0037963,0.0031018,0.0029341,0.0022371,0.0021295,0.0015999,0.0014805
1,1.1673E-23,1.4565E-23,1.6465E-23,2.5098E-23,4.2779E-23,4.3313E-23,4.9866E-23,8.7833E-23,2.8516E-22,3.544E-22,3.8624E-22,3.8743E-22,5.4225E-22,9.8069E-22,1.0596E-21,1.5852E-21,5.4045E-21,1.75E-20,2.0431E-20,4.1944E-20,6.316E-20,8.7611E-20,9.8556E-20,1.5191E-19,1.5595E-19,2.3528E-19,4.3185E-19,7.342E-19,9.1791E-19,2.5039E-18,2.6071E-18,5.8444E-18,9.2227E-18,1.039E-17,1.7292E-17,2.3086E-17,2.3199E-17,2.7013E-17,2.4908E-16,2.1562E-15,3.5633E-15,3.6186E-15,3.6246E-15,6.2419E-15,1.5067E-14,1.7137E-14,1.8693E-14,7.3572E-14,8.5922E-14,9.337E-14,3.6044E-13,1.0484E-12,2.0062E-12,3.0764E-12,5.1352E-12,3.2517E-11,6.1259E-11,6.6061E-11,1.5445E-10,3.9378E-10,5.9758E-10,5.9852E-10,0.0000000010763,0.0000000014918,0.0000000018645,0.0000000024735,0.0000000031352,0.0000000043537,0.000000005,0.0000000074675,0.000000014936,0.000000020238,0.000000032634,0.000000083369,0.000000091495,0.0000001305,0.00000016065,0.00000029408,0.00000081911,0.0000010756,0.0000022569,0.0000040264,0.0000054927,0.0000093898,0.000010079,0.000010762,0.000014959,0.000017967,0.000018037,0.000020965,0.000023479,0.000028432,0.000028888,0.00002909,0.000030246,0.00003365,0.000040118,0.000043938,0.000066452,0.000066502,0.00010821,0.00010889,0.00012065,0.00012889,0.00013447,0.00015429,0.00017778,0.00027648,0.00029422,0.00035884,0.00082718,0.0010572,0.001147,0.0018772,0.0019888,0.0021199,0.0034104,0.0036433,0.0044237,0.0047814,0.0049106,0.0051684,0.0071643,0.0099216,0.010253,0.011159,0.012942,0.019961,0.020334,0.020943,0.04125,0.062542,0.073854,0.079122,0.095267,0.104,0.10844,0.12639,0.16652,0.19163,0.1971,0.20279,0.20366,0.21669,0.34941,0.3765,0.3826,0.39738,0.44007,0.46169,0.52969,0.53852,0.55067,0.55648,0.57494,0.6035,0.61673,0.62732,0.66318,0.67612,0.71515,0.72522,0.75592,0.76342,0.77447,0.77501,0.78309,0.80555,0.84972,0.85056,0.88397,0.90036,0.91375,0.9709,0.98295,0.98397,0.99933,0.99999,1,0.99734,0.9972,0.99084,0.97667,0.94749,0.94171,0.92684,0.89298,0.87675,0.86145,0.84431,0.79006,0.7601,0.7598,0.74392,0.71956,0.71565,0.68122,0.66767,0.65551,0.62234,0.61346,0.59596,0.57693,0.54116,0.50989,0.40592,0.39485,0.38276,0.36223,0.33589,0.33279,0.29603,0.29402,0.2838,0.27163,0.25519,0.10792,0.10054,0.097237,0.091419,0.089279,0.083041,0.063249,0.060899,0.056947,0.052703,0.050052,0.039119,0.038309,0.030397,0.023039,0.018013,0.017632,0.0133,0.010294,0.010136,0.0090427,0.0071117,0.0070732,0.0069883,0.0051682,0.00502,0.0041993,0.0038422,0.0031399,0.0029703,0.0022653,0.0021565,0.0016206,0.0014998
1,5.4979E-24,6.871E-24,7.774E-24,1.1886E-23,2.0337E-23,2.0593E-23,2.3733E-23,4.1973E-23,1.3745E-22,1.7109E-22,1.8658E-22,1.8716E-22,2.626E-22,4.7701E-22,5.1571E-22,7.7383E-22,2.6626E-21,8.699E-21,1.0168E-20,2.099E-20,3.1708E-20,4.4095E-20,4.9649E-20,7.6789E-20,7.8847E-20,1.1934E-19,2.201E-19,3.7578E-19,4.7064E-19,1.2943E-18,1.348E-18,3.0419E-18,4.8183E-18,5.4332E-18,9.0808E-18,1.2153E-17,1.2213E-17,1.4239E-17,1.3379E-16,1.1802E-15,1.9592E-15,1.9899E-15,1.9932E-15,3.4494E-15,8.3932E-15,9.5577E-15,1.0434E-14,4.159E-14,4.8643E-14,5.29E-14,2.0686E-13,6.0799E-13,1.1709E-12,1.8032E-12,3.0255E-12,1.9526E-11,3.7032E-11,3.9968E-11,9.4302E-11,2.4291E-10,3.7035E-10,3.7093E-10,6.715E-10,9.3413E-10,0.0000000011706,0.000000001558,0.000000002,0.0000000027604,0.0000000031766,0.000000004765,0.0000000096108,0.000000013071,0.000000021201,0.000000054806,0.000000060219,0.000000086283,0.00000010651,0.00000019653,0.00000055505,0.00000073159,0.0000015513,0.0000027908,0.0000038246,0.000006591,0.0000070825,0.0000075702,0.000010576,0.000012738,0.000012789,0.0000149,0.000016716,0.000020304,0.000020635,0.000020781,0.000021621,0.000024095,0.000028808,0.000031599,0.000048116,0.000048153,0.000078998,0.000079507,0.000088246,0.000094377,0.00009854,0.00011333,0.00013091,0.00020519,0.0002186,0.00026759,0.0006266,0.00080468,0.00087445,0.0014454,0.0015332,0.0016364,0.0026594,0.0028451,0.0034692,0.0037563,0.0038601,0.0040674,0.0056804,0.0079273,0.0081987,0.008941,0.010407,0.01623,0.016541,0.01705,0.034214,0.052525,0.062351,0.066946,0.081103,0.088806,0.092726,0.10866,0.14464,0.16737,0.17234,0.17752,0.17832,0.19021,0.31347,0.33908,0.34486,0.3589,0.39971,0.42051,0.48655,0.49518,0.50711,0.51283,0.53101,0.55932,0.57249,0.58306,0.61907,0.63214,0.67186,0.68218,0.71384,0.72163,0.73313,0.73369,0.74214,0.76575,0.81288,0.81378,0.85022,0.86842,0.8835,0.95129,0.96716,0.96856,0.99401,0.99707,0.99734,1,1,0.99804,0.98965,0.9679,0.96327,0.95106,0.92209,0.90778,0.8941,0.87859,0.82846,0.8002,0.79991,0.7848,0.76143,0.75766,0.72428,0.71106,0.69913,0.66642,0.65762,0.6402,0.62118,0.5852,0.5535,0.44653,0.43501,0.42239,0.40088,0.37314,0.36986,0.33086,0.32872,0.31782,0.30479,0.28715,0.12556,0.11726,0.11353,0.10696,0.10454,0.097469,0.074885,0.072187,0.067641,0.062747,0.059684,0.046984,0.046039,0.036768,0.028078,0.022095,0.021639,0.016439,0.012804,0.012612,0.011283,0.0089234,0.0088762,0.0087721,0.0065323,0.0063491,0.0053323,0.0048883,0.0040124,0.0038002,0.0029149,0.0027777,0.0020998,0.0019464
1,5.3949E-24,6.7425E-24,7.6289E-24,1.1665E-23,1.9961E-23,2.0212E-23,2.3294E-23,4.1202E-23,1.3495E-22,1.6799E-22,1.832E-22,1.8377E-22,2.5786E-22,4.6846E-22,5.0647E-22,7.6001E-22,2.6157E-21,8.5475E-21,9.9911E-21,2.0628E-20,3.1164E-20,4.3341E-20,4.8801E-20,7.5484E-20,7.7507E-20,1.1732E-19,2.164E-19,3.6951E-19,4.6281E-19,1.273E-18,1.3259E-18,2.9924E-18,4.7403E-18,5.3454E-18,8.935E-18,1.1959E-17,1.2018E-17,1.4012E-17,1.3172E-16,1.1625E-15,1.93E-15,1.9602E-15,1.9635E-15,3.3983E-15,8.2707E-15,9.4184E-15,1.0282E-14,4.0998E-14,4.7952E-14,5.215E-14,2.0399E-13,5.9971E-13,1.1552E-12,1.7791E-12,2.9855E-12,1.9277E-11,3.6567E-11,3.9466E-11,9.3138E-11,2.3997E-10,3.6592E-10,3.6649E-10,6.6357E-10,9.2319E-10,0.0000000011569,0.0000000015399,0.000000002,0.0000000027289,0.0000000031405,0.0000000047114,0.0000000095047,0.000000012927,0.000000021,0.00000005423,0.000000059588,0.000000085388,0.00000010541,0.00000019455,0.00000054963,0.00000072452,0.0000015367,0.0000027652,0.0000037898,0.0000065324,0.0000070198,0.0000075033,0.000010483,0.000012628,0.000012678,0.000014772,0.000016573,0.000020132,0.00002046,0.000020606,0.000021438,0.000023893,0.000028569,0.000031337,0.000047725,0.000047763,0.000078373,0.000078879,0.000087552,0.000093638,0.00009777,0.00011245,0.00012991,0.00020365,0.00021697,0.00026561,0.00062222,0.00079915,0.00086847,0.0014359,0.0015232,0.0016258,0.0026427,0.0028273,0.003448,0.0037334,0.0038366,0.0040428,0.0056471,0.0078824,0.0081524,0.008891,0.01035,0.016145,0.016455,0.016961,0.034052,0.052292,0.062083,0.066662,0.080772,0.088449,0.092357,0.10825,0.14412,0.1668,0.17175,0.17692,0.17771,0.18958,0.3126,0.33817,0.34394,0.35797,0.39872,0.4195,0.48548,0.49411,0.50603,0.51174,0.52992,0.55822,0.57138,0.58196,0.61796,0.63104,0.67077,0.68109,0.71277,0.72056,0.73208,0.73264,0.74109,0.76473,0.81192,0.81283,0.84934,0.86758,0.88269,0.95074,0.9667,0.96811,0.9938,0.99693,0.9972,1,1,0.99815,0.98991,0.96835,0.96375,0.95161,0.92276,0.90851,0.89488,0.87941,0.82938,0.80117,0.80088,0.7858,0.76246,0.75869,0.72534,0.71213,0.70021,0.66752,0.65872,0.64131,0.62229,0.5863,0.5546,0.44757,0.43603,0.4234,0.40187,0.3741,0.37082,0.33176,0.32962,0.3187,0.30565,0.28798,0.12602,0.11771,0.11397,0.10738,0.10495,0.097853,0.075197,0.07249,0.067928,0.063017,0.059943,0.047197,0.046248,0.036941,0.028215,0.022207,0.021749,0.016526,0.012873,0.01268,0.011344,0.0089736,0.0089262,0.0088216,0.0065702,0.0063861,0.0053639,0.0049176,0.0040368,0.0038234,0.0029331,0.0027952,0.0021133,0.001959
1,2.8697E-24,3.5912E-24,4.0663E-24,6.2332E-24,1.07E-23,1.0835E-23,1.2498E-23,2.2182E-23,7.3175E-23,9.1211E-23,9.9525E-23,9.9833E-23,1.4037E-22,2.5595E-22,2.7685E-22,4.1649E-22,1.4444E-21,4.7553E-21,5.564E-21,1.1541E-20,1.7481E-20,2.4363E-20,2.7454E-20,4.2584E-20,4.3733E-20,6.6376E-20,1.2292E-19,2.1063E-19,2.6421E-19,7.3165E-19,7.6225E-19,1.7298E-18,2.7488E-18,3.1022E-18,5.2037E-18,6.9785E-18,7.0132E-18,8.1857E-18,7.8167E-17,7.0081E-16,1.1678E-15,1.1862E-15,1.1883E-15,2.065E-15,5.0592E-15,5.7669E-15,6.2998E-15,2.5388E-14,2.973E-14,3.2354E-14,1.2792E-13,3.7934E-13,7.3461E-13,1.1354E-12,1.9136E-12,1.2553E-11,2.3945E-11,2.5861E-11,6.1496E-11,1.5981E-10,2.4463E-10,2.4502E-10,4.4607E-10,6.2253E-10,7.8181E-10,0.000000001,0.0000000013294,0.0000000018593,0.0000000021427,0.0000000032272,0.0000000065559,0.0000000089444,0.000000014582,0.000000038079,0.000000041883,0.000000060247,0.00000007454,0.00000013849,0.00000039581,0.00000052339,0.0000011198,0.0000020292,0.0000027917,0.0000048444,0.0000052105,0.000005574,0.0000078208,0.0000094431,0.0000094811,0.000011068,0.000012437,0.000015146,0.000015396,0.000015507,0.000016142,0.000018015,0.000021592,0.000023713,0.00003632,0.000036349,0.000060053,0.000060447,0.000067191,0.00007193,0.00007515,0.000086607,0.00010026,0.00015821,0.00016871,0.00020715,0.00049167,0.00063401,0.00068993,0.0011502,0.0012213,0.001305,0.0021392,0.0022914,0.0028044,0.0030409,0.0031265,0.0032977,0.0046351,0.0065113,0.0067388,0.0073619,0.0085962,0.013532,0.013798,0.014232,0.029019,0.045028,0.053692,0.057759,0.070343,0.077221,0.080729,0.095045,0.12763,0.14839,0.15294,0.1577,0.15843,0.16937,0.28439,0.30863,0.31412,0.32748,0.36648,0.38647,0.45042,0.45885,0.47049,0.47608,0.49391,0.52178,0.53479,0.54527,0.5811,0.59417,0.63412,0.64455,0.67673,0.68468,0.69646,0.69704,0.70571,0.73007,0.77923,0.78018,0.81882,0.83836,0.8547,0.93081,0.94976,0.95148,0.98527,0.99035,0.99084,0.99804,0.99815,1,0.99667,0.98158,0.978,0.96822,0.94379,0.93131,0.91919,0.90526,0.85922,0.83273,0.83246,0.81817,0.79591,0.7923,0.76016,0.74733,0.73573,0.70372,0.69507,0.67788,0.65903,0.62317,0.59136,0.48255,0.4707,0.45769,0.43545,0.40665,0.40323,0.36245,0.3602,0.34875,0.33503,0.31639,0.14236,0.13324,0.12912,0.12187,0.11919,0.11135,0.086192,0.083171,0.078071,0.072568,0.069117,0.054747,0.053674,0.043105,0.03313,0.026215,0.025686,0.019634,0.015374,0.015148,0.013584,0.010795,0.01074,0.010616,0.0079523,0.0077337,0.0065172,0.0059847,0.0049308,0.0046748,0.0036034,0.0034368,0.0026112,0.0024237
1,1.2224E-24,1.5324E-24,1.7369E-24,2.6714E-24,4.6055E-24,4.6642E-24,5.3862E-24,9.6032E-24,3.1985E-23,3.9939E-23,4.361E-23,4.3747E-23,6.1681E-23,1.1302E-22,1.2233E-22,1.8464E-22,6.4699E-22,2.1514E-21,2.5206E-21,5.2608E-21,7.9968E-21,1.1177E-20,1.2608E-20,1.963E-20,2.0165E-20,3.0716E-20,5.719E-20,9.8461E-20,1.2375E-19,3.4581E-19,3.604E-19,8.2392E-19,1.3148E-18,1.4854E-18,2.5035E-18,3.3664E-18,3.3833E-18,3.9545E-18,3.8567E-17,3.5315E-16,5.9144E-16,6.0086E-16,6.0189E-16,1.0517E-15,2.5999E-15,2.9675E-15,3.2446E-15,1.3263E-14,1.5556E-14,1.6944E-14,6.7965E-14,2.0391E-13,3.9771E-13,6.1765E-13,1.047E-12,7.0159E-12,1.3483E-11,1.4575E-11,3.5016E-11,9.2047E-11,1.4163E-10,1.4186E-10,2.6019E-10,3.6463E-10,4.5924E-10,6.1518E-10,7.8618E-10,0.0000000011043,0.0000000012749,0.0000000019305,0.000000004,0.0000000054231,0.0000000088998,0.00000002355,0.000000025937,0.000000037501,0.000000046538,0.000000087239,0.00000025323,0.00000033627,0.00000072793,0.0000013315,0.0000018412,0.0000032239,0.0000034717,0.0000037181,0.0000052464,0.0000063549,0.0000063809,0.0000074689,0.0000084089,0.000010275,0.000010448,0.000010525,0.000010963,0.000012259,0.00001474,0.000016215,0.000025025,0.000025045,0.00004176,0.000042039,0.000046821,0.000050187,0.000052477,0.000060638,0.00007039,0.00011206,0.00011964,0.00014751,0.00035632,0.00046194,0.00050359,0.00084897,0.00090266,0.00096594,0.0016014,0.001718,0.0021127,0.0022953,0.0023615,0.002494,0.0035348,0.0050086,0.0051882,0.0056809,0.0066604,0.010615,0.010829,0.011179,0.023276,0.036622,0.043926,0.04737,0.058087,0.06398,0.066994,0.079352,0.10778,0.12609,0.13013,0.13435,0.135,0.14473,0.24902,0.27141,0.2765,0.28891,0.32536,0.34418,0.40494,0.41301,0.4242,0.42958,0.44678,0.4738,0.48649,0.49673,0.53194,0.54486,0.58463,0.59508,0.62753,0.6356,0.64758,0.64817,0.65702,0.68201,0.73312,0.73412,0.77504,0.79603,0.81377,0.89948,0.92211,0.92421,0.96827,0.9759,0.97667,0.98965,0.98991,0.99667,1,0.99384,0.99168,0.98523,0.96714,0.95725,0.94736,0.93572,0.89575,0.87199,0.87174,0.85873,0.83825,0.8349,0.80485,0.79273,0.78172,0.75106,0.74271,0.72606,0.70768,0.67242,0.64083,0.53076,0.51858,0.50518,0.48218,0.4522,0.44863,0.4058,0.40343,0.39132,0.37676,0.35692,0.16671,0.15645,0.15181,0.14361,0.14058,0.13169,0.10293,0.099449,0.093565,0.087199,0.083196,0.066432,0.065173,0.052722,0.040863,0.032567,0.03193,0.024602,0.0194,0.019123,0.0172,0.013756,0.013687,0.013534,0.010216,0.0099427,0.0084161,0.0077453,0.0064126,0.0060878,0.0047228,0.0045096,0.0034489,0.0032068
1,3.7829E-25,4.7538E-25,5.395E-25,8.3361E-25,1.4455E-24,1.4642E-24,1.6934E-24,3.0381E-24,1.0252E-23,1.2833E-23,1.4026E-23,1.407E-23,1.9913E-23,3.6732E-23,3.9792E-23,6.0337E-23,2.1441E-22,7.2273E-22,8.4828E-22,1.7854E-21,2.7272E-21,3.8265E-21,4.3224E-21,6.7647E-21,6.951E-21,1.064E-20,1.9957E-20,3.4581E-20,4.3582E-20,1.2329E-19,1.2856E-19,2.9686E-19,4.7643E-19,5.3908E-19,9.144E-19,1.2341E-18,1.2404E-18,1.4526E-18,1.4579E-17,1.3739E-16,2.3167E-16,2.3541E-16,2.3582E-16,4.1513E-16,1.0388E-15,1.1878E-15,1.3003E-15,5.4192E-15,6.3706E-15,6.9472E-15,2.8418E-14,8.6619E-14,1.7061E-13,2.6668E-13,4.5562E-13,3.1429E-12,6.1021E-12,6.6044E-12,1.6089E-11,4.296E-11,6.6573E-11,6.6682E-11,1.2354E-10,1.7412E-10,2.2015E-10,2.9637E-10,3.8035E-10,5.3739E-10,6.2197E-10,9.4863E-10,0.000000002,0.0000000027143,0.0000000044946,0.000000012109,0.000000013361,0.000000019453,0.000000024241,0.000000046,0.00000013636,0.00000018213,0.00000040058,0.00000074213,0.0000010334,0.0000018318,0.0000019758,0.0000021193,0.0000030135,0.0000036661,0.0000036815,0.0000043247,0.0000048822,0.0000059936,0.0000060967,0.0000061424,0.0000064045,0.0000071803,0.0000086705,0.0000095597,0.000014908,0.00001492,0.000025191,0.000025363,0.000028324,0.000030412,0.000031836,0.000036921,0.00004302,0.000069311,0.000074131,0.000091898,0.00022737,0.00029693,0.0003245,0.00055542,0.00059162,0.00063437,0.001068,0.0011483,0.0014213,0.0015482,0.0015943,0.0016867,0.0024179,0.0034664,0.003595,0.0039488,0.0046553,0.0075447,0.0077026,0.007961,0.017053,0.027345,0.033061,0.035774,0.044279,0.048993,0.051414,0.061401,0.084711,0.099942,0.10332,0.10686,0.1074,0.11559,0.20561,0.2254,0.22993,0.24098,0.27373,0.29079,0.34656,0.35405,0.36446,0.36948,0.38558,0.41105,0.42308,0.43282,0.46658,0.47906,0.51781,0.52808,0.56019,0.56824,0.58022,0.58081,0.58971,0.61498,0.66749,0.66853,0.71148,0.73389,0.75304,0.84933,0.8763,0.87885,0.93552,0.94636,0.94749,0.9679,0.96835,0.98158,0.99384,1,0.99984,0.99812,0.98921,0.98313,0.97658,0.96842,0.93791,0.91854,0.91834,0.90745,0.88996,0.88707,0.86069,0.84987,0.83995,0.81195,0.80423,0.78872,0.77145,0.73786,0.70732,0.59781,0.58542,0.57173,0.54809,0.51699,0.51326,0.46825,0.46574,0.45288,0.43737,0.4161,0.20449,0.19261,0.18723,0.17768,0.17413,0.16372,0.12966,0.1255,0.11845,0.11079,0.10595,0.085534,0.083989,0.068619,0.053797,0.043298,0.042486,0.033092,0.026346,0.025984,0.023469,0.018932,0.01884,0.018637,0.014217,0.01385,0.011795,0.010887,0.009074,0.00863,0.0067537,0.006459,0.0049842,0.0046455
1,3.1211E-25,3.9237E-25,4.4539E-25,6.8871E-25,1.1954E-24,1.2108E-24,1.4008E-24,2.5156E-24,8.5069E-24,1.0653E-23,1.1645E-23,1.1682E-23,1.6543E-23,3.0549E-23,3.3098E-23,5.0225E-23,1.7888E-22,6.0433E-22,7.0952E-22,1.4954E-21,2.286E-21,3.2095E-21,3.6262E-21,5.68E-21,5.8367E-21,8.9418E-21,1.6791E-20,2.9126E-20,3.6723E-20,1.041E-19,1.0855E-19,2.5108E-19,4.0332E-19,4.5647E-19,7.7508E-19,1.0467E-18,1.052E-18,1.2324E-18,1.2427E-17,1.1766E-16,1.9862E-16,2.0184E-16,2.0219E-16,3.5636E-16,8.9354E-16,1.022E-15,1.119E-15,4.6783E-15,5.5016E-15,6.0008E-15,2.4625E-14,7.5252E-14,1.4845E-13,2.323E-13,3.9739E-13,2.7542E-12,5.3563E-12,5.7983E-12,1.4157E-11,3.7899E-11,5.8798E-11,5.8894E-11,1.0929E-10,1.5418E-10,1.9506E-10,2.6281E-10,3.3751E-10,4.7732E-10,5.5267E-10,8.4393E-10,0.0000000017563,0.000000002422,0.000000004,0.000000010853,0.000000012,0.000000017459,0.000000021771,0.000000041391,0.00000012314,0.00000016461,0.000000363,0.00000067391,0.00000093951,0.0000016686,0.0000018003,0.0000019315,0.00000275,0.0000033479,0.0000033619,0.0000039516,0.0000044631,0.0000054832,0.0000055778,0.0000056198,0.0000058605,0.0000065732,0.000007943,0.0000087608,0.000013685,0.000013696,0.000023172,0.000023331,0.000026066,0.000027996,0.000029311,0.000034013,0.000039657,0.000064017,0.000068488,0.000084979,0.00021108,0.00027598,0.00030172,0.00051771,0.00055161,0.00059167,0.00099858,0.0010741,0.0013308,0.0014503,0.0014937,0.0015807,0.0022702,0.0032608,0.0033824,0.0037172,0.0043862,0.0071281,0.0072781,0.0075238,0.016191,0.026044,0.031528,0.034134,0.042314,0.046853,0.049186,0.058819,0.081356,0.096115,0.09939,0.10282,0.10335,0.11131,0.19906,0.21843,0.22286,0.23369,0.26582,0.28258,0.33749,0.34487,0.35514,0.36009,0.37599,0.40117,0.41308,0.42272,0.45618,0.46857,0.50707,0.51729,0.54928,0.5573,0.56927,0.56985,0.57873,0.60399,0.65659,0.65764,0.70081,0.72338,0.74271,0.84045,0.86804,0.87066,0.9292,0.94053,0.94171,0.96327,0.96375,0.978,0.99168,0.99984,1,0.99907,0.99169,0.98626,0.98028,0.97271,0.94386,0.92528,0.92508,0.91457,0.89763,0.89483,0.86913,0.85856,0.84884,0.82136,0.81377,0.7985,0.78146,0.74824,0.71794,0.60879,0.5964,0.5827,0.55899,0.52777,0.52403,0.47874,0.47621,0.46325,0.44761,0.42613,0.21117,0.19902,0.19351,0.18373,0.1801,0.16943,0.13447,0.1302,0.12295,0.11506,0.11008,0.089026,0.087431,0.071547,0.056196,0.045301,0.044458,0.034689,0.02766,0.027283,0.024659,0.01992,0.019824,0.019612,0.014986,0.014602,0.012447,0.011494,0.0095908,0.0091243,0.0071506,0.0068404,0.0052862,0.0049289
1,1.97E-25,2.4789E-25,2.8153E-25,4.3611E-25,7.5868E-25,7.6851E-25,8.896E-25,1.6015E-24,5.4433E-24,6.8227E-24,7.4609E-24,7.4846E-24,1.0615E-23,1.9653E-23,2.13E-23,3.238E-23,1.1595E-22,3.9381E-22,4.6268E-22,9.7837E-22,1.4984E-21,2.1069E-21,2.3818E-21,3.7382E-21,3.8419E-21,5.897E-21,1.1105E-20,1.9311E-20,2.4374E-20,6.9423E-20,7.2409E-20,1.6813E-19,2.7068E-19,3.0653E-19,5.2179E-19,7.0564E-19,7.0925E-19,8.315E-19,8.4786E-18,8.1177E-17,1.374E-16,1.3963E-16,1.3988E-16,2.4725E-16,6.229E-16,7.1296E-16,7.81E-16,3.2899E-15,3.8722E-15,4.2254E-15,1.7472E-14,5.3723E-14,1.0639E-13,1.669E-13,2.8638E-13,2.0073E-12,3.9193E-12,4.2447E-12,1.042E-11,2.8065E-11,4.3661E-11,4.3733E-11,8.1477E-11,1.1519E-10,1.4596E-10,1.9703E-10,2.5345E-10,3.5926E-10,4.1637E-10,6.376E-10,0.0000000013335,0.0000000018429,0.0000000030668,0.0000000083453,0.0000000092171,0.000000013471,0.000000016825,0.000000032139,0.000000096401,0.00000012916,0.00000028659,0.00000053471,0.00000074746,0.0000013339,0.0000014401,0.0000015459,0.0000022076,0.0000026921,0.0000027035,0.0000031822,0.0000035978,0.0000044281,0.0000045052,0.0000045395,0.0000047356,0.0000053169,0.0000064357,0.0000071045,0.000011143,0.000011152,0.000018959,0.00001909,0.000021351,0.000022947,0.000024035,0.000027931,0.000032613,0.000052891,0.000056623,0.000070408,0.00017652,0.00023145,0.00025329,0.00043717,0.00046613,0.00050037,0.00084955,0.00091454,0.001136,0.0012393,0.0012768,0.0013521,0.0019505,0.0028144,0.0029208,0.0032137,0.0038003,0.0062164,0.006349,0.0065663,0.014287,0.023152,0.028114,0.030478,0.037919,0.042061,0.044193,0.053018,0.073778,0.087448,0.090489,0.093678,0.09417,0.10157,0.18401,0.20238,0.20658,0.21688,0.24753,0.26356,0.31636,0.32349,0.33341,0.3382,0.3536,0.37805,0.38964,0.39904,0.43173,0.44387,0.48171,0.49178,0.52341,0.53136,0.54323,0.54381,0.55264,0.5778,0.63048,0.63153,0.6751,0.698,0.71769,0.81853,0.84751,0.85028,0.91308,0.92554,0.92684,0.95106,0.95161,0.96822,0.98523,0.99812,0.99907,1,0.99631,0.99245,0.98785,0.98174,0.95694,0.9403,0.94012,0.93057,0.91499,0.9124,0.88843,0.87848,0.8693,0.84316,0.83589,0.82122,0.80479,0.77256,0.74296,0.63499,0.62262,0.6089,0.58512,0.55369,0.54991,0.50406,0.50149,0.48832,0.47239,0.45046,0.22768,0.21489,0.20909,0.19876,0.19493,0.18364,0.1465,0.14194,0.1342,0.12576,0.12043,0.097815,0.096096,0.078941,0.06228,0.050397,0.049475,0.038767,0.031027,0.030611,0.027711,0.02246,0.022354,0.022118,0.01697,0.016542,0.014134,0.013067,0.010932,0.010407,0.0081837,0.0078334,0.0060748,0.0056694
1,7.8439E-26,9.8884E-26,1.1242E-25,1.7477E-25,3.054E-25,3.0939E-25,3.5857E-25,6.4863E-25,2.227E-24,2.7966E-24,3.0605E-24,3.0703E-24,4.3671E-24,8.1273E-24,8.8145E-24,1.3447E-23,4.8679E-23,1.6708E-22,1.9657E-22,4.1838E-22,6.4316E-22,9.0707E-22,1.0265E-21,1.6176E-21,1.6628E-21,2.562E-21,4.8521E-21,8.4796E-21,1.0725E-20,3.0841E-20,3.218E-20,7.5301E-20,1.2177E-19,1.3805E-19,2.3617E-19,3.2029E-19,3.2195E-19,3.78E-19,3.9409E-18,3.858E-17,6.5646E-17,6.6724E-17,6.6842E-17,1.1883E-16,3.0222E-16,3.4639E-16,3.798E-16,1.624E-15,1.9148E-15,2.0914E-15,8.7802E-15,2.7329E-14,5.453E-14,8.5976E-14,1.4843E-13,1.064E-12,2.0938E-12,2.2698E-12,5.6325E-12,1.5355E-11,2.4018E-11,2.4059E-11,4.5173E-11,6.4146E-11,8.1525E-11,1.1048E-10,1.4257E-10,2.0301E-10,2.3574E-10,3.6302E-10,7.6671E-10,0.0000000010643,0.0000000017834,0.0000000049211,0.0000000054428,0.000000008,0.00000001,0.000000019322,0.000000058913,0.000000079284,0.0000001781,0.00000033559,0.00000047166,0.0000008497,0.00000091851,0.00000098718,0.0000014182,0.0000017352,0.0000017427,0.0000020569,0.0000023305,0.0000028786,0.0000029296,0.0000029523,0.0000030821,0.0000034674,0.0000042111,0.0000046569,0.0000073627,0.000007369,0.000012649,0.000012738,0.000014276,0.000015364,0.000016107,0.00001877,0.000021981,0.000035979,0.000038569,0.000048163,0.00012301,0.0001622,0.00017784,0.00031057,0.00033161,0.00035652,0.00061256,0.00066054,0.00082463,0.00090142,0.00092938,0.00098553,0.0014342,0.0020883,0.0021693,0.0023926,0.0028415,0.0047086,0.0048118,0.004981,0.011079,0.018218,0.022259,0.024194,0.030319,0.03375,0.03552,0.042885,0.060403,0.072062,0.074667,0.077404,0.077827,0.084199,0.1565,0.1729,0.17667,0.18592,0.21361,0.22819,0.27664,0.28323,0.29243,0.29688,0.31122,0.33409,0.34497,0.35383,0.38477,0.39632,0.43256,0.44226,0.47287,0.4806,0.49218,0.49275,0.50137,0.52608,0.57836,0.5794,0.62324,0.64652,0.66667,0.77232,0.80364,0.80665,0.87696,0.89145,0.89298,0.92209,0.92276,0.94379,0.96714,0.98921,0.99169,0.99631,1,0.99931,0.99753,0.9944,0.97804,0.96552,0.96538,0.95787,0.94526,0.94312,0.92296,0.9144,0.90642,0.88332,0.8768,0.86356,0.84857,0.81876,0.79095,0.68668,0.67448,0.66091,0.63724,0.60571,0.60191,0.55538,0.55275,0.53928,0.52291,0.50028,0.26301,0.24895,0.24254,0.23113,0.22689,0.21434,0.17275,0.16761,0.15885,0.14928,0.14321,0.11731,0.11533,0.095466,0.075987,0.061957,0.060863,0.048091,0.038775,0.038272,0.034758,0.02836,0.02823,0.027942,0.021613,0.021083,0.018099,0.016772,0.014103,0.013445,0.010644,0.010201,0.0079659,0.0074482
1,5.2596E-26,6.6359E-26,7.5477E-26,1.1751E-25,2.0575E-25,2.0845E-25,2.4171E-25,4.3814E-25,1.5109E-24,1.8989E-24,2.0787E-24,2.0854E-24,2.97E-24,5.5395E-24,6.0097E-24,9.1819E-24,3.3396E-23,1.1514E-22,1.3555E-22,2.8932E-22,4.4547E-22,6.2908E-22,7.1225E-22,1.1243E-21,1.1558E-21,1.7838E-21,3.3866E-21,5.9312E-21,7.5089E-21,2.1681E-20,2.2626E-20,5.3122E-20,8.6066E-20,9.7626E-20,1.6737E-19,2.2726E-19,2.2844E-19,2.6839E-19,2.8251E-18,2.7923E-17,4.762E-17,4.8406E-17,4.8492E-17,8.6424E-17,2.2069E-16,2.531E-16,2.7763E-16,1.1948E-15,1.4098E-15,1.5404E-15,6.5095E-15,2.0369E-14,4.0775E-14,6.4428E-14,1.1152E-13,8.0716E-13,1.5939E-12,1.7286E-12,4.3093E-12,1.1809E-11,1.8516E-11,1.8547E-11,3.4942E-11,4.9712E-11,6.3263E-11,8.5872E-11,1.1097E-10,1.5833E-10,1.84E-10,2.8404E-10,6.0245E-10,8.3785E-10,0.0000000014082,0.0000000039092,0.0000000043262,0.000000006372,0.000000008,0.000000015478,0.000000047525,0.000000064082,0.00000014472,0.00000027385,0.00000038579,0.00000069785,0.00000075477,0.00000081161,0.0000011689,0.0000014324,0.0000014386,0.0000017,0.0000019279,0.000002385,0.0000024275,0.0000024465,0.0000025548,0.0000028767,0.0000034988,0.000003872,0.0000061431,0.0000061484,0.000010598,0.000010673,0.000011973,0.000012892,0.000013521,0.000015775,0.000018497,0.000030398,0.000032605,0.00004079,0.00010502,0.00013881,0.00015232,0.00026736,0.00028564,0.00030731,0.00053072,0.0005727,0.00071653,0.00078394,0.0008085,0.00085785,0.0012531,0.0018318,0.0019036,0.0021017,0.0025007,0.0041671,0.0042595,0.004411,0.0099046,0.01639,0.02008,0.02185,0.027467,0.030621,0.032251,0.039045,0.055281,0.066137,0.068568,0.071123,0.071518,0.077474,0.14561,0.16118,0.16476,0.17357,0.19999,0.21394,0.26049,0.26684,0.27571,0.28,0.29386,0.31601,0.32657,0.33517,0.36528,0.37655,0.41199,0.42149,0.45157,0.45917,0.47058,0.47114,0.47965,0.50407,0.55595,0.55699,0.60074,0.62407,0.64432,0.75148,0.78362,0.78672,0.85985,0.87513,0.87675,0.90778,0.90851,0.93131,0.95725,0.98313,0.98626,0.99245,0.99931,1,0.99945,0.99763,0.98504,0.97439,0.97427,0.96769,0.95645,0.95452,0.93613,0.92823,0.92082,0.89918,0.89303,0.88049,0.86621,0.83762,0.81075,0.70864,0.69658,0.68314,0.65964,0.62821,0.62441,0.57778,0.57515,0.56159,0.5451,0.52226,0.27926,0.26465,0.258,0.24612,0.24169,0.22861,0.18507,0.17967,0.17045,0.16037,0.15397,0.12659,0.12449,0.10339,0.082609,0.067577,0.066402,0.052658,0.042593,0.042048,0.038241,0.031291,0.03115,0.030836,0.023936,0.023356,0.020091,0.018636,0.015706,0.014982,0.011896,0.011406,0.0089338,0.0083598
1,3.672E-26,4.6361E-26,5.2752E-26,8.2245E-26,1.4425E-25,1.4615E-25,1.6955E-25,3.0791E-25,1.066E-24,1.3407E-24,1.4681E-24,1.4728E-24,2.0999E-24,3.9244E-24,4.2587E-24,6.5155E-24,2.3797E-23,8.2383E-23,9.7037E-23,2.0764E-22,3.2017E-22,4.5266E-22,5.1272E-22,8.1057E-22,8.3341E-22,1.2881E-21,2.4508E-21,4.3005E-21,5.4489E-21,1.5791E-20,1.6482E-20,3.8813E-20,6.2991E-20,7.1483E-20,1.2279E-19,1.6691E-19,1.6778E-19,1.9723E-19,2.0939E-18,2.0875E-17,3.5674E-17,3.6264E-17,3.6329E-17,6.4891E-17,1.6631E-16,1.9084E-16,2.094E-16,9.0645E-16,1.0702E-15,1.1698E-15,4.9726E-15,1.5634E-14,3.1387E-14,4.9691E-14,8.6213E-14,6.2944E-13,1.2467E-12,1.3526E-12,3.386E-12,9.3225E-12,1.4648E-11,1.4673E-11,2.7727E-11,3.9513E-11,5.0343E-11,6.8437E-11,8.8553E-11,1.2656E-10,1.4719E-10,2.2771E-10,4.8482E-10,6.754E-10,0.0000000011382,0.0000000031767,0.0000000035175,0.0000000051918,0.0000000065219,0.000000012673,0.000000039158,0.00000005289,0.00000012,0.000000228,0.00000032183,0.00000058429,0.00000063226,0.00000068019,0.00000098191,0.0000012048,0.00000121,0.0000014314,0.0000016246,0.0000020126,0.0000020488,0.0000020648,0.0000021569,0.0000024306,0.00000296,0.000003278,0.0000052168,0.0000052212,0.0000090337,0.0000090984,0.000010214,0.000011004,0.000011545,0.000013484,0.000015829,0.000026106,0.000028015,0.000035107,0.000091032,0.00012059,0.00013243,0.00023349,0.0002496,0.00026869,0.00046616,0.00050337,0.00063101,0.00069092,0.00071276,0.00075666,0.0011091,0.0016269,0.0016913,0.0018691,0.0022276,0.0037307,0.0038142,0.0039513,0.0089479,0.014891,0.018287,0.019919,0.02511,0.028031,0.029543,0.035855,0.051002,0.061171,0.063452,0.065852,0.066222,0.071821,0.13633,0.15117,0.15459,0.16301,0.1883,0.20169,0.24652,0.25266,0.26123,0.26539,0.2788,0.30029,0.31055,0.31891,0.34825,0.35926,0.39392,0.40324,0.43278,0.44027,0.4515,0.45206,0.46045,0.48456,0.53598,0.53701,0.58059,0.60391,0.62419,0.73242,0.76521,0.76839,0.84381,0.85975,0.86145,0.8941,0.89488,0.91919,0.94736,0.97658,0.98028,0.98785,0.99753,0.99945,1,0.99936,0.9902,0.98126,0.98115,0.97544,0.96545,0.96372,0.94698,0.9397,0.93282,0.91256,0.90677,0.89489,0.8813,0.85389,0.82794,0.72807,0.71617,0.70287,0.67958,0.64832,0.64453,0.59793,0.59529,0.58169,0.56513,0.54213,0.29433,0.27925,0.27236,0.26007,0.25548,0.24191,0.19661,0.19098,0.18135,0.17081,0.16411,0.13536,0.13316,0.11092,0.088928,0.07296,0.071709,0.057052,0.046279,0.045695,0.041609,0.034135,0.033982,0.033644,0.026198,0.025571,0.022036,0.020458,0.017276,0.016489,0.013126,0.012592,0.0098891,0.0092604
1,2.495E-26,3.1525E-26,3.5886E-26,5.6032E-26,9.8462E-26,9.9761E-26,1.1579E-25,2.107E-25,7.3249E-25,9.2196E-25,1.0099E-24,1.0132E-24,1.4463E-24,2.7087E-24,2.9403E-24,4.505E-24,1.6528E-23,5.7469E-23,6.7731E-23,1.4532E-22,2.2443E-22,3.1769E-22,3.6E-22,5.7008E-22,5.862E-22,9.0746E-22,1.7306E-21,3.0431E-21,3.8591E-21,1.1228E-20,1.1721E-20,2.769E-20,4.5022E-20,5.1116E-20,8.7983E-20,1.1974E-19,1.2036E-19,1.4158E-19,1.517E-18,1.5264E-17,2.6142E-17,2.6576E-17,2.6624E-17,4.7669E-17,1.2265E-16,1.4082E-16,1.5458E-16,6.7331E-16,7.9553E-16,8.6989E-16,3.721E-15,1.1758E-14,2.3681E-14,3.7569E-14,6.5345E-14,4.8153E-13,9.569E-13,1.0386E-12,2.6115E-12,7.2263E-12,1.138E-11,1.14E-11,2.1611E-11,3.0854E-11,3.9359E-11,5.3591E-11,6.9436E-11,9.9425E-11,1.1573E-10,1.7945E-10,3.8363E-10,5.3539E-10,9.0489E-10,0.0000000025401,0.0000000028143,0.0000000041631,0.0000000052365,0.000000010215,0.000000031778,0.000000043,0.000000098077,0.00000018706,0.00000026466,0.0000004824,0.00000052228,0.00000056214,0.00000081351,0.00000099952,0.0000010039,0.000001189,0.0000013506,0.0000016757,0.000001706,0.0000017195,0.0000017967,0.0000020264,0.0000024711,0.0000027386,0.0000043729,0.0000043766,0.0000076028,0.0000076576,0.000008604,0.000009275,0.0000097337,0.000011382,0.000013377,0.000022148,0.000023781,0.000029853,0.000078007,0.00010358,0.00011383,0.00020169,0.00021573,0.00023238,0.00040516,0.0004378,0.00054996,0.00060268,0.00062191,0.00066059,0.00097181,0.0014309,0.0014881,0.0016462,0.0019654,0.0033093,0.0033842,0.0035072,0.0080149,0.01342,0.016522,0.018016,0.02278,0.025467,0.026859,0.032683,0.046724,0.056192,0.058319,0.060559,0.060905,0.066137,0.12689,0.14096,0.14421,0.15221,0.17631,0.18911,0.2321,0.238,0.24626,0.25026,0.2632,0.28395,0.29388,0.30199,0.33047,0.34117,0.37497,0.38408,0.41301,0.42035,0.43138,0.43193,0.44017,0.46391,0.51473,0.51576,0.55904,0.5823,0.60258,0.71165,0.74504,0.74828,0.82594,0.84253,0.84431,0.87859,0.87941,0.90526,0.93572,0.96842,0.97271,0.98174,0.9944,0.99763,0.99936,1,0.99453,0.98746,0.98737,0.9826,0.974,0.97249,0.95758,0.95098,0.94471,0.926,0.9206,0.90947,0.89667,0.87062,0.84574,0.74857,0.73686,0.72377,0.70076,0.66977,0.66601,0.61955,0.61691,0.6033,0.58669,0.56358,0.31101,0.29542,0.2883,0.27556,0.27081,0.25673,0.20954,0.20365,0.19358,0.18253,0.1755,0.14528,0.14295,0.11945,0.096121,0.07911,0.077775,0.062093,0.050523,0.049894,0.045493,0.037425,0.03726,0.036894,0.028825,0.028145,0.024301,0.022583,0.01911,0.018251,0.01457,0.013984,0.011013,0.010321
1,7.9597E-27,1.008E-26,1.1489E-26,1.8016E-26,3.1833E-26,3.2257E-26,3.7494E-26,6.8629E-26,2.4154E-25,3.0472E-25,3.3408E-25,3.3517E-25,4.8016E-25,9.0497E-25,9.8312E-25,1.5128E-24,5.6241E-24,1.9807E-23,2.3384E-23,5.0572E-23,7.8457E-23,1.1147E-22,1.2648E-22,2.0126E-22,2.0701E-22,3.2195E-22,6.1825E-22,1.0937E-21,1.3905E-21,4.0929E-21,4.2746E-21,1.0195E-20,1.6665E-20,1.8947E-20,3.2811E-20,4.4807E-20,4.5044E-20,5.3082E-20,5.8434E-19,6.0408E-18,1.0412E-17,1.0588E-17,1.0607E-17,1.9125E-17,4.9776E-17,5.7246E-17,6.2912E-17,2.7907E-16,3.3042E-16,3.6171E-16,1.5761E-15,5.0551E-15,1.0275E-14,1.6401E-14,2.874E-14,2.1764E-13,4.3668E-13,4.7448E-13,1.2089E-12,3.3947E-12,5.3819E-12,5.3912E-12,1.0318E-11,1.481E-11,1.8962E-11,2.5939E-11,3.3742E-11,4.8582E-11,5.6681E-11,8.8491E-11,1.9146E-10,2.6862E-10,4.5787E-10,0.0000000013073,0.0000000014508,0.0000000021603,0.0000000027279,0.0000000053824,0.000000017081,0.00000002324,0.000000053807,0.00000010387,0.00000014792,0.00000027274,0.00000029575,0.00000031878,0.00000046469,0.00000057328,0.00000057585,0.00000068433,0.00000077935,0.00000097113,0.00000098905,0.000000997,0.0000010427,0.0000011789,0.0000014435,0.0000016032,0.000002585,0.0000025873,0.0000045477,0.0000045813,0.0000051604,0.0000055719,0.0000058536,0.0000068686,0.0000081013,0.000013565,0.000014588,0.000018409,0.0000492,0.000065781,0.000072459,0.00013023,0.00013953,0.00015059,0.00026638,0.00028843,0.00036455,0.00040049,0.00041362,0.00044007,0.00065437,0.0009742,0.0010143,0.0011253,0.0013506,0.0023103,0.0023642,0.0024528,0.0057574,0.0098139,0.012174,0.013317,0.016986,0.019071,0.020156,0.024717,0.035859,0.043468,0.045187,0.047001,0.047281,0.051532,0.10201,0.11395,0.11671,0.12354,0.14427,0.15536,0.19301,0.19822,0.20553,0.20908,0.22059,0.23917,0.2481,0.25541,0.28124,0.29101,0.32205,0.33047,0.35735,0.36422,0.37455,0.37506,0.38281,0.40522,0.45372,0.45471,0.49662,0.51936,0.53934,0.64919,0.68376,0.68715,0.76991,0.78811,0.79006,0.82846,0.82938,0.85922,0.89575,0.93791,0.94386,0.95694,0.97804,0.98504,0.9902,0.99453,1,0.99853,0.9985,0.99659,0.99224,0.99139,0.98217,0.97771,0.97332,0.95954,0.9554,0.94672,0.93646,0.91493,0.89368,0.80623,0.79532,0.78304,0.76127,0.73158,0.72794,0.68265,0.68005,0.66661,0.65012,0.62702,0.36299,0.346,0.33821,0.32423,0.319,0.30345,0.25077,0.24413,0.23275,0.22021,0.2122,0.17747,0.17478,0.14742,0.11991,0.099606,0.098002,0.079045,0.064897,0.064124,0.058697,0.04868,0.048474,0.048018,0.037888,0.037028,0.032154,0.029964,0.025517,0.024411,0.019648,0.018886,0.015,0.014089
1,4.3884E-27,5.5639E-27,6.3457E-27,9.9731E-27,1.7672E-26,1.7908E-26,2.0831E-26,3.8246E-26,1.3546E-25,1.711E-25,1.8768E-25,1.8829E-25,2.7024E-25,5.1098E-25,5.5535E-25,8.5647E-25,3.2059E-24,1.1366E-23,1.343E-23,2.9164E-23,4.5352E-23,6.4554E-23,7.3299E-23,1.1693E-22,1.2029E-22,1.8753E-22,3.614E-22,6.4134E-22,8.1648E-22,2.4177E-21,2.5257E-21,6.053E-21,9.9221E-21,1.1289E-20,1.9611E-20,2.6829E-20,2.6972E-20,3.1814E-20,3.5516E-19,3.7234E-18,6.4392E-18,6.5483E-18,6.5602E-18,1.1871E-17,3.1082E-17,3.5778E-17,3.9342E-17,1.7617E-16,2.0881E-16,2.2872E-16,1.0062E-15,3.2522E-15,6.642E-15,1.0636E-14,1.8708E-14,1.4369E-13,2.8974E-13,3.1501E-13,8.0804E-13,2.2864E-12,3.6374E-12,3.6438E-12,7.008E-12,1.0087E-11,1.2939E-11,1.7743E-11,2.3128E-11,3.3395E-11,3.9009E-11,6.1117E-11,1.3305E-10,1.872E-10,3.2048E-10,9.2307E-10,0.000000001,0.0000000015319,0.0000000019383,0.0000000038472,0.000000012336,0.00000001683,0.00000003927,0.000000076279,0.000000109,0.00000020219,0.00000021941,0.00000023668,0.0000003463,0.00000042813,0.00000043007,0.000000512,0.00000058385,0.00000072917,0.00000074276,0.00000074881,0.00000078351,0.000000887,0.0000010883,0.00000121,0.000001961,0.0000019627,0.000003471,0.0000034968,0.000003944,0.0000042622,0.0000044801,0.0000052662,0.0000062227,0.00001048,0.000011281,0.000014273,0.000038594,0.000051785,0.000057111,0.0001034,0.00011089,0.00011979,0.0002135,0.00023142,0.00029342,0.00032276,0.0003335,0.00035512,0.00053099,0.00079504,0.00082823,0.00092032,0.0011075,0.00191,0.0019554,0.0020298,0.0048309,0.0083109,0.010349,0.01134,0.014531,0.016351,0.017299,0.021299,0.031135,0.037897,0.039429,0.041047,0.041297,0.045096,0.090723,0.10163,0.10416,0.11042,0.12949,0.13973,0.17468,0.17955,0.18637,0.18969,0.20047,0.21791,0.22631,0.23319,0.25761,0.26687,0.29639,0.30443,0.33015,0.33673,0.34665,0.34715,0.3546,0.37621,0.42322,0.42418,0.4651,0.48742,0.50708,0.6164,0.65126,0.65469,0.73924,0.75807,0.7601,0.8002,0.80117,0.83273,0.87199,0.91854,0.92528,0.9403,0.96552,0.97439,0.98126,0.98746,0.99853,1,1,0.99959,0.99751,0.99701,0.99086,0.98757,0.98421,0.97316,0.96974,0.96243,0.95363,0.9347,0.91559,0.83419,0.82382,0.81209,0.79119,0.76248,0.75895,0.71469,0.71214,0.69892,0.68264,0.65974,0.39152,0.37387,0.36576,0.35118,0.34571,0.32944,0.27402,0.267,0.25494,0.24162,0.2331,0.196,0.19311,0.16367,0.13387,0.11173,0.10998,0.089176,0.073556,0.0727,0.066683,0.055534,0.055304,0.054796,0.043457,0.042492,0.037007,0.034538,0.029507,0.028253,0.022837,0.021968,0.017525,0.01648
1,4.3623E-27,5.5308E-27,6.308E-27,9.9141E-27,1.7568E-26,1.7803E-26,2.0709E-26,3.8022E-26,1.3468E-25,1.7011E-25,1.8659E-25,1.8721E-25,2.6869E-25,5.0806E-25,5.5218E-25,8.516E-25,3.1879E-24,1.1303E-23,1.3355E-23,2.9004E-23,4.5103E-23,6.4202E-23,7.2899E-23,1.163E-22,1.1964E-22,1.8652E-22,3.5946E-22,6.3792E-22,8.1213E-22,2.405E-21,2.5124E-21,6.0214E-21,9.8706E-21,1.1231E-20,1.951E-20,2.6692E-20,2.6834E-20,3.1652E-20,3.5339E-19,3.7053E-18,6.4082E-18,6.5168E-18,6.5287E-18,1.1815E-17,3.0935E-17,3.5609E-17,3.9158E-17,1.7536E-16,2.0785E-16,2.2767E-16,1.0016E-15,3.2378E-15,6.613E-15,1.059E-14,1.8628E-14,1.431E-13,2.8855E-13,3.1372E-13,8.0478E-13,2.2774E-12,3.6232E-12,3.6295E-12,6.9808E-12,1.0048E-11,1.289E-11,1.7676E-11,2.304E-11,3.3269E-11,3.8863E-11,6.0891E-11,1.3257E-10,1.8652E-10,3.1933E-10,9.1985E-10,0.000000001,0.0000000015267,0.0000000019317,0.0000000038342,0.000000012295,0.000000016776,0.000000039146,0.000000076,0.00000010867,0.00000020158,0.00000021876,0.000000236,0.00000034528,0.00000042688,0.00000042881,0.00000051049,0.00000058216,0.00000072707,0.00000074063,0.00000074666,0.00000078126,0.00000088442,0.0000010853,0.0000012066,0.0000019555,0.0000019573,0.0000034616,0.0000034874,0.0000039334,0.0000042507,0.0000044681,0.0000052521,0.0000062063,0.000010453,0.000011251,0.000014236,0.0000385,0.00005166,0.000056974,0.00010316,0.00011063,0.00011952,0.00021303,0.00023091,0.00029278,0.00032206,0.00033277,0.00035436,0.00052987,0.00079341,0.00082654,0.00091845,0.0011053,0.0019064,0.0019516,0.0020259,0.0048223,0.008297,0.010333,0.011322,0.014508,0.016325,0.017272,0.021267,0.031091,0.037845,0.039375,0.040991,0.041241,0.045035,0.090615,0.10151,0.10404,0.1103,0.12935,0.13958,0.17451,0.17937,0.18619,0.1895,0.20027,0.2177,0.2261,0.23298,0.25738,0.26663,0.29614,0.30417,0.32988,0.33646,0.34638,0.34687,0.35433,0.37592,0.42292,0.42388,0.46479,0.4871,0.50676,0.61608,0.65093,0.65436,0.73893,0.75777,0.7598,0.79991,0.80088,0.83246,0.87174,0.91834,0.92508,0.94012,0.96538,0.97427,0.98115,0.98737,0.9985,1,1,0.99961,0.99755,0.99706,0.99093,0.98766,0.98431,0.97329,0.96987,0.96257,0.95379,0.93488,0.9158,0.83446,0.8241,0.81237,0.79148,0.76278,0.75925,0.71501,0.71246,0.69924,0.68296,0.66007,0.39181,0.37415,0.36604,0.35145,0.34599,0.32971,0.27426,0.26723,0.25516,0.24184,0.23331,0.19619,0.1933,0.16384,0.13402,0.11186,0.11011,0.089282,0.073647,0.07279,0.066767,0.055606,0.055376,0.054867,0.043516,0.04255,0.037058,0.034586,0.029549,0.028294,0.022871,0.022001,0.017552,0.016505
1,3.2047E-27,4.0657E-27,4.6386E-27,7.2987E-27,1.2952E-26,1.3126E-26,1.5275E-26,2.8088E-26,9.9822E-26,1.2616E-25,1.3842E-25,1.3887E-25,1.995E-25,3.7788E-25,4.1078E-25,6.3425E-25,2.3826E-24,8.4767E-24,1.0021E-23,2.1808E-23,3.3954E-23,4.8379E-23,5.4952E-23,8.7779E-23,9.0308E-23,1.4097E-22,2.7217E-22,4.838E-22,6.1635E-22,1.8308E-21,1.9129E-21,4.5961E-21,7.545E-21,8.588E-21,1.4943E-20,2.0462E-20,2.0571E-20,2.4277E-20,2.7301E-19,2.8833E-18,4.9952E-18,5.0801E-18,5.0894E-18,9.2274E-18,2.4235E-17,2.7909E-17,3.0699E-17,1.3815E-16,1.6384E-16,1.7952E-16,7.937E-16,2.5759E-15,5.2739E-15,8.4591E-15,1.491E-14,1.1537E-13,2.3324E-13,2.5366E-13,6.53E-13,1.8552E-12,2.9567E-12,2.9618E-12,5.7112E-12,8.2321E-12,1.0571E-11,1.4514E-11,1.8939E-11,2.7388E-11,3.2012E-11,5.0248E-11,1.0975E-10,1.5463E-10,2.6534E-10,7.6778E-10,8.5325E-10,0.0000000012771,0.0000000016176,0.0000000032206,0.000000010383,0.000000014186,0.000000033237,0.000000064772,0.000000092724,0.00000017253,0.00000018731,0.00000020213,0.00000029634,0.00000036677,0.00000036843,0.000000439,0.000000501,0.00000062642,0.00000063816,0.00000064339,0.00000067336,0.00000076277,0.000000937,0.0000010424,0.0000016938,0.0000016953,0.0000030077,0.0000030302,0.0000034201,0.0000036976,0.0000038877,0.0000045741,0.0000054102,0.00000914,0.0000098421,0.00001247,0.000033928,0.000045609,0.000050332,0.000091485,0.000098152,0.00010609,0.00018982,0.00020587,0.00026146,0.0002878,0.00029744,0.00031687,0.00047517,0.00071361,0.00074363,0.00082697,0.0009966,0.0017262,0.0017674,0.0018353,0.0043998,0.0076063,0.0094914,0.010409,0.013369,0.015061,0.015943,0.019672,0.028872,0.035219,0.036659,0.03818,0.038415,0.041991,0.085198,0.095585,0.097999,0.10397,0.12219,0.132,0.16556,0.17024,0.17682,0.18002,0.19041,0.20725,0.21537,0.22204,0.2457,0.25469,0.2834,0.29122,0.31631,0.32274,0.33244,0.33292,0.34021,0.36137,0.40754,0.40848,0.44881,0.47086,0.49032,0.59912,0.63404,0.63748,0.72276,0.74186,0.74392,0.7848,0.7858,0.81817,0.85873,0.90745,0.91457,0.93057,0.95787,0.96769,0.97544,0.9826,0.99659,0.99959,0.99961,1,0.99911,0.99881,0.99429,0.99163,0.98883,0.97926,0.97622,0.96965,0.96165,0.94415,0.92624,0.84828,0.83822,0.82682,0.80644,0.77833,0.77487,0.73128,0.72876,0.71569,0.69957,0.67684,0.40693,0.38895,0.38068,0.36581,0.36023,0.34359,0.28676,0.27954,0.26712,0.2534,0.24461,0.20626,0.20327,0.17272,0.14169,0.11855,0.11672,0.094903,0.078472,0.077569,0.071225,0.059448,0.059205,0.058667,0.046653,0.045628,0.0398,0.037172,0.031812,0.030474,0.024688,0.023758,0.018996,0.017874
1,2.0102E-27,2.5526E-27,2.9138E-27,4.5927E-27,8.1682E-27,8.2783E-27,9.6389E-27,1.7767E-26,6.3454E-26,8.027E-26,8.8101E-26,8.8392E-26,1.2717E-25,2.4147E-25,2.6259E-25,4.0614E-25,1.5338E-24,5.4851E-24,6.4887E-24,1.4167E-23,2.2097E-23,3.1531E-23,3.5834E-23,5.7352E-23,5.9012E-23,9.2286E-23,1.7868E-22,3.1838E-22,4.0603E-22,1.2118E-21,1.2663E-21,3.0541E-21,5.0245E-21,5.7223E-21,9.981E-21,1.3687E-20,1.376E-20,1.625E-20,1.8475E-19,1.9725E-18,3.4261E-18,3.4846E-18,3.491E-18,6.3473E-18,1.6748E-17,1.93E-17,2.1239E-17,9.6286E-17,1.1429E-16,1.2528E-16,5.5802E-16,1.8219E-15,3.7441E-15,6.0201E-15,1.0642E-14,8.3261E-14,1.6898E-13,1.8386E-13,4.7581E-13,1.3598E-12,2.173E-12,2.1768E-12,4.2135E-12,6.0864E-12,7.8271E-12,1.0767E-11,1.4072E-11,2.0395E-11,2.3862E-11,3.7557E-11,8.2426E-11,1.1638E-10,2.0039E-10,5.8382E-10,6.4926E-10,0.000000001,0.0000000012361,0.0000000024723,0.000000008,0.000000011,0.000000025932,0.000000050781,0.000000072887,0.00000013625,0.000000148,0.00000015982,0.000000235,0.00000029132,0.00000029265,0.00000034919,0.00000039889,0.00000049964,0.00000050909,0.00000051329,0.00000053739,0.00000060935,0.00000074977,0.00000083479,0.0000013618,0.0000013631,0.0000024297,0.0000024481,0.0000027658,0.0000029922,0.0000031474,0.0000037082,0.0000043923,0.0000074541,0.000008032,0.000010198,0.000027999,0.000037743,0.00004169,0.000076214,0.000081825,0.000088509,0.00015929,0.0001729,0.00022013,0.00024255,0.00025076,0.00026732,0.0004026,0.0006073,0.00063314,0.00070494,0.00085132,0.0014839,0.0015198,0.0015789,0.0038261,0.0066622,0.0083384,0.0091561,0.011802,0.013319,0.01411,0.017464,0.025785,0.031553,0.032865,0.034251,0.034466,0.03773,0.077522,0.087165,0.089411,0.094969,0.11198,0.12116,0.15271,0.15712,0.16333,0.16635,0.17618,0.19215,0.19986,0.2062,0.22875,0.23733,0.26482,0.27233,0.29645,0.30265,0.312,0.31247,0.31951,0.33998,0.38482,0.38574,0.42511,0.44672,0.46585,0.57359,0.6085,0.61195,0.69801,0.71746,0.71956,0.76143,0.76246,0.79591,0.83825,0.88996,0.89763,0.91499,0.94526,0.95645,0.96545,0.974,0.99224,0.99751,0.99755,0.99911,1,0.99998,0.9979,0.99618,0.99421,0.98687,0.98441,0.97898,0.97218,0.95689,0.94081,0.86827,0.85871,0.84784,0.82831,0.80119,0.79783,0.7554,0.75294,0.74013,0.72429,0.70189,0.43021,0.41178,0.40329,0.38799,0.38225,0.3651,0.30624,0.29873,0.2858,0.27149,0.2623,0.2221,0.21895,0.18674,0.15386,0.12922,0.12726,0.1039,0.086222,0.085249,0.0784,0.06565,0.065387,0.064803,0.051738,0.05062,0.044256,0.041381,0.035504,0.034033,0.027663,0.026637,0.02137,0.020126
1,1.8665E-27,2.3704E-27,2.706E-27,4.2664E-27,7.5905E-27,7.6929E-27,8.9582E-27,1.6518E-26,5.9041E-26,7.4699E-26,8.199E-26,8.2262E-26,1.1837E-25,2.2487E-25,2.4454E-25,3.7834E-25,1.43E-24,5.1181E-24,6.0552E-24,1.3227E-23,2.0637E-23,2.9455E-23,3.3478E-23,5.3597E-23,5.5149E-23,8.6271E-23,1.6711E-22,2.9788E-22,3.7994E-22,1.1347E-21,1.1858E-21,2.8618E-21,4.7097E-21,5.3643E-21,9.3601E-21,1.2838E-20,1.2907E-20,1.5245E-20,1.7361E-19,1.8569E-18,3.2266E-18,3.2817E-18,3.2877E-18,5.9804E-18,1.5791E-17,1.82E-17,2.003E-17,9.0909E-17,1.0792E-16,1.1831E-16,5.2759E-16,1.7242E-15,3.5453E-15,5.7028E-15,1.0086E-14,7.9047E-14,1.6052E-13,1.7467E-13,4.5241E-13,1.2942E-12,2.069E-12,2.0726E-12,4.0143E-12,5.8006E-12,7.4613E-12,1.0267E-11,1.3422E-11,1.9459E-11,2.277E-11,3.5855E-11,7.8752E-11,1.1123E-10,1.9162E-10,5.5889E-10,6.216E-10,9.3323E-10,0.0000000011842,0.0000000023703,0.0000000077125,0.000000010565,0.000000024926,0.000000048848,0.000000070143,0.00000013122,0.00000014256,0.00000015394,0.00000022646,0.00000028082,0.0000002821,0.00000033667,0.00000038466,0.000000482,0.00000049107,0.00000049512,0.00000051841,0.00000058792,0.00000072358,0.00000080574,0.0000013153,0.0000013164,0.0000023484,0.0000023662,0.0000026737,0.0000028929,0.0000030431,0.0000035862,0.0000042487,0.0000072155,0.0000077757,0.000009876,0.000027154,0.00003662,0.000040455,0.000074024,0.000079483,0.000085986,0.00015489,0.00016815,0.00021416,0.00023601,0.00024402,0.00026016,0.00039208,0.00059185,0.00061708,0.00068718,0.00083015,0.0014485,0.0014836,0.0015414,0.0037416,0.0065224,0.0081675,0.0089701,0.011569,0.013059,0.013837,0.017135,0.025322,0.031002,0.032294,0.033661,0.033872,0.037088,0.076357,0.085885,0.088104,0.093598,0.11042,0.1195,0.15074,0.15511,0.16126,0.16426,0.174,0.18982,0.19747,0.20376,0.22613,0.23465,0.26194,0.2694,0.29337,0.29953,0.30883,0.30929,0.31629,0.33665,0.38127,0.38219,0.4214,0.44294,0.462,0.56955,0.60444,0.60789,0.69404,0.71354,0.71565,0.75766,0.75869,0.7923,0.8349,0.88707,0.89483,0.9124,0.94312,0.95452,0.96372,0.97249,0.99139,0.99701,0.99706,0.99881,0.99998,1,0.99831,0.99674,0.99491,0.98792,0.98556,0.98031,0.97371,0.95877,0.94299,0.87134,0.86187,0.85108,0.8317,0.80475,0.80141,0.75918,0.75672,0.74396,0.72818,0.70584,0.43395,0.41546,0.40693,0.39157,0.3858,0.36858,0.3094,0.30184,0.28884,0.27443,0.26518,0.22469,0.22152,0.18904,0.15586,0.13098,0.129,0.10539,0.087507,0.086522,0.079591,0.066682,0.066415,0.065824,0.052586,0.051453,0.045,0.042084,0.036122,0.03463,0.028163,0.02712,0.02177,0.020506
1,9.7683E-28,1.2421E-27,1.419E-27,2.2426E-27,4.002E-27,4.0563E-27,4.7272E-27,8.7452E-27,3.1473E-26,3.987E-26,4.3784E-26,4.3929E-26,6.3339E-26,1.2074E-25,1.3137E-25,2.0373E-25,7.7572E-25,2.7962E-24,3.3112E-24,7.265E-24,1.1364E-23,1.6252E-23,1.8485E-23,2.9675E-23,3.0539E-23,4.7896E-23,9.3131E-23,1.6657E-22,2.1276E-22,6.3956E-22,6.6852E-22,1.6219E-21,2.6772E-21,3.0516E-21,5.3427E-21,7.3419E-21,7.3815E-21,8.7274E-21,1.009E-19,1.0955E-18,1.9104E-18,1.9432E-18,1.9468E-18,3.5551E-18,9.4473E-18,1.0898E-17,1.2002E-17,5.5029E-17,6.5401E-17,7.1741E-17,3.2323E-16,1.0651E-15,2.2014E-15,3.5531E-15,6.3101E-15,5.0209E-14,1.0251E-13,1.1161E-13,2.912E-13,8.3986E-13,1.3477E-12,1.3501E-12,2.6287E-12,3.8097E-12,4.9104E-12,6.7745E-12,8.8757E-12,1.2908E-11,1.5124E-11,2.3905E-11,5.2855E-11,7.4877E-11,1.296E-10,3.8157E-10,4.2478E-10,6.4008E-10,8.1395E-10,0.0000000016396,0.0000000053944,0.0000000074116,0.000000017633,0.000000034788,0.000000050136,0.000000094394,0.00000010264,0.00000011092,0.00000016384,0.00000020362,0.00000020457,0.0000002446,0.00000027986,0.00000035149,0.00000035822,0.00000036121,0.00000037838,0.0000004297,0.00000053006,0.00000059094,0.00000096987,0.00000097076,0.0000017431,0.0000017564,0.0000019875,0.0000021524,0.0000022655,0.0000026749,0.0000031753,0.0000054265,0.000005853,0.0000074554,0.000020757,0.000028101,0.000031084,0.00005733,0.000061616,0.000066728,0.00012117,0.0001317,0.0001683,0.00018573,0.00019212,0.00020501,0.00031082,0.00047208,0.00049251,0.00054936,0.00066558,0.0011716,0.0012005,0.0012479,0.0030747,0.0054134,0.0068071,0.0074893,0.0097065,0.010983,0.011651,0.014489,0.021588,0.026548,0.027679,0.028877,0.029062,0.031887,0.066799,0.075365,0.077364,0.082321,0.097552,0.10581,0.13437,0.13839,0.14404,0.1468,0.15579,0.17042,0.17752,0.18335,0.20419,0.21214,0.23773,0.24474,0.26735,0.27318,0.28199,0.28242,0.28906,0.30841,0.35107,0.35195,0.3897,0.41053,0.42903,0.53453,0.56918,0.57262,0.65924,0.67907,0.68122,0.72428,0.72534,0.76016,0.80485,0.86069,0.86913,0.88843,0.92296,0.93613,0.94698,0.95758,0.98217,0.99086,0.99093,0.99429,0.9979,0.99831,1,0.99974,0.99908,0.99524,0.99371,0.99008,0.98521,0.97345,0.96035,0.89685,0.88815,0.8782,0.86016,0.83481,0.83165,0.79136,0.789,0.77671,0.76144,0.73973,0.46706,0.44802,0.43922,0.42334,0.41737,0.39949,0.33768,0.32974,0.31605,0.30085,0.29107,0.24804,0.24466,0.20988,0.17408,0.14704,0.14488,0.11904,0.099336,0.098247,0.090574,0.076226,0.075928,0.075269,0.060463,0.059191,0.051932,0.048643,0.041897,0.040205,0.032846,0.031656,0.025531,0.024078
1,7.5879E-28,9.6534E-28,1.1031E-27,1.745E-27,3.1177E-27,3.16E-27,3.6839E-27,6.8237E-27,2.4623E-26,3.1208E-26,3.4278E-26,3.4392E-26,4.9626E-26,9.4731E-26,1.0308E-25,1.6001E-25,6.1102E-25,2.2086E-24,2.6164E-24,5.7503E-24,9.0036E-24,1.2887E-23,1.4662E-23,2.3561E-23,2.4249E-23,3.8069E-23,7.4133E-23,1.3277E-22,1.6968E-22,5.1132E-22,5.3453E-22,1.2994E-21,2.1474E-21,2.4486E-21,4.2925E-21,5.9031E-21,5.9351E-21,7.02E-21,8.1632E-20,8.9153E-19,1.5568E-18,1.5837E-18,1.5866E-18,2.9017E-18,7.7303E-18,8.9209E-18,9.8267E-18,4.5233E-17,5.3783E-17,5.9011E-17,2.6694E-16,8.8247E-16,1.8275E-15,2.9535E-15,5.2537E-15,4.2051E-14,8.6029E-14,9.3696E-14,2.4515E-13,7.0928E-13,1.1398E-12,1.1418E-12,2.2278E-12,3.2324E-12,4.1696E-12,5.7583E-12,7.5508E-12,1.0994E-11,1.2888E-11,2.0401E-11,4.5225E-11,6.4141E-11,1.1122E-10,3.2866E-10,3.6602E-10,5.5231E-10,7.0294E-10,0.0000000014195,0.0000000046903,0.0000000064517,0.000000015399,0.00000003046,0.000000044,0.000000083,0.000000090256,0.000000097567,0.00000014433,0.00000017954,0.00000018038,0.00000021584,0.00000024709,0.00000031062,0.00000031659,0.00000031925,0.00000033449,0.00000038006,0.00000046923,0.00000052337,0.00000086079,0.00000086158,0.000001551,0.0000015629,0.0000017695,0.000001917,0.0000020182,0.0000023846,0.0000028329,0.0000048531,0.0000052364,0.0000066775,0.000018682,0.000025329,0.000028032,0.000051861,0.000055759,0.00006041,0.00011004,0.00011965,0.00015312,0.00016906,0.00017491,0.00018671,0.00028373,0.00043196,0.00045077,0.00050312,0.00061025,0.0010779,0.0011046,0.0011486,0.0028463,0.0050306,0.0063359,0.0069757,0.009058,0.010259,0.010887,0.013563,0.020271,0.024971,0.026045,0.027181,0.027358,0.03004,0.063358,0.071567,0.073485,0.078242,0.092881,0.10083,0.12838,0.13227,0.13773,0.1404,0.1491,0.16328,0.17016,0.17582,0.19607,0.20381,0.22873,0.23557,0.25764,0.26333,0.27195,0.27237,0.27887,0.29782,0.33967,0.34054,0.37768,0.39822,0.41648,0.52103,0.55553,0.55896,0.6456,0.66551,0.66767,0.71106,0.71213,0.74733,0.79273,0.84987,0.85856,0.87848,0.9144,0.92823,0.9397,0.95098,0.97771,0.98757,0.98766,0.99163,0.99618,0.99674,0.99974,1,0.9998,0.99718,0.99598,0.99299,0.98881,0.97832,0.96631,0.90613,0.89777,0.88816,0.87068,0.84602,0.84294,0.8035,0.80118,0.7891,0.77407,0.75264,0.48016,0.46093,0.45204,0.43598,0.42993,0.41182,0.34904,0.34096,0.32701,0.31151,0.30153,0.25753,0.25406,0.21838,0.18155,0.15366,0.15143,0.12469,0.10426,0.10313,0.095154,0.08022,0.07991,0.079224,0.063775,0.062447,0.054856,0.051412,0.044343,0.042567,0.034838,0.033587,0.027137,0.025606
1,6.051E-28,7.7015E-28,8.8024E-28,1.3936E-27,2.4926E-27,2.5265E-27,2.9462E-27,5.4635E-27,1.9762E-26,2.5057E-26,2.7527E-26,2.7619E-26,3.988E-26,7.622E-26,8.2954E-26,1.2887E-25,4.9337E-25,1.7878E-24,2.1186E-24,4.6633E-24,7.308E-24,1.0467E-23,1.1912E-23,1.916E-23,1.9721E-23,3.0988E-23,6.0424E-23,1.0834E-22,1.3853E-22,4.184E-22,4.3743E-22,1.0653E-21,1.7624E-21,2.0101E-21,3.5279E-21,4.8549E-21,4.8812E-21,5.7755E-21,6.7513E-20,7.4119E-19,1.2959E-18,1.3183E-18,1.3208E-18,2.4188E-18,6.458E-18,7.4551E-18,8.2139E-18,3.7942E-17,4.5133E-17,4.9531E-17,2.2486E-16,7.4549E-16,1.5466E-15,2.5025E-15,4.4578E-15,3.5869E-14,7.3518E-14,8.0088E-14,2.1007E-13,6.0954E-13,9.8077E-13,9.8252E-13,1.9205E-12,2.7894E-12,3.6007E-12,4.9772E-12,6.5315E-12,9.5201E-12,1.1165E-11,1.7697E-11,3.9322E-11,5.5827E-11,9.6963E-11,2.8747E-10,3.2025E-10,4.8386E-10,6.1628E-10,0.0000000012472,0.000000004137,0.0000000056966,0.000000013636,0.000000027,0.000000039068,0.000000073905,0.000000080415,0.000000087,0.00000012881,0.00000016036,0.00000016111,0.00000019291,0.000000221,0.000000278,0.00000028336,0.00000028574,0.00000029944,0.00000034039,0.00000042059,0.0000004693,0.00000077333,0.00000077405,0.0000013966,0.0000014074,0.0000015942,0.0000017276,0.0000018191,0.0000021508,0.000002557,0.00000439,0.0000047381,0.0000060482,0.000016995,0.000023073,0.000025546,0.000047393,0.000050972,0.000055244,0.00010092,0.00010977,0.00014064,0.00015536,0.00016076,0.00017166,0.0002614,0.00039881,0.00041626,0.00046487,0.00056443,0.00099997,0.0010249,0.0010659,0.0026552,0.0047091,0.0059397,0.0065435,0.0085112,0.0096472,0.010243,0.012779,0.019154,0.023631,0.024655,0.025739,0.025907,0.028467,0.060405,0.068304,0.07015,0.074733,0.088854,0.096532,0.1232,0.12696,0.13227,0.13486,0.1433,0.15708,0.16377,0.16928,0.189,0.19654,0.22087,0.22755,0.24915,0.25472,0.26316,0.26357,0.26994,0.28853,0.32966,0.33051,0.36709,0.38735,0.40539,0.50903,0.54336,0.54678,0.63336,0.65334,0.65551,0.69913,0.70021,0.73573,0.78172,0.83995,0.84884,0.8693,0.90642,0.92082,0.93282,0.94471,0.97332,0.98421,0.98431,0.98883,0.99421,0.99491,0.99908,0.9998,1,0.9985,0.99759,0.99517,0.99161,0.98228,0.97124,0.91412,0.90606,0.89677,0.87982,0.8558,0.85279,0.81416,0.81188,0.8,0.7852,0.76406,0.49197,0.47259,0.46362,0.4474,0.44129,0.42298,0.35936,0.35116,0.33698,0.32122,0.31106,0.2662,0.26266,0.22618,0.18843,0.15976,0.15747,0.12992,0.10882,0.10765,0.099403,0.083934,0.083612,0.0829,0.066862,0.065482,0.057585,0.053999,0.04663,0.044778,0.036706,0.035398,0.028647,0.027042
1,3.2694E-28,4.166E-28,4.7647E-28,7.5607E-28,1.3562E-27,1.3747E-27,1.6043E-27,2.9842E-27,1.0864E-26,1.3792E-26,1.5158E-26,1.5209E-26,2.2002E-26,4.2189E-26,4.5937E-26,7.1526E-26,2.7572E-25,1.0058E-24,1.193E-24,2.637E-24,4.1424E-24,5.9445E-24,6.7695E-24,1.0917E-23,1.1238E-23,1.7701E-23,3.464E-23,6.2309E-23,7.9778E-23,2.4242E-22,2.5351E-22,6.2046E-22,1.0293E-21,1.1748E-21,2.0685E-21,2.8518E-21,2.8673E-21,3.3959E-21,4.0262E-20,4.4833E-19,7.8652E-19,8.002E-19,8.0169E-19,1.4736E-18,3.9581E-18,4.5733E-18,5.0418E-18,2.3513E-17,2.8E-17,3.0746E-17,1.4094E-16,4.7093E-16,9.8169E-16,1.5936E-15,2.8497E-15,2.326E-14,4.7915E-14,5.2228E-14,1.3794E-13,4.0334E-13,6.5127E-13,6.5244E-13,1.2816E-12,1.8667E-12,2.4143E-12,3.3455E-12,4.3993E-12,6.4308E-12,7.5514E-12,1.2012E-11,2.6858E-11,3.8238E-11,6.6708E-11,1.9954E-10,2.2249E-10,3.3731E-10,4.305E-10,8.7649E-10,0.0000000029377,0.0000000040567,0.0000000097875,0.000000019528,0.000000028316,0.000000053889,0.000000058683,0.000000063502,0.000000094431,0.00000011781,0.00000011837,0.000000142,0.00000016283,0.00000020535,0.00000020935,0.00000021113,0.00000022135,0.000000252,0.000000312,0.00000034849,0.0000005772,0.00000057774,0.0000010489,0.000001057,0.0000011989,0.0000013003,0.00000137,0.0000016227,0.0000019328,0.0000033379,0.0000036057,0.0000046152,0.000013123,0.00001788,0.000019821,0.000037047,0.00003988,0.000043266,0.000079636,0.000086718,0.00011146,0.00012328,0.00012763,0.0001364,0.00020887,0.00032052,0.00033475,0.00037441,0.00045584,0.0008143,0.00083491,0.00086884,0.0021948,0.0039292,0.0049754,0.0054904,0.0071744,0.0081502,0.0086625,0.010851,0.016391,0.020306,0.021204,0.022156,0.022303,0.024555,0.052963,0.060062,0.061725,0.065857,0.078634,0.085606,0.10995,0.1134,0.11827,0.12065,0.12842,0.14113,0.14732,0.15242,0.17073,0.17776,0.20048,0.20675,0.22703,0.23228,0.24023,0.24063,0.24664,0.26422,0.30333,0.30414,0.33915,0.35863,0.37602,0.47687,0.51065,0.51402,0.60011,0.62016,0.62234,0.66642,0.66752,0.70372,0.75106,0.81195,0.82136,0.84316,0.88332,0.89918,0.91256,0.926,0.95954,0.97316,0.97329,0.97926,0.98687,0.98792,0.99524,0.99718,0.9985,1,0.99989,0.99905,0.9972,0.99103,0.98272,0.93422,0.92701,0.91865,0.90323,0.88108,0.87828,0.84204,0.83988,0.82861,0.81451,0.79423,0.5244,0.50466,0.4955,0.47892,0.47266,0.45386,0.38812,0.37959,0.36483,0.34838,0.33775,0.29061,0.28688,0.24824,0.20798,0.17719,0.17472,0.14493,0.12196,0.12069,0.11167,0.094692,0.094338,0.093554,0.075847,0.074317,0.06555,0.061559,0.053334,0.051261,0.042202,0.040729,0.033108,0.03129
1,2.7726E-28,3.5342E-28,4.0427E-28,6.419E-28,1.1523E-27,1.1681E-27,1.3634E-27,2.5381E-27,9.2558E-27,1.1754E-26,1.292E-26,1.2964E-26,1.8763E-26,3.601E-26,3.9214E-26,6.1095E-26,2.3595E-25,8.6227E-25,1.023E-24,2.2637E-24,3.5582E-24,5.1087E-24,5.8189E-24,9.3899E-24,9.6664E-24,1.5236E-23,2.9845E-23,5.3729E-23,6.8818E-23,2.0945E-22,2.1905E-22,5.3683E-22,8.9126E-22,1.0175E-21,1.7929E-21,2.473E-21,2.4865E-21,2.9456E-21,3.5056E-20,3.9184E-19,6.8804E-19,7.0002E-19,7.0133E-19,1.2904E-18,3.4716E-18,4.0121E-18,4.4238E-18,2.0684E-17,2.4638E-17,2.7059E-17,1.2435E-16,4.1638E-16,8.6911E-16,1.412E-15,2.5277E-15,2.071E-14,4.272E-14,4.6573E-14,1.2323E-13,3.6107E-13,5.8356E-13,5.8461E-13,1.1499E-12,1.6761E-12,2.1689E-12,3.0074E-12,3.957E-12,5.7887E-12,6.7995E-12,1.0827E-11,2.4248E-11,3.4547E-11,6.0341E-11,1.8092E-10,2.0178E-10,3.062E-10,3.91E-10,7.9733E-10,0.0000000026799,0.0000000037035,0.000000009,0.000000017895,0.000000026,0.000000049508,0.000000053923,0.000000058363,0.000000086877,0.00000010845,0.000000109,0.00000013076,0.00000015,0.0000001893,0.000000193,0.00000019465,0.0000002041,0.00000023239,0.00000028792,0.00000032172,0.00000053359,0.00000053409,0.0000009712,0.00000097879,0.0000011106,0.0000012048,0.0000012695,0.0000015044,0.0000017927,0.000003101,0.0000033505,0.0000042917,0.000012242,0.000016695,0.000018513,0.000034673,0.000037333,0.000040513,0.000074721,0.000081389,0.0001047,0.00011585,0.00011994,0.00012822,0.00019664,0.00030221,0.00031567,0.00035322,0.00043036,0.00077048,0.00079005,0.00082229,0.002085,0.0037419,0.0047433,0.0052365,0.0068511,0.0077876,0.0082795,0.010383,0.015715,0.019491,0.020357,0.021276,0.021418,0.023593,0.051111,0.058006,0.059622,0.063639,0.076072,0.082864,0.10661,0.10998,0.11474,0.11706,0.12465,0.13709,0.14314,0.14814,0.16608,0.17297,0.19527,0.20142,0.22136,0.22652,0.23434,0.23473,0.24065,0.25796,0.29652,0.29732,0.33189,0.35115,0.36836,0.4684,0.50201,0.50536,0.59124,0.61128,0.61346,0.65762,0.65872,0.69507,0.74271,0.80423,0.81377,0.83589,0.8768,0.89303,0.90677,0.9206,0.9554,0.96974,0.96987,0.97622,0.98441,0.98556,0.99371,0.99598,0.99759,0.99989,1,0.99958,0.99818,0.99287,0.9853,0.93917,0.93221,0.9241,0.90912,0.8875,0.88476,0.84921,0.84709,0.836,0.82209,0.80208,0.53314,0.51332,0.50412,0.48745,0.48115,0.46224,0.39597,0.38736,0.37246,0.35582,0.34508,0.29735,0.29356,0.25436,0.21342,0.18207,0.17954,0.14914,0.12567,0.12436,0.11513,0.09774,0.097377,0.096573,0.078403,0.076832,0.067822,0.063718,0.055252,0.053118,0.04378,0.042261,0.034394,0.032515
1,2.0022E-28,2.5537E-28,2.9222E-28,4.6453E-28,8.3514E-28,8.4662E-28,9.8859E-28,1.8434E-27,6.7451E-27,8.5711E-27,9.424E-27,9.4558E-27,1.3699E-26,2.6337E-26,2.8686E-26,4.4746E-26,1.7344E-25,6.3608E-25,7.5498E-25,1.6743E-24,2.6351E-24,3.7872E-24,4.3152E-24,6.9727E-24,7.1786E-24,1.1329E-23,2.2235E-23,4.0095E-23,5.1391E-23,1.5691E-22,1.6412E-22,4.0327E-22,6.7052E-22,7.6576E-22,1.3517E-21,1.8661E-21,1.8763E-21,2.2239E-21,2.6665E-20,3.0028E-19,5.282E-19,5.3743E-19,5.3844E-19,9.9258E-19,2.6789E-18,3.0974E-18,3.4163E-18,1.6054E-17,1.9134E-17,2.102E-17,9.7095E-17,3.2645E-16,6.8313E-16,1.1117E-15,1.9942E-15,1.6463E-14,3.4048E-14,3.7131E-14,9.8604E-14,2.9009E-13,4.697E-13,4.7055E-13,9.2799E-13,1.3546E-12,1.7547E-12,2.4362E-12,3.2088E-12,4.7014E-12,5.526E-12,8.8153E-12,1.9808E-11,2.8263E-11,4.9481E-11,1.4905E-10,1.6632E-10,2.5284E-10,3.2321E-10,6.6118E-10,0.0000000022345,0.0000000030926,0.000000007508,0.000000015055,0.000000021889,0.000000041859,0.000000045612,0.000000049387,0.000000073663,0.000000092058,0.000000092496,0.0000001111,0.00000012756,0.00000016115,0.00000016432,0.00000016572,0.00000017381,0.000000198,0.00000024564,0.00000027464,0.00000045672,0.00000045715,0.000000834,0.00000084056,0.00000095439,0.0000010358,0.0000010918,0.0000012951,0.0000015447,0.0000026803,0.0000028973,0.0000037164,0.000010667,0.000014575,0.000016173,0.000030409,0.000032758,0.000035567,0.000065859,0.000071777,0.00009249,0.00010241,0.00010605,0.00011342,0.00017446,0.00026895,0.00028101,0.0003147,0.00038397,0.00069043,0.0007081,0.00073722,0.0018831,0.0033963,0.0043141,0.0047669,0.0062518,0.0071148,0.0075685,0.0095114,0.014455,0.017967,0.018774,0.01963,0.019763,0.021791,0.047617,0.054123,0.055649,0.059446,0.071218,0.077662,0.10025,0.10347,0.108,0.11022,0.11747,0.12937,0.13517,0.13996,0.15717,0.1638,0.18527,0.1912,0.21045,0.21544,0.22301,0.22338,0.22911,0.24589,0.28335,0.28413,0.31783,0.33665,0.35349,0.45186,0.48508,0.4884,0.57376,0.59378,0.59596,0.6402,0.64131,0.67788,0.72606,0.78872,0.7985,0.82122,0.86356,0.88049,0.89489,0.90947,0.94672,0.96243,0.96257,0.96965,0.97898,0.98031,0.99008,0.99299,0.99517,0.99905,0.99958,1,0.99951,0.99589,0.9898,0.94843,0.94195,0.93437,0.92026,0.89973,0.89712,0.86298,0.86093,0.85021,0.83673,0.81726,0.55045,0.5305,0.52122,0.5044,0.49804,0.47891,0.41166,0.4029,0.38771,0.37074,0.35977,0.31089,0.307,0.26669,0.22443,0.19195,0.18933,0.15772,0.13322,0.13186,0.1222,0.10397,0.10359,0.10275,0.083644,0.081989,0.072488,0.068154,0.059202,0.056942,0.047038,0.045425,0.037054,0.035053
1,1.4034E-28,1.7912E-28,2.0504E-28,3.2637E-28,5.8773E-28,5.9583E-28,6.9605E-28,1.3002E-27,4.775E-27,6.0719E-27,6.6779E-27,6.7005E-27,9.7177E-27,1.8718E-26,2.0393E-26,3.185E-26,1.2394E-25,4.5631E-25,5.4189E-25,1.2046E-24,1.8984E-24,2.7314E-24,3.1135E-24,5.0383E-24,5.1875E-24,8.1984E-24,1.6123E-23,2.9127E-23,3.7362E-23,1.1448E-22,1.1975E-22,2.9509E-22,4.9143E-22,5.6147E-22,9.9286E-22,1.3722E-21,1.3797E-21,1.6362E-21,1.9778E-20,2.2454E-19,3.9573E-19,4.0267E-19,4.0343E-19,7.4526E-19,2.0183E-18,2.3348E-18,2.5761E-18,1.2172E-17,1.4516E-17,1.5953E-17,7.4099E-17,2.5025E-16,5.2512E-16,8.5616E-16,1.5392E-15,1.2811E-14,2.6572E-14,2.8988E-14,7.7282E-14,2.2837E-13,3.7051E-13,3.7118E-13,7.3411E-13,1.0733E-12,1.3918E-12,1.9351E-12,2.5519E-12,3.7451E-12,4.405E-12,7.0415E-12,1.588E-11,2.2694E-11,3.9831E-11,1.206E-10,1.3464E-10,2.0508E-10,2.6246E-10,5.3876E-10,0.0000000018317,0.0000000025392,0.0000000061923,0.000000012461,0.000000018154,0.000000034837,0.000000038,0.000000041138,0.000000061494,0.000000076945,0.000000077313,0.000000093,0.00000010681,0.00000013512,0.00000013778,0.000000139,0.00000014579,0.00000016624,0.00000020644,0.000000231,0.00000038522,0.00000038559,0.00000070593,0.00000071151,0.00000080848,0.00000087789,0.00000092564,0.0000010991,0.0000013124,0.0000022849,0.000002471,0.0000031745,0.0000091735,0.000012561,0.000013947,0.000026336,0.000028385,0.000030837,0.000057349,0.000062541,0.000080736,0.000089462,0.000092669,0.000099158,0.00015301,0.00023666,0.00024736,0.00027726,0.00033882,0.00061213,0.00062793,0.00065397,0.0016839,0.0030534,0.0038873,0.0042994,0.0056536,0.0064422,0.0068573,0.0086376,0.013185,0.016428,0.017174,0.017966,0.018089,0.019968,0.044044,0.050143,0.051576,0.055143,0.066223,0.072301,0.093675,0.096721,0.10103,0.10313,0.11002,0.12134,0.12687,0.13144,0.14788,0.15422,0.17479,0.18049,0.19899,0.2038,0.21109,0.21145,0.21697,0.23317,0.26943,0.27018,0.30292,0.32124,0.33766,0.4341,0.46686,0.47014,0.55479,0.57475,0.57693,0.62118,0.62229,0.65903,0.70768,0.77145,0.78146,0.80479,0.84857,0.86621,0.8813,0.89667,0.93646,0.95363,0.95379,0.96165,0.97218,0.97371,0.98521,0.98881,0.99161,0.9972,0.99818,0.99951,1,0.99824,0.99377,0.95771,0.95177,0.94478,0.93166,0.91237,0.9099,0.87739,0.87543,0.86514,0.85216,0.83333,0.56939,0.54933,0.53999,0.52303,0.51661,0.49728,0.42905,0.42013,0.40465,0.38733,0.37611,0.32602,0.32203,0.28053,0.23684,0.20312,0.2004,0.16745,0.14183,0.1404,0.13027,0.11111,0.11071,0.10982,0.089663,0.087914,0.07786,0.073266,0.063762,0.06136,0.050813,0.049091,0.040147,0.038004
1,7.1537E-29,9.1421E-29,1.0473E-28,1.6711E-28,3.0186E-28,3.0604E-28,3.5781E-28,6.7059E-28,2.4801E-27,3.1577E-27,3.4747E-27,3.4865E-27,5.0666E-27,9.794E-27,1.0675E-26,1.6714E-26,6.553E-26,2.4301E-25,2.8887E-25,6.4503E-25,1.0192E-24,1.4694E-24,1.6762E-24,2.7199E-24,2.801E-24,4.4383E-24,8.7628E-24,1.5885E-23,2.0405E-23,6.2934E-23,6.5853E-23,1.6314E-22,2.7251E-22,3.116E-22,5.5291E-22,7.6564E-22,7.6987E-22,9.1392E-22,1.1218E-20,1.2933E-19,2.2876E-19,2.3279E-19,2.3324E-19,4.3258E-19,1.1792E-18,1.3654E-18,1.5075E-18,7.1967E-18,8.593E-18,9.4494E-18,4.4353E-17,1.5106E-16,3.1864E-16,5.2132E-16,9.4115E-16,7.9555E-15,1.6591E-14,1.8112E-14,4.8646E-14,1.4495E-13,2.3606E-13,2.3649E-13,4.7026E-13,6.8965E-13,8.9616E-13,1.2493E-12,1.6511E-12,2.4308E-12,2.8629E-12,4.5941E-12,1.0431E-11,1.4952E-11,2.637E-11,8.061E-11,9.008E-11,1.3772E-10,1.7665E-10,3.6496E-10,0.0000000012549,0.0000000017449,0.0000000042917,0.0000000086956,0.000000012716,0.00000002456,0.000000026798,0.000000029052,0.000000043606,0.000000054689,0.000000055,0.000000066201,0.000000076175,0.000000096602,0.000000098529,0.000000099387,0.00000010432,0.00000011911,0.00000014826,0.00000016607,0.00000027853,0.0000002788,0.00000051384,0.00000051794,0.00000058937,0.00000064056,0.00000067581,0.000000804,0.000000962,0.0000016855,0.0000018245,0.0000023509,0.0000068808,0.0000094581,0.000010516,0.000020019,0.000021597,0.000023487,0.000044041,0.000048084,0.000062289,0.000069118,0.000071631,0.000076718,0.0001191,0.00018537,0.00019388,0.00021767,0.00026679,0.00048634,0.00049909,0.00052011,0.0013597,0.0024906,0.0031843,0.0035282,0.0046627,0.0053261,0.0056758,0.0071809,0.011053,0.013833,0.014475,0.015157,0.015263,0.016883,0.037906,0.04329,0.044558,0.047718,0.05757,0.062995,0.082181,0.084928,0.088815,0.090719,0.096956,0.10723,0.11226,0.11642,0.13145,0.13726,0.15618,0.16143,0.17855,0.183,0.18978,0.19011,0.19525,0.21034,0.24431,0.24502,0.27589,0.29324,0.30885,0.40135,0.43312,0.43631,0.51927,0.539,0.54116,0.5852,0.5863,0.62317,0.67242,0.73786,0.74824,0.77256,0.81876,0.83762,0.85389,0.87062,0.91493,0.9347,0.93488,0.94415,0.95689,0.95877,0.97345,0.97832,0.98228,0.99103,0.99287,0.99589,0.99824,1,0.99862,0.97285,0.96799,0.96218,0.95102,0.93421,0.93203,0.90284,0.90105,0.89165,0.8797,0.86221,0.60534,0.58516,0.57575,0.5586,0.5521,0.53248,0.46267,0.45348,0.43751,0.41958,0.40794,0.35569,0.35151,0.30782,0.26148,0.22543,0.22251,0.187,0.15919,0.15764,0.14659,0.1256,0.12516,0.12419,0.10197,0.10003,0.088876,0.083765,0.073159,0.070471,0.058631,0.056692,0.046585,0.044155
1,3.9314E-29,5.0298E-29,5.7654E-29,9.2195E-29,1.67E-28,1.6932E-28,1.9811E-28,3.7238E-28,1.3857E-27,1.7664E-27,1.9445E-27,1.9512E-27,2.8405E-27,5.5082E-27,6.0063E-27,9.4242E-27,3.7195E-26,1.3882E-25,1.6516E-25,3.7026E-25,5.8637E-25,8.4696E-25,9.6678E-25,1.5726E-24,1.6197E-24,2.5725E-24,5.0965E-24,9.2668E-24,1.1919E-23,3.6975E-23,3.8699E-23,9.6325E-23,1.6134E-22,1.8461E-22,3.2857E-22,4.5578E-22,4.5831E-22,5.4456E-22,6.7752E-21,7.9176E-20,1.405E-19,1.43E-19,1.4327E-19,2.6665E-19,7.3106E-19,8.4723E-19,9.3593E-19,4.5092E-18,5.3897E-18,5.9302E-18,2.8093E-17,9.6401E-17,2.0428E-16,3.3525E-16,6.0748E-16,5.2057E-15,1.0909E-14,1.1915E-14,3.2214E-14,9.6703E-14,1.5801E-13,1.583E-13,3.1628E-13,4.6507E-13,6.0545E-13,8.46E-13,1.1204E-12,1.6539E-12,1.9503E-12,3.1403E-12,7.173E-12,1.0309E-11,1.8259E-11,5.6293E-11,6.296E-11,9.6578E-11,1.2411E-10,2.579E-10,8.9562E-10,0.0000000012488,0.0000000030946,0.0000000063079,0.0000000092544,0.000000018,0.000000019632,0.000000021299,0.000000032085,0.000000040322,0.000000040519,0.000000048895,0.000000056333,0.000000071596,0.000000073,0.000000073679,0.00000007737,0.000000088452,0.00000011032,0.00000012371,0.00000020849,0.00000020869,0.00000038691,0.00000039,0.00000044438,0.00000048338,0.00000051024,0.00000060806,0.00000072883,0.0000012843,0.0000013913,0.0000017974,0.0000053205,0.0000073386,0.0000081688,0.000015662,0.000016912,0.000018409,0.000034771,0.000038002,0.000049379,0.000054861,0.00005688,0.00006097,0.000095164,0.00014893,0.00015586,0.00017524,0.00021535,0.00039568,0.0004062,0.00042354,0.0011222,0.002074,0.0026617,0.0029539,0.0039209,0.0044883,0.0047881,0.0060813,0.0094298,0.011849,0.012408,0.013004,0.013096,0.014513,0.0331,0.037905,0.039039,0.041868,0.050717,0.055608,0.072986,0.075484,0.079023,0.080757,0.086448,0.095846,0.10046,0.10428,0.1181,0.12346,0.14097,0.14584,0.16176,0.16591,0.17223,0.17254,0.17734,0.19147,0.2234,0.22407,0.25326,0.26974,0.28459,0.37337,0.40415,0.40725,0.48833,0.50776,0.50989,0.5535,0.5546,0.59136,0.64083,0.70732,0.71794,0.74296,0.79095,0.81075,0.82794,0.84574,0.89368,0.91559,0.9158,0.92624,0.94081,0.94299,0.96035,0.96631,0.97124,0.98272,0.9853,0.9898,0.99377,0.99862,1,0.98354,0.97968,0.97495,0.96564,0.95115,0.94925,0.92324,0.92162,0.91308,0.90213,0.88598,0.63713,0.61697,0.60754,0.59033,0.58378,0.564,0.49313,0.48374,0.46739,0.449,0.43703,0.38303,0.37869,0.33318,0.28455,0.24646,0.24336,0.20558,0.1758,0.17412,0.16224,0.13958,0.1391,0.13804,0.1139,0.11179,0.099613,0.094017,0.082372,0.079412,0.066343,0.064196,0.052975,0.050268
1,4.8127E-30,6.1817E-30,7.1012E-30,1.1441E-29,2.0923E-29,2.1219E-29,2.4889E-29,4.7264E-29,1.7968E-28,2.2996E-28,2.5355E-28,2.5443E-28,3.727E-28,7.3067E-28,7.9789E-28,1.2613E-27,5.0938E-27,1.944E-26,2.3197E-26,5.2728E-26,8.4167E-26,1.2235E-25,1.3998E-25,2.2962E-25,2.3662E-25,3.7885E-25,7.5962E-25,1.3958E-24,1.8034E-24,5.7085E-24,5.9795E-24,1.513E-23,2.558E-23,2.9342E-23,5.2775E-23,7.3647E-23,7.4064E-23,8.8282E-23,1.1513E-21,1.4103E-20,2.5307E-20,2.5765E-20,2.5815E-20,4.8637E-20,1.3604E-19,1.5812E-19,1.7502E-19,8.7042E-19,1.0442E-18,1.1511E-18,5.6314E-18,1.9832E-17,4.2704E-17,7.0832E-17,1.3001E-16,1.1683E-15,2.4895E-15,2.7247E-15,7.5365E-15,2.3211E-14,3.8369E-14,3.8441E-14,7.8083E-14,1.1589E-13,1.5184E-13,2.139E-13,2.8522E-13,4.2511E-13,5.0333E-13,8.2015E-13,1.9128E-12,2.7748E-12,4.9873E-12,1.5836E-11,1.7765E-11,2.7563E-11,3.5662E-11,7.559E-11,2.7176E-10,3.825E-10,0.000000001,0.000000002,0.000000003,0.000000006,0.0000000065221,0.0000000070934,0.000000010822,0.000000013697,0.000000013766,0.000000016709,0.000000019337,0.000000024764,0.000000025278,0.000000025508,0.000000026827,0.000000030801,0.00000003869,0.000000043544,0.000000074647,0.000000074721,0.0000001414,0.00000014258,0.00000016316,0.000000178,0.00000018821,0.00000022564,0.00000027213,0.000000489,0.00000053126,0.00000069253,0.0000021321,0.0000029762,0.0000033263,0.0000065381,0.0000070806,0.0000077333,0.000014979,0.000016429,0.000021577,0.000024076,0.000024999,0.000026873,0.000042733,0.000068174,0.000071486,0.000080789,0.00010018,0.00018921,0.00019447,0.00020316,0.00056395,0.0010752,0.001398,0.00156,0.0021027,0.002425,0.0025962,0.0033422,0.0053167,0.0067733,0.0071134,0.0074763,0.0075328,0.0084013,0.020232,0.023392,0.024142,0.026022,0.03197,0.035296,0.047315,0.049066,0.051556,0.052781,0.056815,0.063535,0.066858,0.069621,0.07971,0.083654,0.096671,0.10033,0.11237,0.11553,0.12036,0.12061,0.12429,0.13521,0.16028,0.16082,0.18417,0.19754,0.20969,0.28436,0.31105,0.31376,0.38616,0.40396,0.40592,0.44653,0.44757,0.48255,0.53076,0.59781,0.60879,0.63499,0.68668,0.70864,0.72807,0.74857,0.80623,0.83419,0.83446,0.84828,0.86827,0.87134,0.89685,0.90613,0.91412,0.93422,0.93917,0.94843,0.95771,0.97285,0.98354,1,0.99979,0.99907,0.99662,0.99102,0.99017,0.97663,0.97569,0.9706,0.96377,0.95312,0.74499,0.7258,0.71674,0.70004,0.69364,0.67414,0.60233,0.5926,0.57552,0.55612,0.54338,0.48489,0.48011,0.42932,0.37359,0.32882,0.32513,0.27958,0.24285,0.24076,0.22587,0.19707,0.19646,0.1951,0.16378,0.16101,0.14489,0.13742,0.12172,0.1177,0.099745,0.096765,0.081032,0.077194
1,3.795E-30,4.8766E-30,5.6033E-30,9.0354E-30,1.6541E-29,1.6775E-29,1.9683E-29,3.742E-29,1.426E-28,1.8258E-28,2.0135E-28,2.0205E-28,2.9618E-28,5.8136E-28,6.3495E-28,1.0046E-27,4.0675E-27,1.5562E-26,1.8575E-26,4.2289E-26,6.7563E-26,9.8281E-26,1.1247E-25,1.8467E-25,1.9031E-25,3.0499E-25,6.1235E-25,1.1266E-24,1.4562E-24,4.6199E-24,4.8397E-24,1.2268E-23,2.0764E-23,2.3824E-23,4.2901E-23,5.9909E-23,6.0248E-23,7.184E-23,9.418E-22,1.1598E-20,2.0839E-20,2.1216E-20,2.1258E-20,4.0105E-20,1.1243E-19,1.3072E-19,1.4472E-19,7.2231E-19,8.6685E-19,9.5586E-19,4.693E-18,1.6575E-17,3.5755E-17,5.9378E-17,1.0915E-16,9.8604E-16,2.1051E-15,2.3045E-15,6.3904E-15,1.9738E-14,3.267E-14,3.2732E-14,6.6609E-14,9.8962E-14,1.2975E-13,1.8295E-13,2.4415E-13,3.6429E-13,4.3151E-13,7.0406E-13,1.6459E-12,2.3901E-12,4.3029E-12,1.3709E-11,1.5383E-11,2.3898E-11,3.0944E-11,6.5736E-11,2.3725E-10,3.3428E-10,8.5279E-10,0.0000000017792,0.0000000026437,0.0000000052519,0.000000005752,0.0000000062576,0.0000000095601,0.00000001211,0.000000012171,0.000000014783,0.000000017117,0.000000021939,0.000000022396,0.0000000226,0.000000023773,0.000000027308,0.00000003433,0.000000038652,0.000000066388,0.000000066455,0.000000126,0.0000001271,0.00000014552,0.00000015879,0.000000168,0.00000020148,0.00000024317,0.00000043793,0.0000004759,0.000000621,0.0000019203,0.0000026842,0.0000030013,0.0000059157,0.0000064087,0.000007002,0.000013601,0.000014924,0.000019623,0.000021906,0.00002275,0.000024464,0.000038983,0.000062326,0.000065367,0.000073917,0.000091756,0.00017382,0.00017868,0.00018671,0.00052099,0.00099673,0.0012979,0.0014492,0.0019567,0.0022585,0.002419,0.0031187,0.0049756,0.0063485,0.0066693,0.0070118,0.0070652,0.0078854,0.019106,0.022114,0.022828,0.02462,0.030295,0.033472,0.044977,0.046656,0.049044,0.050219,0.054091,0.060547,0.063742,0.0664,0.076115,0.079916,0.092475,0.096007,0.10765,0.11071,0.11538,0.11562,0.11919,0.12977,0.15411,0.15462,0.17734,0.19036,0.20221,0.27524,0.30142,0.30408,0.37535,0.39292,0.39485,0.43501,0.43603,0.4707,0.51858,0.58542,0.5964,0.62262,0.67448,0.69658,0.71617,0.73686,0.79532,0.82382,0.8241,0.83822,0.85871,0.86187,0.88815,0.89777,0.90606,0.92701,0.93221,0.94195,0.95177,0.96799,0.97968,0.99979,1,0.99974,0.99809,0.99354,0.99281,0.98077,0.97992,0.97526,0.96893,0.95898,0.7566,0.73762,0.72863,0.71207,0.70572,0.68634,0.61472,0.60499,0.58789,0.56844,0.55567,0.49685,0.49203,0.44078,0.38438,0.33892,0.33517,0.28879,0.25129,0.24916,0.23392,0.20442,0.20379,0.2024,0.17023,0.16738,0.1508,0.1431,0.12691,0.12275,0.1042,0.10111,0.084812,0.08083
1,2.9157E-30,3.7486E-30,4.3084E-30,6.9539E-30,1.2746E-29,1.2926E-29,1.5172E-29,2.888E-29,1.1035E-28,1.4136E-28,1.5592E-28,1.5646E-28,2.2953E-28,4.5115E-28,4.9282E-28,7.8044E-28,3.169E-27,1.2158E-26,1.4517E-26,3.3107E-26,5.2946E-26,7.7079E-26,8.8233E-26,1.4503E-25,1.4947E-25,2.3977E-25,4.8212E-25,8.8813E-25,1.1487E-24,3.6533E-24,3.8275E-24,9.7224E-24,1.6474E-23,1.8908E-23,3.4092E-23,4.7643E-23,4.7914E-23,5.7155E-23,7.5367E-22,9.3357E-21,1.6797E-20,1.7102E-20,1.7136E-20,3.2378E-20,9.0988E-20,1.0583E-19,1.172E-19,5.8725E-19,7.0509E-19,7.7767E-19,3.8334E-18,1.3583E-17,2.9359E-17,4.8819E-17,8.9882E-17,8.1681E-16,1.7474E-15,1.9134E-15,5.321E-15,1.6487E-14,2.7329E-14,2.7381E-14,5.5834E-14,8.3049E-14,1.0898E-13,1.5381E-13,2.0544E-13,3.0689E-13,3.6371E-13,5.943E-13,1.3929E-12,2.025E-12,3.6524E-12,1.1679E-11,1.311E-11,2.0396E-11,2.6431E-11,5.6289E-11,2.0403E-10,2.8781E-10,7.3663E-10,0.0000000015409,0.0000000022928,0.0000000045661,0.000000005,0.000000005444,0.0000000083301,0.000000010561,0.000000010615,0.000000012902,0.000000014947,0.000000019176,0.000000019578,0.000000019757,0.000000020786,0.000000023889,0.000000030058,0.000000033859,0.000000058277,0.000000058336,0.00000011093,0.00000011186,0.00000012814,0.00000013987,0.000000148,0.00000017765,0.00000021457,0.00000038738,0.00000042112,0.00000055013,0.0000017095,0.000002393,0.000002677,0.0000052929,0.0000057362,0.0000062698,0.000012216,0.000013411,0.000017657,0.000019722,0.000020486,0.000022037,0.000035196,0.000056406,0.000059173,0.000066955,0.000083208,0.00015817,0.00016261,0.00016996,0.000477,0.00091611,0.0011948,0.0013351,0.001806,0.0020865,0.0022357,0.0028873,0.004621,0.0059062,0.0062069,0.006528,0.006578,0.0073475,0.017923,0.02077,0.021446,0.023144,0.028528,0.031548,0.042503,0.044104,0.046382,0.047504,0.051202,0.057374,0.060431,0.062976,0.072287,0.075935,0.087999,0.091395,0.1026,0.10555,0.11006,0.11028,0.11372,0.12394,0.14747,0.14797,0.17,0.18263,0.19414,0.26535,0.29097,0.29358,0.36356,0.38086,0.38276,0.42239,0.4234,0.45769,0.50518,0.57173,0.5827,0.6089,0.66091,0.68314,0.70287,0.72377,0.78304,0.81209,0.81237,0.82682,0.84784,0.85108,0.8782,0.88816,0.89677,0.91865,0.9241,0.93437,0.94478,0.96218,0.97495,0.99907,0.99974,1,0.99923,0.99585,0.99526,0.9849,0.98414,0.97996,0.9742,0.96503,0.76929,0.75056,0.74168,0.72528,0.71899,0.69977,0.62844,0.6187,0.6016,0.58213,0.56932,0.51019,0.50534,0.45362,0.39649,0.3503,0.34648,0.29919,0.26085,0.25867,0.24306,0.21277,0.21213,0.2107,0.17759,0.17465,0.15754,0.14959,0.13284,0.12854,0.1093,0.1061,0.08916,0.085015
1,1.8441E-30,2.3728E-30,2.7285E-30,4.4109E-30,8.1013E-30,8.2166E-30,9.649E-30,1.8408E-29,7.0661E-29,9.0593E-29,9.9961E-29,1.0031E-28,1.4735E-28,2.903E-28,3.1722E-28,5.0316E-28,2.0532E-27,7.9153E-27,9.4573E-27,2.1632E-26,3.4653E-26,5.0517E-26,5.7856E-26,9.527E-26,9.8197E-26,1.578E-25,3.1811E-25,5.8734E-25,7.6036E-25,2.4289E-24,2.5451E-24,6.4879E-24,1.1015E-23,1.2649E-23,2.286E-23,3.1988E-23,3.217E-23,3.8401E-23,5.1152E-22,6.4008E-21,1.1544E-20,1.1755E-20,1.1778E-20,2.2313E-20,6.2974E-20,7.3294E-20,8.1201E-20,4.0966E-19,4.9225E-19,5.4315E-19,2.696E-18,9.606E-18,2.0835E-17,3.4725E-17,6.411E-17,5.8859E-16,1.2637E-15,1.3844E-15,3.8687E-15,1.2054E-14,2.003E-14,2.0068E-14,4.1068E-14,6.1208E-14,8.0426E-14,1.1372E-13,1.5211E-13,2.277E-13,2.7009E-13,4.4246E-13,1.0417E-12,1.5174E-12,2.7456E-12,8.8352E-12,9.9243E-12,1.5478E-11,2.0087E-11,4.2961E-11,1.5689E-10,2.2176E-10,5.7076E-10,0.0000000011993,0.0000000017889,0.0000000035781,0.0000000039224,0.0000000042708,0.0000000065528,0.0000000083205,0.0000000083629,0.000000010178,0.000000011803,0.000000015167,0.000000015486,0.000000015629,0.000000016449,0.000000018922,0.000000023844,0.00000002688,0.000000046436,0.000000046483,0.000000088779,0.000000089531,0.00000010266,0.00000011213,0.00000011867,0.00000014265,0.00000017253,0.00000031279,0.00000034023,0.00000044533,0.0000013956,0.0000019586,0.000002193,0.0000043591,0.0000047272,0.0000051707,0.00001013,0.000011129,0.000014686,0.000016419,0.00001706,0.000018363,0.000029446,0.000047386,0.000049732,0.000056335,0.000070146,0.00013413,0.00013794,0.00014423,0.00040886,0.00079051,0.0010339,0.0011567,0.0015698,0.0018165,0.001948,0.002523,0.0040602,0.0052049,0.0054732,0.0057599,0.0058046,0.0064925,0.016024,0.018607,0.019222,0.020766,0.025675,0.028435,0.038484,0.039956,0.042054,0.043087,0.046497,0.052199,0.055027,0.057384,0.066022,0.069412,0.080648,0.083817,0.09429,0.097051,0.10128,0.10149,0.10471,0.11431,0.13648,0.13695,0.15778,0.16976,0.1807,0.24874,0.27337,0.27588,0.34357,0.36038,0.36223,0.40088,0.40187,0.43545,0.48218,0.54809,0.55899,0.58512,0.63724,0.65964,0.67958,0.70076,0.76127,0.79119,0.79148,0.80644,0.82831,0.8317,0.86016,0.87068,0.87982,0.90323,0.90912,0.92026,0.93166,0.95102,0.96564,0.99662,0.99809,0.99923,1,0.99865,0.9983,0.9909,0.99031,0.98696,0.98222,0.97443,0.79085,0.7726,0.76392,0.74787,0.74169,0.72279,0.65214,0.64245,0.62538,0.6059,0.59306,0.53353,0.52863,0.47618,0.41789,0.37049,0.36656,0.31774,0.27796,0.27569,0.25943,0.2278,0.22712,0.22563,0.19088,0.18778,0.16975,0.16135,0.14362,0.13906,0.11861,0.1152,0.097114,0.092679
1,1.0018E-30,1.2905E-30,1.4848E-30,2.4056E-30,4.4303E-30,4.4937E-30,5.2809E-30,1.0104E-29,3.9023E-29,5.0088E-29,5.5292E-29,5.5486E-29,8.1648E-29,1.6137E-28,1.764E-28,2.804E-28,1.1517E-27,4.4684E-27,5.3434E-27,1.227E-26,1.9701E-26,2.8772E-26,3.2973E-26,5.4428E-26,5.6108E-26,9.0371E-26,1.8281E-25,3.3854E-25,4.3883E-25,1.4099E-24,1.4777E-24,3.7846E-24,6.4429E-24,7.4038E-24,1.342E-23,1.8811E-23,1.8919E-23,2.2604E-23,3.0517E-22,3.8703E-21,7.0027E-21,7.1312E-21,7.1453E-21,1.3583E-20,3.8557E-20,4.4913E-20,4.9787E-20,2.5346E-19,3.0488E-19,3.3659E-19,1.6861E-18,6.0524E-18,1.3187E-17,2.2046E-17,4.0852E-17,3.8018E-16,8.2017E-16,8.9898E-16,2.5287E-15,7.9364E-15,1.3232E-14,1.3257E-14,2.7259E-14,4.0735E-14,5.3622E-14,7.5994E-14,1.0185E-13,1.5288E-13,1.8156E-13,2.9844E-13,7.0681E-13,1.0323E-12,1.8757E-12,6.0871E-12,6.8433E-12,1.0708E-11,1.3923E-11,2.9947E-11,1.1045E-10,1.5654E-10,4.0592E-10,8.5805E-10,0.0000000012841,0.0000000025831,0.0000000028339,0.0000000030878,0.0000000047547,0.000000006,0.0000000060808,0.0000000074132,0.0000000086074,0.000000011085,0.00000001132,0.000000011425,0.000000012,0.000000013855,0.000000017495,0.000000019744,0.000000034274,0.000000034309,0.000000065911,0.000000066474,0.000000076316,0.000000083423,0.000000088339,0.00000010637,0.00000012887,0.000000235,0.00000025578,0.00000033566,0.0000010637,0.000001498,0.0000016792,0.0000033616,0.0000036486,0.0000039946,0.0000078821,0.0000086684,0.000011474,0.000012844,0.000013351,0.000014382,0.000023186,0.000037517,0.000039397,0.000044692,0.000055794,0.00010753,0.00011062,0.00011573,0.00033245,0.00064851,0.00085137,0.00095395,0.0013004,0.0015079,0.0016187,0.0021046,0.0034117,0.0043908,0.0046209,0.004867,0.0049054,0.0054968,0.013779,0.016044,0.016584,0.017942,0.022273,0.024716,0.033652,0.034967,0.036841,0.037765,0.040819,0.045937,0.048481,0.050604,0.058401,0.061468,0.071664,0.074547,0.084095,0.086618,0.090482,0.090675,0.09363,0.10243,0.12285,0.12328,0.14257,0.1537,0.16389,0.22775,0.25106,0.25344,0.31798,0.33411,0.33589,0.37314,0.3741,0.40665,0.4522,0.51699,0.52777,0.55369,0.60571,0.62821,0.64832,0.66977,0.73158,0.76248,0.76278,0.77833,0.80119,0.80475,0.83481,0.84602,0.8558,0.88108,0.8875,0.89973,0.91237,0.93421,0.95115,0.99102,0.99354,0.99585,0.99865,1,0.99998,0.99655,0.99618,0.99397,0.99061,0.9847,0.81844,0.80093,0.79258,0.77707,0.77109,0.75271,0.68336,0.67376,0.65683,0.63743,0.62461,0.5648,0.55985,0.50665,0.44702,0.39813,0.39407,0.34332,0.30168,0.29929,0.28219,0.24879,0.24807,0.24649,0.20955,0.20625,0.18697,0.17797,0.15891,0.15399,0.13189,0.12819,0.10852,0.10368
1,9.3053E-31,1.1988E-30,1.3795E-30,2.2355E-30,4.1184E-30,4.1773E-30,4.9095E-30,9.3967E-30,3.6319E-29,4.6623E-29,5.147E-29,5.1651E-29,7.6021E-29,1.503E-28,1.6431E-28,2.6125E-28,1.0739E-27,4.1697E-27,4.9868E-27,1.1457E-26,1.84E-26,2.6878E-26,3.0805E-26,5.0864E-26,5.2435E-26,8.4478E-26,1.7096E-25,3.1671E-25,4.1059E-25,1.3201E-24,1.3836E-24,3.5457E-24,6.0381E-24,6.9392E-24,1.2583E-23,1.7641E-23,1.7742E-23,2.12E-23,2.8668E-22,3.6417E-21,6.5916E-21,6.7127E-21,6.7259E-21,1.2792E-20,3.6334E-20,4.2328E-20,4.6924E-20,2.3915E-19,2.877E-19,3.1765E-19,1.593E-18,5.7232E-18,1.2477E-17,2.0866E-17,3.8683E-17,3.6059E-16,7.7834E-16,8.5319E-16,2.4018E-15,7.5448E-15,1.2584E-14,1.2608E-14,2.5939E-14,3.8775E-14,5.1053E-14,7.2374E-14,9.7021E-14,1.4568E-13,1.7303E-13,2.8454E-13,6.7437E-13,9.8528E-13,1.7911E-12,5.8185E-12,6.542E-12,1.024E-11,1.3318E-11,2.8666E-11,1.0585E-10,1.5007E-10,3.895E-10,8.2392E-10,0.0000000012335,0.0000000024831,0.0000000027244,0.000000003,0.0000000045734,0.0000000058204,0.0000000058503,0.0000000071337,0.0000000082841,0.000000010671,0.000000010898,0.000000011,0.000000011582,0.000000013342,0.000000016851,0.000000019,0.000000033,0.000000033068,0.000000063573,0.000000064117,0.000000073621,0.000000080484,0.000000085233,0.00000010265,0.00000012439,0.000000227,0.00000024708,0.00000032434,0.0000010293,0.0000014501,0.0000016257,0.0000032572,0.0000035357,0.0000038714,0.0000076457,0.0000084094,0.000011135,0.000012466,0.000012959,0.000013962,0.000022523,0.000036468,0.000038298,0.000043453,0.000054264,0.00010468,0.00010769,0.00011267,0.0003242,0.00063308,0.00083149,0.00093185,0.0012709,0.0014742,0.0015826,0.0020587,0.0033402,0.0043009,0.0045267,0.0047682,0.0048059,0.0053865,0.013528,0.015757,0.016288,0.017625,0.02189,0.024297,0.033106,0.034402,0.036251,0.037163,0.040176,0.045226,0.047737,0.049833,0.057533,0.060562,0.070637,0.073487,0.082927,0.085422,0.089244,0.089435,0.092357,0.10107,0.12128,0.12171,0.14081,0.15185,0.16195,0.2253,0.24845,0.25081,0.31496,0.33101,0.33279,0.36986,0.37082,0.40323,0.44863,0.51326,0.52403,0.54991,0.60191,0.62441,0.64453,0.66601,0.72794,0.75895,0.75925,0.77487,0.79783,0.80141,0.83165,0.84294,0.85279,0.87828,0.88476,0.89712,0.9099,0.93203,0.94925,0.99017,0.99281,0.99526,0.9983,0.99998,1,0.99705,0.9967,0.99464,0.99144,0.98577,0.82168,0.80427,0.79597,0.78053,0.77457,0.75627,0.6871,0.67752,0.66061,0.64123,0.62841,0.5686,0.56364,0.51036,0.45058,0.40153,0.39745,0.34648,0.30462,0.30222,0.28502,0.2514,0.25068,0.24909,0.21188,0.20856,0.18913,0.18005,0.16083,0.15587,0.13356,0.12983,0.10996,0.10507
1,3.7552E-31,4.8461E-31,5.5814E-31,9.0736E-31,1.6783E-30,1.7025E-30,2.0031E-30,3.8504E-30,1.5017E-29,1.931E-29,2.1332E-29,2.1407E-29,3.159E-29,6.2746E-29,6.8636E-29,1.0947E-28,4.5441E-28,1.781E-27,2.1327E-27,4.9283E-27,7.9415E-27,1.1632E-26,1.3344E-26,2.2112E-26,2.28E-26,3.6859E-26,7.4969E-26,1.395E-25,1.812E-25,5.8755E-25,6.1605E-25,1.5897E-24,2.7178E-24,3.1266E-24,5.6948E-24,8.0042E-24,8.0504E-24,9.6323E-24,1.3287E-22,1.7217E-21,3.1311E-21,3.1891E-21,3.1954E-21,6.1086E-21,1.7498E-20,2.041E-20,2.2645E-20,1.1697E-19,1.4093E-19,1.5573E-19,7.9164E-19,2.8755E-18,6.3114E-18,1.0603E-17,1.9763E-17,1.8795E-16,4.0857E-16,4.4824E-16,1.274E-15,4.0457E-15,6.7811E-15,6.7942E-15,1.4075E-14,2.1123E-14,2.7887E-14,3.967E-14,5.3335E-14,8.041E-14,9.567E-14,1.5811E-13,3.7805E-13,5.5451E-13,1.0143E-12,3.3363E-12,3.7559E-12,5.9075E-12,7.705E-12,1.6724E-11,6.2664E-11,8.9197E-11,2.3407E-10,4.9953E-10,7.5146E-10,0.0000000015256,0.0000000016757,0.000000001828,0.0000000028311,0.0000000036139,0.0000000036327,0.0000000044406,0.0000000051664,0.0000000066764,0.0000000068203,0.0000000068844,0.000000007254,0.000000008371,0.000000010604,0.000000012,0.000000021,0.000000021,0.000000040709,0.000000041062,0.000000047236,0.000000051702,0.000000054795,0.000000066158,0.000000080382,0.00000014787,0.00000016118,0.00000021238,0.00000068524,0.0000009703,0.0000010896,0.0000022063,0.0000023979,0.0000026292,0.000005248,0.000005781,0.0000076892,0.0000086241,0.0000089707,0.0000096764,0.000015733,0.000025682,0.000026993,0.000030693,0.000038476,0.000075087,0.000077288,0.00008093,0.00023748,0.00046987,0.00062054,0.00069707,0.00095688,0.0011134,0.0011971,0.0015661,0.0025686,0.0033266,0.0035055,0.003697,0.0037269,0.0041885,0.010764,0.012588,0.013024,0.014123,0.017645,0.019642,0.027003,0.028093,0.029649,0.030416,0.03296,0.037238,0.039372,0.041155,0.047732,0.050329,0.059,0.061461,0.069643,0.071811,0.075139,0.075305,0.077854,0.085468,0.10325,0.10363,0.12056,0.1304,0.13943,0.1967,0.21787,0.22004,0.27938,0.29437,0.29603,0.33086,0.33176,0.36245,0.4058,0.46825,0.47874,0.50406,0.55538,0.57778,0.59793,0.61955,0.68265,0.71469,0.71501,0.73128,0.7554,0.75918,0.79136,0.8035,0.81416,0.84204,0.84921,0.86298,0.87739,0.90284,0.92324,0.97663,0.98077,0.9849,0.9909,0.99655,0.99705,1,0.99999,0.99964,0.99853,0.99574,0.85971,0.84366,0.83594,0.82152,0.81593,0.79866,0.73227,0.72296,0.70644,0.68741,0.67477,0.61519,0.61022,0.55634,0.49507,0.44418,0.43992,0.38639,0.34196,0.3394,0.32101,0.28483,0.28405,0.28233,0.24191,0.23828,0.21698,0.20699,0.18576,0.18025,0.15539,0.15121,0.12886,0.12334
1,3.5665E-31,4.603E-31,5.3017E-31,8.6204E-31,1.5949E-30,1.6179E-30,1.9036E-30,3.66E-30,1.4282E-29,1.8367E-29,2.029E-29,2.0362E-29,3.0052E-29,5.9707E-29,6.5314E-29,1.042E-28,4.3273E-28,1.697E-27,2.0322E-27,4.6976E-27,7.5711E-27,1.1091E-26,1.2725E-26,2.1089E-26,2.1746E-26,3.5161E-26,7.1537E-26,1.3315E-25,1.7297E-25,5.6113E-25,5.8836E-25,1.5188E-24,2.5972E-24,2.9881E-24,5.4438E-24,7.6526E-24,7.6968E-24,9.2099E-24,1.2718E-22,1.6499E-21,3.0013E-21,3.0569E-21,3.063E-21,5.8572E-21,1.6786E-20,1.9581E-20,2.1726E-20,1.1231E-19,1.3533E-19,1.4954E-19,7.6077E-19,2.7651E-18,6.0714E-18,1.0202E-17,1.9022E-17,1.8111E-16,3.9386E-16,4.3212E-16,1.2289E-15,3.9047E-15,6.5466E-15,6.5593E-15,1.3594E-14,2.0405E-14,2.6944E-14,3.8335E-14,5.1549E-14,7.7735E-14,9.2497E-14,1.5291E-13,3.6579E-13,5.3665E-13,9.8201E-13,3.2323E-12,3.639E-12,5.7253E-12,7.4686E-12,1.6219E-11,6.0821E-11,8.6592E-11,2.2738E-10,4.8549E-10,7.3054E-10,0.0000000014838,0.00000000163,0.0000000017781,0.0000000027548,0.000000003517,0.0000000035353,0.0000000043222,0.000000005,0.0000000065003,0.0000000066405,0.000000006703,0.000000007063,0.0000000081515,0.000000010328,0.000000011676,0.000000020435,0.000000020456,0.000000039688,0.00000004,0.000000046056,0.000000050414,0.000000053431,0.000000064521,0.000000078405,0.0000001443,0.0000001573,0.00000020732,0.00000066952,0.00000094831,0.0000010651,0.0000021578,0.0000023453,0.0000025718,0.0000051365,0.0000056586,0.0000075283,0.0000084446,0.0000087843,0.000009476,0.000015414,0.000025172,0.000026459,0.000030089,0.000037728,0.000073675,0.000075836,0.000079414,0.00023329,0.00046193,0.00061024,0.00068559,0.00094146,0.0010956,0.0011781,0.0015418,0.0025302,0.003278,0.0034545,0.0036435,0.003673,0.0041285,0.010623,0.012426,0.012858,0.013944,0.017428,0.019404,0.026689,0.027767,0.029308,0.030068,0.032587,0.036824,0.038937,0.040704,0.047221,0.049795,0.058391,0.060832,0.068945,0.071096,0.074397,0.074562,0.077091,0.084646,0.10229,0.10267,0.11949,0.12925,0.13823,0.19516,0.21622,0.21838,0.27745,0.29237,0.29402,0.32872,0.32962,0.3602,0.40343,0.46574,0.47621,0.50149,0.55275,0.57515,0.59529,0.61691,0.68005,0.71214,0.71246,0.72876,0.75294,0.75672,0.789,0.80118,0.81188,0.83988,0.84709,0.86093,0.87543,0.90105,0.92162,0.97569,0.97992,0.98414,0.99031,0.99618,0.9967,0.99999,1,0.99975,0.99876,0.99613,0.86176,0.84579,0.83811,0.82376,0.81819,0.80098,0.73479,0.72549,0.709,0.69,0.67738,0.61784,0.61286,0.55896,0.49763,0.44665,0.44238,0.38871,0.34415,0.34158,0.32312,0.2868,0.28602,0.28429,0.24369,0.24004,0.21864,0.2086,0.18725,0.18171,0.1567,0.15249,0.13,0.12444
1,2.7336E-31,3.5297E-31,4.0666E-31,6.6183E-31,1.2259E-30,1.2436E-30,1.4637E-30,2.8178E-30,1.1024E-29,1.4184E-29,1.5673E-29,1.5729E-29,2.3231E-29,4.6218E-29,5.0567E-29,8.0743E-29,3.3628E-28,1.3224E-27,1.5842E-27,3.6682E-27,5.9178E-27,8.6759E-27,9.9565E-27,1.6519E-26,1.7034E-26,2.757E-26,5.6176E-26,1.047E-25,1.3608E-25,4.4255E-25,4.6407E-25,1.2004E-24,2.0551E-24,2.3651E-24,4.3144E-24,6.0694E-24,6.1045E-24,7.3074E-24,1.015E-22,1.3244E-21,2.4125E-21,2.4573E-21,2.4622E-21,4.7152E-21,1.3547E-20,1.5808E-20,1.7544E-20,9.1046E-20,1.0976E-19,1.2132E-19,6.1961E-19,2.2593E-18,4.9705E-18,8.3631E-18,1.5618E-17,1.4957E-16,3.2595E-16,3.577E-16,1.0201E-15,3.2516E-15,5.4593E-15,5.47E-15,1.136E-14,1.7071E-14,2.2559E-14,3.2128E-14,4.3239E-14,6.5281E-14,7.7716E-14,1.2866E-13,3.0858E-13,4.5323E-13,8.3087E-13,2.7448E-12,3.0913E-12,4.8704E-12,6.3587E-12,1.3842E-11,5.2131E-11,7.4306E-11,1.9575E-10,4.1903E-10,6.3142E-10,0.0000000012857,0.0000000014128,0.0000000015417,0.0000000023921,0.0000000030567,0.0000000030727,0.0000000037593,0.0000000043767,0.0000000056621,0.0000000057847,0.0000000058393,0.0000000061542,0.0000000071063,0.000000009,0.000000010193,0.000000017876,0.000000017895,0.000000034806,0.000000035109,0.000000040414,0.000000044253,0.000000046912,0.000000056691,0.000000068942,0.00000012719,0.0000001387,0.000000183,0.00000059386,0.00000084239,0.00000094656,0.0000019236,0.0000020915,0.0000022945,0.0000045968,0.0000050663,0.0000067492,0.0000075746,0.0000078808,0.0000085043,0.000013865,0.000022697,0.000023862,0.000027153,0.000034085,0.000066787,0.000068757,0.000072017,0.00021278,0.00042293,0.00055962,0.00062915,0.00086558,0.0010083,0.0010847,0.0014218,0.0023407,0.0030376,0.0032023,0.0033787,0.0034063,0.0038317,0.009926,0.011624,0.012031,0.013056,0.016345,0.018214,0.025118,0.026141,0.027604,0.028327,0.030721,0.034752,0.036764,0.038448,0.044663,0.04712,0.055336,0.057671,0.065442,0.067504,0.070669,0.070828,0.073254,0.080508,0.097483,0.097847,0.11406,0.12349,0.13216,0.18736,0.20784,0.20994,0.26758,0.28219,0.2838,0.31782,0.3187,0.34875,0.39132,0.45288,0.46325,0.48832,0.53928,0.56159,0.58169,0.6033,0.66661,0.69892,0.69924,0.71569,0.74013,0.74396,0.77671,0.7891,0.8,0.82861,0.836,0.85021,0.86514,0.89165,0.91308,0.9706,0.97526,0.97996,0.98696,0.99397,0.99464,0.99964,0.99975,1,0.99962,0.99785,0.87216,0.85663,0.84915,0.83514,0.8297,0.81284,0.74766,0.73846,0.72214,0.70329,0.69075,0.63143,0.62646,0.57251,0.51087,0.45944,0.45513,0.40079,0.35552,0.35291,0.33412,0.29708,0.29628,0.29451,0.25299,0.24925,0.22731,0.217,0.19505,0.18935,0.16358,0.15924,0.136,0.13024
1,1.9744E-31,2.5509E-31,2.9399E-31,4.79E-31,8.8853E-31,9.0139E-31,1.0613E-30,2.0463E-30,8.0319E-30,1.034E-29,1.1428E-29,1.1469E-29,1.6955E-29,3.3787E-29,3.6975E-29,5.9106E-29,2.4702E-28,9.7462E-28,1.1681E-27,2.7104E-27,4.3778E-27,6.4243E-27,7.3751E-27,1.2252E-26,1.2635E-26,2.0474E-26,4.1793E-26,7.8014E-26,1.0147E-25,3.3099E-25,3.4713E-25,9.0011E-25,1.5432E-24,1.7766E-24,3.2461E-24,4.5706E-24,4.5971E-24,5.5057E-24,7.7013E-23,1.012E-21,1.8466E-21,1.881E-21,1.8848E-21,3.6161E-21,1.042E-20,1.2165E-20,1.3505E-20,7.0421E-20,8.4938E-20,9.3913E-20,4.8197E-19,1.7643E-18,3.8908E-18,6.557E-18,1.2269E-17,1.1834E-16,2.5854E-16,2.8381E-16,8.1215E-16,2.5987E-15,4.3708E-15,4.3794E-15,9.1173E-15,1.372E-14,1.8149E-14,2.5879E-14,3.4864E-14,5.2714E-14,6.2794E-14,1.0415E-13,2.5056E-13,3.6853E-13,6.7708E-13,2.2467E-12,2.5314E-12,3.9952E-12,5.2213E-12,1.14E-11,4.3159E-11,6.1605E-11,1.6292E-10,3.4987E-10,5.2811E-10,0.0000000010786,0.0000000011857,0.0000000012943,0.000000002,0.0000000025739,0.0000000025875,0.0000000031685,0.0000000036912,0.0000000047808,0.0000000048848,0.0000000049311,0.0000000051983,0.000000006,0.000000007625,0.0000000086289,0.000000015172,0.000000015188,0.000000029632,0.000000029892,0.000000034431,0.000000037718,0.00000004,0.000000048376,0.000000058885,0.000000109,0.00000011886,0.00000015705,0.00000051265,0.0000007285,0.00000081909,0.0000016708,0.0000018175,0.0000019948,0.0000040116,0.0000044237,0.0000059025,0.0000066287,0.0000068982,0.0000074472,0.000012176,0.000019989,0.000021021,0.000023939,0.000030091,0.000059206,0.000060963,0.000063873,0.00019004,0.0003795,0.00050314,0.00056613,0.00078067,0.00091037,0.00097989,0.0012871,0.0021271,0.0027661,0.0029173,0.0030793,0.0031046,0.0034958,0.0091302,0.010708,0.011086,0.012039,0.015104,0.016849,0.023309,0.024269,0.025641,0.026319,0.028567,0.032358,0.034252,0.035838,0.041699,0.044019,0.051787,0.053998,0.061364,0.06332,0.066326,0.066476,0.068781,0.075678,0.091853,0.092201,0.10769,0.11671,0.12503,0.17813,0.19792,0.19995,0.25585,0.27005,0.27163,0.30479,0.30565,0.33503,0.37676,0.43737,0.44761,0.47239,0.52291,0.5451,0.56513,0.58669,0.65012,0.68264,0.68296,0.69957,0.72429,0.72818,0.76144,0.77407,0.7852,0.81451,0.82209,0.83673,0.85216,0.8797,0.90213,0.96377,0.96893,0.9742,0.98222,0.99061,0.99144,0.99853,0.99876,0.99962,1,0.99927,0.88441,0.86946,0.86224,0.84867,0.84338,0.82699,0.76315,0.7541,0.738,0.71937,0.70696,0.648,0.64304,0.58909,0.52715,0.47523,0.47086,0.41576,0.36967,0.367,0.34782,0.30992,0.3091,0.30729,0.26465,0.2608,0.23819,0.22756,0.20487,0.19898,0.17226,0.16776,0.14359,0.13759
1,1.2526E-31,1.6197E-31,1.8675E-31,3.0476E-31,5.6644E-31,5.7467E-31,6.7699E-31,1.3081E-30,5.1574E-30,6.6452E-30,7.3468E-30,7.373E-30,1.0914E-29,2.1799E-29,2.3863E-29,3.8206E-29,1.6045E-28,6.36E-28,7.6272E-28,1.7749E-27,2.8716E-27,4.2196E-27,4.8465E-27,8.0653E-27,8.3184E-27,1.3503E-26,2.7631E-26,5.1694E-26,6.7295E-26,2.2046E-25,2.3124E-25,6.0169E-25,1.0336E-24,1.1906E-24,2.1801E-24,3.0735E-24,3.0914E-24,3.7048E-24,5.2337E-23,6.9459E-22,1.2704E-21,1.2941E-21,1.2967E-21,2.4942E-21,7.2176E-21,8.4313E-21,9.3641E-21,4.9153E-20,5.9332E-20,6.5628E-20,3.3909E-19,1.248E-18,2.7616E-18,4.6643E-18,8.751E-18,8.5254E-17,1.8691E-16,2.0526E-16,5.902E-16,1.8987E-15,3.2012E-15,3.2075E-15,6.7008E-15,1.0104E-14,1.3382E-14,1.9115E-14,2.5789E-14,3.9071E-14,4.6582E-14,7.7451E-14,1.8715E-13,2.758E-13,5.0828E-13,1.6971E-12,1.9134E-12,3.027E-12,3.9615E-12,8.6859E-12,3.3122E-11,4.7372E-11,1.2597E-10,2.717E-10,4.111E-10,8.4315E-10,9.2739E-10,0.000000001,0.0000000015789,0.000000002,0.000000002,0.000000002493,0.0000000029071,0.0000000037712,0.0000000038537,0.0000000038905,0.0000000041026,0.0000000047446,0.000000006,0.0000000068316,0.000000012055,0.000000012068,0.000000023646,0.000000023854,0.000000027502,0.000000030145,0.000000032,0.000000038726,0.0000000472,0.000000087696,0.000000095726,0.00000012672,0.00000041706,0.00000059416,0.0000006686,0.0000013709,0.0000014922,0.000001639,0.0000033134,0.0000036566,0.0000048899,0.0000054964,0.0000057217,0.0000061807,0.000010145,0.000016722,0.000017593,0.000020056,0.000025259,0.000049985,0.000051481,0.00005396,0.00016212,0.00032587,0.00043322,0.00048801,0.00067512,0.00078852,0.00084937,0.0011188,0.0018589,0.0024244,0.0025584,0.0027021,0.0027246,0.003072,0.0081154,0.0095367,0.0098778,0.010738,0.013513,0.015095,0.020976,0.021852,0.023105,0.023725,0.025781,0.029255,0.030993,0.03245,0.037842,0.039981,0.047155,0.049201,0.056027,0.057842,0.060633,0.060773,0.062915,0.069335,0.084434,0.08476,0.099271,0.10775,0.11557,0.16581,0.18463,0.18657,0.24003,0.25368,0.25519,0.28715,0.28798,0.31639,0.35692,0.4161,0.42613,0.45046,0.50028,0.52226,0.54213,0.56358,0.62702,0.65974,0.66007,0.67684,0.70189,0.70584,0.73973,0.75264,0.76406,0.79423,0.80208,0.81726,0.83333,0.86221,0.88598,0.95312,0.95898,0.96503,0.97443,0.9847,0.98577,0.99574,0.99613,0.99785,0.99927,1,0.90066,0.88656,0.87972,0.86681,0.86177,0.84608,0.78432,0.77549,0.75976,0.74149,0.72928,0.67098,0.66606,0.61226,0.55004,0.49754,0.49311,0.43703,0.38986,0.38712,0.36741,0.32834,0.3275,0.32562,0.28145,0.27746,0.25393,0.24284,0.21914,0.21297,0.18493,0.18019,0.15471,0.14837
1,4.8133E-34,6.2855E-34,7.2871E-34,1.2118E-33,2.307E-33,2.3418E-33,2.7764E-33,5.5038E-33,2.2899E-32,2.98E-32,3.3078E-32,3.32E-32,4.9915E-32,1.0247E-31,1.1258E-31,1.8366E-31,8.171E-31,3.4255E-30,4.1386E-30,9.9711E-30,1.6456E-29,2.4569E-29,2.8382E-29,4.8244E-29,4.9822E-29,8.2528E-29,1.7404E-28,3.3434E-28,4.4015E-28,1.5168E-27,1.5944E-27,4.3231E-27,7.6029E-27,8.8115E-27,1.6567E-26,2.3712E-26,2.3856E-26,2.8818E-26,4.5813E-25,6.8434E-24,1.2872E-23,1.3124E-23,1.3152E-23,2.6085E-23,7.9365E-23,9.3399E-23,1.0425E-22,5.9263E-22,7.2192E-22,8.0244E-22,4.4945E-21,1.7655E-20,4.067E-20,7.0554E-20,1.3672E-19,1.5007E-18,3.431E-18,3.787E-18,1.1531E-17,3.9561E-17,6.8672E-17,6.8814E-17,1.4985E-16,2.3127E-16,3.1128E-16,4.5382E-16,6.2295E-16,9.668E-16,1.1645E-15,1.9948E-15,5.0792E-15,7.6611E-15,1.4651E-14,5.2678E-14,5.9836E-14,9.7417E-14,1.2967E-13,2.9887E-13,1.2432E-12,1.8206E-12,5.1695E-12,1.1751E-11,1.8298E-11,3.9467E-11,4.3704E-11,4.8035E-11,7.7286E-11,1.0079E-10,1.0137E-10,1.2613E-10,1.4873E-10,1.9665E-10,2.0128E-10,2.0334E-10,2.1526E-10,2.5163E-10,3.2566E-10,3.7226E-10,6.8554E-10,6.8631E-10,0.0000000014158,0.0000000014292,0.000000001666,0.0000000018392,0.000000002,0.0000000024093,0.000000003,0.0000000058211,0.000000006399,0.0000000086648,0.000000031473,0.000000046205,0.000000052522,0.00000011463,0.00000012571,0.00000013922,0.00000029982,0.00000033386,0.00000045856,0.00000052106,0.00000054444,0.00000059237,0.0000010188,0.0000017623,0.0000018633,0.0000021517,0.0000027723,0.000005878,0.0000060724,0.0000063957,0.000021599,0.000046936,0.000064479,0.000073651,0.00010588,0.000126,0.00013695,0.0001866,0.00033061,0.00044638,0.00047441,0.00050471,0.00050947,0.00058372,0.0017678,0.0021279,0.0022157,0.0024393,0.00318,0.0036147,0.0052964,0.0055549,0.0059282,0.0061142,0.0067377,0.0078121,0.0083593,0.0088224,0.010572,0.01128,0.013711,0.014419,0.016827,0.017478,0.018489,0.01854,0.019322,0.021704,0.027502,0.02763,0.033449,0.03695,0.040243,0.06274,0.071728,0.07267,0.099819,0.1071,0.10792,0.12556,0.12602,0.14236,0.16671,0.20449,0.21117,0.22768,0.26301,0.27926,0.29433,0.31101,0.36299,0.39152,0.39181,0.40693,0.43021,0.43395,0.46706,0.48016,0.49197,0.5244,0.53314,0.55045,0.56939,0.60534,0.63713,0.74499,0.7566,0.76929,0.79085,0.81844,0.82168,0.85971,0.86176,0.87216,0.88441,0.90066,1,0.99945,0.99881,0.99702,0.99613,0.99274,0.9717,0.96785,0.96051,0.9513,0.94475,0.90938,0.9061,0.86753,0.81691,0.76936,0.76514,0.70906,0.65788,0.6548,0.63219,0.58531,0.58426,0.58194,0.52518,0.51985,0.48776,0.4722,0.43796,0.42882,0.38598,0.37851,0.33719,0.32657
1,3.1855E-34,4.1629E-34,4.8282E-34,8.0401E-34,1.5333E-33,1.5565E-33,1.8462E-33,3.6666E-33,1.5315E-32,1.9946E-32,2.2145E-32,2.2228E-32,3.3456E-32,6.882E-32,7.5627E-32,1.2355E-31,5.5197E-31,2.3234E-30,2.8087E-30,6.7839E-30,1.1212E-29,1.6759E-29,1.9368E-29,3.2973E-29,3.4055E-29,5.6495E-29,1.194E-28,2.2982E-28,3.0279E-28,1.0473E-27,1.101E-27,2.9944E-27,5.2752E-27,6.1165E-27,1.1522E-26,1.6509E-26,1.661E-26,2.0076E-26,3.2191E-25,4.8503E-24,9.1419E-24,9.3215E-24,9.3411E-24,1.8568E-23,5.6701E-23,6.6763E-23,7.4548E-23,4.2624E-22,5.1957E-22,5.7773E-22,3.2549E-21,1.2847E-20,2.968E-20,5.1589E-20,1.0021E-19,1.1095E-18,2.5443E-18,2.8093E-18,8.5895E-18,2.9609E-17,5.1505E-17,5.1612E-17,1.1273E-16,1.7428E-16,2.3485E-16,3.429E-16,4.7128E-16,7.3269E-16,8.832E-16,1.5162E-15,3.8753E-15,5.855E-15,1.1227E-14,4.0586E-14,4.6126E-14,7.5253E-14,1.0029E-13,2.32E-13,9.7117E-13,1.4247E-12,4.0646E-12,9.2748E-12,1.4472E-11,3.133E-11,3.4711E-11,3.8167E-11,6.1551E-11,8.0378E-11,8.0836E-11,1.0069E-10,1.1883E-10,1.5734E-10,1.6106E-10,1.6272E-10,1.7231E-10,2.0157E-10,2.6122E-10,2.9879E-10,5.5196E-10,5.5259E-10,0.0000000011442,0.0000000011551,0.0000000013475,0.0000000014884,0.0000000015867,0.000000002,0.0000000024198,0.0000000047399,0.0000000052131,0.0000000070706,0.000000025867,0.000000038058,0.000000043294,0.000000094916,0.00000010415,0.00000011541,0.0000002497,0.00000027822,0.00000038289,0.00000043542,0.00000045508,0.0000004954,0.000000855,0.000001484,0.0000015697,0.0000018143,0.0000023415,0.0000049895,0.0000051556,0.0000054321,0.000018501,0.000040433,0.000055679,0.000063663,0.000091779,0.00010936,0.00011895,0.00016247,0.00028921,0.00039146,0.00041626,0.00044309,0.0004473,0.00051309,0.0015694,0.0018924,0.0019712,0.0021722,0.002839,0.0032312,0.0047528,0.0049873,0.005326,0.0054948,0.0060613,0.0070389,0.0075375,0.0079596,0.0095569,0.010204,0.012431,0.013081,0.015292,0.015891,0.01682,0.016867,0.017588,0.019783,0.025141,0.025259,0.030653,0.033905,0.036968,0.057982,0.066416,0.0673,0.092885,0.099772,0.10054,0.11726,0.11771,0.13324,0.15645,0.19261,0.19902,0.21489,0.24895,0.26465,0.27925,0.29542,0.346,0.37387,0.37415,0.38895,0.41178,0.41546,0.44802,0.46093,0.47259,0.50466,0.51332,0.5305,0.54933,0.58516,0.61697,0.7258,0.73762,0.75056,0.7726,0.80093,0.80427,0.84366,0.84579,0.85663,0.86946,0.88656,0.99945,1,0.99988,0.99903,0.9985,0.99618,0.97894,0.97558,0.96909,0.96082,0.95488,0.92215,0.91908,0.88257,0.83392,0.78769,0.78357,0.7285,0.67785,0.67479,0.6523,0.60548,0.60444,0.60211,0.54509,0.53972,0.50733,0.49158,0.45685,0.44755,0.40389,0.39626,0.35395,0.34305
1,2.6257E-34,3.4324E-34,3.9817E-34,6.6348E-34,1.2663E-33,1.2855E-33,1.5251E-33,3.0316E-33,1.2686E-32,1.6527E-32,1.8352E-32,1.842E-32,2.774E-32,5.7115E-32,6.2772E-32,1.0261E-31,4.5934E-31,1.9372E-30,2.3424E-30,5.6644E-30,9.368E-30,1.4011E-29,1.6195E-29,2.7591E-29,2.8497E-29,4.7306E-29,1.0009E-28,1.9281E-28,2.5413E-28,8.8055E-28,9.2574E-28,2.5212E-27,4.4451E-27,5.1551E-27,9.72E-27,1.3934E-26,1.4019E-26,1.695E-26,2.7287E-25,4.1279E-24,7.7878E-24,7.941E-24,7.9578E-24,1.5834E-23,4.8437E-23,5.7046E-23,6.3709E-23,3.6525E-22,4.4537E-22,4.9531E-22,2.7983E-21,1.1069E-20,2.5607E-20,4.455E-20,8.6631E-20,9.6304E-19,2.2117E-18,2.4425E-18,7.4824E-18,2.5849E-17,4.5009E-17,4.5103E-17,9.8651E-17,1.5264E-16,2.0579E-16,3.0069E-16,4.135E-16,6.434E-16,7.7584E-16,1.3332E-15,3.4137E-15,5.1617E-15,9.9101E-15,3.5915E-14,4.0829E-14,6.6675E-14,8.8913E-14,2.0602E-13,8.6499E-13,1.2699E-12,3.6311E-12,8.3006E-12,1.2964E-11,2.8115E-11,3.1155E-11,3.4265E-11,5.5318E-11,7.2283E-11,7.2695E-11,9.0597E-11,1.0696E-10,1.4171E-10,1.4507E-10,1.4656E-10,1.5522E-10,1.8166E-10,2.3555E-10,2.6952E-10,4.986E-10,4.9917E-10,0.000000001,0.000000001,0.0000000012199,0.0000000013477,0.0000000014369,0.0000000017692,0.0000000021938,0.0000000043042,0.0000000047351,0.0000000064272,0.000000023593,0.000000034747,0.00000003954,0.000000086871,0.000000095344,0.00000010568,0.00000022915,0.00000025541,0.00000035181,0.00000040022,0.00000041834,0.00000045552,0.0000007874,0.000001369,0.0000014482,0.0000016747,0.000002163,0.0000046199,0.0000047742,0.000005031,0.000017203,0.000037697,0.000051969,0.000059449,0.000085816,0.00010232,0.00011133,0.00015223,0.00027158,0.00036803,0.00039144,0.00041677,0.00042075,0.00048289,0.001484,0.0017908,0.0018657,0.0020568,0.0026915,0.0030651,0.0045166,0.0047404,0.005064,0.0052253,0.0057668,0.0067018,0.0071789,0.007583,0.0091131,0.0097339,0.01187,0.012494,0.014618,0.015193,0.016087,0.016132,0.016825,0.018938,0.024099,0.024213,0.029416,0.032556,0.035516,0.055863,0.064046,0.064904,0.089778,0.096484,0.097237,0.11353,0.11397,0.12912,0.15181,0.18723,0.19351,0.20909,0.24254,0.258,0.27236,0.2883,0.33821,0.36576,0.36604,0.38068,0.40329,0.40693,0.43922,0.45204,0.46362,0.4955,0.50412,0.52122,0.53999,0.57575,0.60754,0.71674,0.72863,0.74168,0.76392,0.79258,0.79597,0.83594,0.83811,0.84915,0.86224,0.87972,0.99881,0.99988,1,0.9996,0.99923,0.99742,0.98197,0.97884,0.97276,0.96494,0.95928,0.92783,0.92486,0.88935,0.84168,0.7961,0.79203,0.73748,0.68713,0.68408,0.66166,0.61491,0.61387,0.61154,0.55444,0.54906,0.51654,0.50072,0.46577,0.45641,0.41239,0.40469,0.36193,0.35091
1,1.8439E-34,2.4119E-34,2.7988E-34,4.6692E-34,8.9251E-34,9.0606E-34,1.0753E-33,2.1409E-33,8.9887E-33,1.1718E-32,1.3015E-32,1.3064E-32,1.9692E-32,4.0614E-32,4.4646E-32,7.3069E-32,3.2826E-31,1.3892E-30,1.6805E-30,4.0727E-30,6.7439E-30,1.0096E-29,1.1674E-29,1.9915E-29,2.0571E-29,3.4192E-29,7.2474E-29,1.3985E-28,1.8445E-28,6.4113E-28,6.7412E-28,1.8407E-27,3.25E-27,3.7705E-27,7.1209E-27,1.0218E-26,1.028E-26,1.2435E-26,2.0167E-25,3.0733E-24,5.8082E-24,5.9228E-24,5.9353E-24,1.1833E-23,3.6308E-23,4.2782E-23,4.7793E-23,2.7537E-22,3.3596E-22,3.7374E-22,2.122E-21,8.4279E-21,1.9546E-20,3.4062E-20,6.637E-20,7.4329E-19,1.7114E-18,1.8906E-18,5.8125E-18,2.016E-17,3.5168E-17,3.5241E-17,7.728E-17,1.1974E-16,1.6161E-16,2.3642E-16,3.2548E-16,5.0719E-16,6.1199E-16,1.0536E-15,2.7065E-15,4.0983E-15,7.8865E-15,2.8713E-14,3.2656E-14,5.3425E-14,7.1318E-14,1.6577E-13,6.9973E-13,1.0288E-12,2.9537E-12,6.7741E-12,1.0599E-11,2.3057E-11,2.5562E-11,2.8124E-11,4.5494E-11,5.9511E-11,5.9852E-11,7.466E-11,8.8206E-11,1.17E-10,1.1978E-10,1.2103E-10,1.2821E-10,1.5014E-10,1.949E-10,2.2313E-10,4.1388E-10,4.1435E-10,8.622E-10,8.7048E-10,0.000000001,0.0000000011236,0.0000000011983,0.0000000014768,0.000000001833,0.0000000036073,0.000000004,0.0000000053965,0.000000019931,0.000000029409,0.000000033487,0.000000073857,0.000000081097,0.000000089939,0.00000019578,0.00000021833,0.00000030124,0.00000034292,0.00000035854,0.00000039057,0.00000067709,0.0000011807,0.0000012495,0.000001446,0.0000018702,0.0000040118,0.0000041466,0.0000043709,0.000015055,0.00003315,0.000045793,0.00005243,0.000075864,0.000090562,0.000098586,0.0001351,0.00024197,0.00032861,0.00034966,0.00037246,0.00037604,0.00043201,0.0013389,0.0016181,0.0016864,0.0018606,0.00244,0.0027817,0.0041126,0.0043182,0.0046156,0.0047639,0.0052622,0.0061235,0.0065635,0.0069365,0.0083502,0.0089244,0.010903,0.011482,0.013454,0.013989,0.014821,0.014863,0.015508,0.017475,0.022293,0.0224,0.027269,0.030213,0.032991,0.052159,0.059897,0.06071,0.084318,0.090701,0.091419,0.10696,0.10738,0.12187,0.14361,0.17768,0.18373,0.19876,0.23113,0.24612,0.26007,0.27556,0.32423,0.35118,0.35145,0.36581,0.38799,0.39157,0.42334,0.43598,0.4474,0.47892,0.48745,0.5044,0.52303,0.5586,0.59033,0.70004,0.71207,0.72528,0.74787,0.77707,0.78053,0.82152,0.82376,0.83514,0.84867,0.86681,0.99702,0.99903,0.9996,1,0.99994,0.99905,0.9869,0.98421,0.97888,0.9719,0.96678,0.93771,0.93492,0.9013,0.85548,0.81118,0.80721,0.7537,0.70395,0.70093,0.67868,0.63212,0.63108,0.62875,0.57158,0.56617,0.53346,0.51751,0.48221,0.47274,0.4281,0.42027,0.37673,0.36548
1,1.6116E-34,2.1086E-34,2.4471E-34,4.0843E-34,7.8115E-34,7.9302E-34,9.4132E-34,1.8753E-33,7.8832E-33,1.0279E-32,1.1418E-32,1.1461E-32,1.7282E-32,3.5667E-32,3.9212E-32,6.4203E-32,2.8882E-31,1.2239E-30,1.4809E-30,3.5917E-30,5.9502E-30,8.9111E-30,1.0305E-29,1.7589E-29,1.8169E-29,3.0214E-29,6.4087E-29,1.2374E-28,1.6325E-28,5.6812E-28,5.9739E-28,1.6327E-27,2.8844E-27,3.3469E-27,6.3249E-27,9.0787E-27,9.1344E-27,1.1051E-26,1.7972E-25,2.7465E-24,5.1941E-24,5.2966E-24,5.3079E-24,1.0589E-23,3.2532E-23,3.8339E-23,4.2835E-23,2.4726E-22,3.0173E-22,3.3571E-22,1.9097E-21,7.5964E-21,1.7635E-20,3.075E-20,5.9962E-20,6.7341E-19,1.5521E-18,1.7148E-18,5.2791E-18,1.8338E-17,3.2011E-17,3.2078E-17,7.0412E-17,1.0916E-16,1.4738E-16,2.1572E-16,2.9709E-16,4.6323E-16,5.5907E-16,9.6317E-16,2.4773E-15,3.7533E-15,7.2288E-15,2.6365E-14,2.9991E-14,4.9097E-14,6.5567E-14,1.5258E-13,6.4539E-13,9.4945E-13,2.7301E-12,6.269E-12,9.8154E-12,2.1378E-11,2.3704E-11,2.6084E-11,4.2224E-11,5.5258E-11,5.5575E-11,6.9348E-11,8.1952E-11,1.0876E-10,1.1135E-10,1.125E-10,1.1919E-10,1.3961E-10,1.8131E-10,2.0762E-10,3.855E-10,3.8594E-10,8.0405E-10,8.1179E-10,9.4829E-10,0.000000001,0.0000000011181,0.0000000013785,0.0000000017115,0.0000000033722,0.0000000037121,0.000000005,0.000000018688,0.000000027595,0.000000031429,0.000000069421,0.00000007624,0.000000084569,0.00000018436,0.00000020564,0.00000028391,0.00000032328,0.000000338,0.0000003683,0.00000063918,0.0000011159,0.000001181,0.0000013672,0.0000017692,0.0000038013,0.0000039293,0.0000041424,0.000014307,0.000031561,0.000043633,0.000049973,0.000072374,0.000086435,0.000094112,0.00012907,0.00023152,0.00031468,0.0003349,0.00035679,0.00036023,0.00041401,0.0012872,0.0015566,0.0016224,0.0017906,0.0023502,0.0026804,0.0039677,0.0041668,0.0044548,0.0045984,0.005081,0.0059157,0.0063423,0.0067039,0.0080754,0.0086328,0.010554,0.011116,0.013034,0.013554,0.014363,0.014403,0.015031,0.016946,0.021638,0.021742,0.026488,0.02936,0.032071,0.050805,0.058379,0.059175,0.082313,0.088576,0.089279,0.10454,0.10495,0.11919,0.14058,0.17413,0.1801,0.19493,0.22689,0.24169,0.25548,0.27081,0.319,0.34571,0.34599,0.36023,0.38225,0.3858,0.41737,0.42993,0.44129,0.47266,0.48115,0.49804,0.51661,0.5521,0.58378,0.69364,0.70572,0.71899,0.74169,0.77109,0.77457,0.81593,0.81819,0.8297,0.84338,0.86177,0.99613,0.9985,0.99923,0.99994,1,0.99947,0.98858,0.98605,0.98101,0.97435,0.96944,0.94129,0.93858,0.90569,0.8606,0.81682,0.81289,0.7598,0.71031,0.7073,0.68513,0.63865,0.63761,0.63529,0.57811,0.57269,0.53992,0.52393,0.48851,0.479,0.43413,0.42627,0.38244,0.3711
1,1.0711E-34,1.4023E-34,1.6281E-34,2.721E-34,5.2131E-34,5.2926E-34,6.2852E-34,1.2544E-33,5.2935E-33,6.9073E-33,7.6749E-33,7.7036E-33,1.163E-32,2.4048E-32,2.6445E-32,4.3358E-32,1.9585E-31,8.333E-31,1.0088E-30,2.4527E-30,4.0691E-30,6.1009E-30,7.0584E-30,1.2065E-29,1.2464E-29,2.0757E-29,4.4124E-29,8.5358E-29,1.127E-28,3.9363E-28,4.1397E-28,1.1348E-27,2.0081E-27,2.3311E-27,4.4135E-27,6.342E-27,6.381E-27,7.7245E-27,1.2669E-25,1.9524E-24,3.6998E-24,3.7731E-24,3.7811E-24,7.5599E-24,2.3309E-23,2.7484E-23,3.0718E-23,1.7833E-22,2.1776E-22,2.4236E-22,1.3867E-21,5.5417E-21,1.2902E-20,2.254E-20,4.4054E-20,4.99E-19,1.1536E-18,1.275E-18,3.9411E-18,1.3753E-17,2.4058E-17,2.4109E-17,5.3076E-17,8.2423E-17,1.1141E-16,1.633E-16,2.2519E-16,3.5171E-16,4.2479E-16,7.334E-16,1.8934E-15,2.8734E-15,5.5488E-15,2.0345E-14,2.3155E-14,3.7985E-14,5.0789E-14,1.1861E-13,5.0484E-13,7.4395E-13,2.1492E-12,4.9537E-12,7.772E-12,1.6988E-11,1.8846E-11,2.0747E-11,3.3662E-11,4.4109E-11,4.4363E-11,5.5417E-11,6.5541E-11,8.7095E-11,8.918E-11,9.0111E-11,9.5493E-11,1.1194E-10,1.4556E-10,1.6679E-10,3.1064E-10,3.11E-10,6.5031E-10,6.566E-10,7.6761E-10,8.49E-10,9.0586E-10,0.0000000011179,0.0000000013896,0.0000000027476,0.000000003,0.0000000041221,0.000000015367,0.00000002274,0.000000025918,0.000000057504,0.000000063186,0.000000070131,0.00000015358,0.00000017142,0.00000023711,0.0000002702,0.0000002826,0.00000030807,0.00000053644,0.00000093976,0.00000099494,0.0000011528,0.0000014943,0.0000032265,0.0000033359,0.000003518,0.000012253,0.00002718,0.000037664,0.00004318,0.000062708,0.000074991,0.000081704,0.00011232,0.00020241,0.0002758,0.00029367,0.00031303,0.00031607,0.00036367,0.0011418,0.0013831,0.0014422,0.0015931,0.0020962,0.0023938,0.0035569,0.0037371,0.003998,0.0041283,0.0045661,0.0053244,0.0057124,0.0060416,0.0072917,0.0078005,0.0095575,0.010072,0.01183,0.012308,0.01305,0.013088,0.013664,0.015426,0.019754,0.019849,0.02424,0.026902,0.029419,0.046881,0.053971,0.054717,0.076469,0.082377,0.083041,0.097469,0.097853,0.11135,0.13169,0.16372,0.16943,0.18364,0.21434,0.22861,0.24191,0.25673,0.30345,0.32944,0.32971,0.34359,0.3651,0.36858,0.39949,0.41182,0.42298,0.45386,0.46224,0.47891,0.49728,0.53248,0.564,0.67414,0.68634,0.69977,0.72279,0.75271,0.75627,0.79866,0.80098,0.81284,0.82699,0.84608,0.99274,0.99618,0.99742,0.99905,0.99947,1,0.99296,0.99094,0.98678,0.98112,0.97685,0.95155,0.94906,0.91848,0.8757,0.83355,0.82974,0.77803,0.7294,0.72643,0.70452,0.65839,0.65736,0.65505,0.59793,0.5925,0.55959,0.54349,0.50775,0.49813,0.45263,0.44463,0.39997,0.38838
1,2.4045E-35,3.1563E-35,3.6698E-35,6.1632E-35,1.1882E-34,1.2064E-34,1.4351E-34,2.8833E-34,1.2339E-33,1.6142E-33,1.7954E-33,1.8022E-33,2.7316E-33,5.6892E-33,6.262E-33,1.0317E-32,4.7308E-32,2.0423E-31,2.4771E-31,6.0774E-31,1.0135E-30,1.5258E-30,1.768E-30,3.0388E-30,3.1403E-30,5.2573E-30,1.1263E-29,2.1939E-29,2.9052E-29,1.0281E-28,1.0818E-28,2.9975E-28,5.3367E-28,6.2051E-28,1.1829E-27,1.7065E-27,1.7171E-27,2.0829E-27,3.5225E-26,5.5982E-25,1.0686E-24,1.09E-24,1.0924E-24,2.2015E-24,6.8768E-24,8.1242E-24,9.092E-24,5.3887E-23,6.5958E-23,7.3505E-23,4.2947E-22,1.7456E-21,4.1066E-21,7.2247E-21,1.424E-20,1.6637E-19,3.8882E-19,4.303E-19,1.3501E-18,4.7908E-18,8.4441E-18,8.462E-18,1.8831E-17,2.9422E-17,3.9934E-17,5.8848E-17,8.1513E-17,1.2811E-16,1.5515E-16,2.6994E-16,7.0643E-16,1.0786E-15,2.1029E-15,7.8605E-15,8.9637E-15,1.4814E-14,1.9895E-14,4.7071E-14,2.0492E-13,3.0384E-13,8.9285E-13,2.0862E-12,3.2976E-12,7.3031E-12,8.1158E-12,8.9492E-12,1.464E-11,1.9273E-11,1.9386E-11,2.4309E-11,2.8834E-11,3.8506E-11,3.9444E-11,3.9863E-11,4.2287E-11,4.971E-11,6.4937E-11,7.459E-11,1.4047E-10,1.4063E-10,2.9802E-10,3.0096E-10,3.5285E-10,3.9099E-10,4.1767E-10,5.1747E-10,6.4581E-10,0.0000000012934,0.000000001427,0.000000002,0.000000007479,0.000000011154,0.000000012746,0.000000028742,0.000000031644,0.000000035198,0.000000078355,0.000000087662,0.0000001221,0.00000013954,0.00000014608,0.00000015954,0.00000028121,0.00000049884,0.00000052881,0.00000061478,0.00000080162,0.0000017622,0.0000018233,0.0000019253,0.0000069123,0.000015648,0.000021869,0.000025162,0.000036909,0.000044353,0.000048438,0.000067178,0.0001231,0.00016924,0.00018054,0.0001928,0.00019473,0.000225,0.00073197,0.00089219,0.00093157,0.0010324,0.0013711,0.0015727,0.0023693,0.0024938,0.0026743,0.0027646,0.0030689,0.0035987,0.003871,0.0041025,0.0049865,0.0053482,0.0066043,0.0069742,0.0082436,0.0085901,0.0091299,0.0091572,0.0095775,0.010866,0.014059,0.01413,0.017404,0.019404,0.021304,0.03469,0.040211,0.040795,0.05799,0.062716,0.063249,0.074885,0.075197,0.086192,0.10293,0.12966,0.13447,0.1465,0.17275,0.18507,0.19661,0.20954,0.25077,0.27402,0.27426,0.28676,0.30624,0.3094,0.33768,0.34904,0.35936,0.38812,0.39597,0.41166,0.42905,0.46267,0.49313,0.60233,0.61472,0.62844,0.65214,0.68336,0.6871,0.73227,0.73479,0.74766,0.76315,0.78432,0.9717,0.97894,0.98197,0.9869,0.98858,0.99296,1,0.99987,0.99902,0.99709,0.99525,0.98092,0.97931,0.95784,0.92446,0.88923,0.88596,0.84044,0.79599,0.79323,0.77274,0.72882,0.72782,0.72559,0.66979,0.66442,0.63159,0.61537,0.57901,0.56914,0.52201,0.51364,0.46649,0.45414
1,1.9631E-35,2.5777E-35,2.9976E-35,5.0377E-35,9.72E-35,9.8697E-35,1.1743E-34,2.3614E-34,1.0124E-33,1.325E-33,1.4739E-33,1.4795E-33,2.2438E-33,4.6776E-33,5.1492E-33,8.4893E-33,3.9006E-32,1.6872E-31,2.0469E-31,5.0282E-31,8.3908E-31,1.264E-30,1.4649E-30,2.5197E-30,2.604E-30,4.3625E-30,9.3562E-30,1.8241E-29,2.4165E-29,8.567E-29,9.0151E-29,2.5015E-28,4.4573E-28,5.1837E-28,9.8914E-28,1.4277E-27,1.4366E-27,1.7431E-27,2.9601E-26,4.7239E-25,9.0262E-25,9.2073E-25,9.2271E-25,1.8616E-24,5.8252E-24,6.8837E-24,7.7051E-24,4.5795E-23,5.6071E-23,6.2497E-23,3.6619E-22,1.4918E-21,3.5145E-21,6.1889E-21,1.2212E-20,1.4328E-19,3.3534E-19,3.7118E-19,1.1669E-18,4.1503E-18,7.3226E-18,7.3382E-18,1.6354E-17,2.5572E-17,3.4729E-17,5.1215E-17,7.0983E-17,1.1166E-16,1.3527E-16,2.356E-16,6.1769E-16,9.4385E-16,1.8427E-15,6.9055E-15,7.8768E-15,1.3031E-14,1.7511E-14,4.1502E-14,1.8123E-13,2.6893E-13,7.921E-13,1.8542E-12,2.9339E-12,6.509E-12,7.235E-12,7.9798E-12,1.3069E-11,1.7215E-11,1.7316E-11,2.1725E-11,2.5779E-11,3.445E-11,3.5291E-11,3.5667E-11,3.784E-11,4.45E-11,5.8167E-11,6.6835E-11,1.2605E-10,1.262E-10,2.6792E-10,2.7057E-10,3.1734E-10,3.5173E-10,3.758E-10,4.6583E-10,5.8169E-10,0.000000001167,0.0000000012879,0.0000000017661,0.0000000067785,0.00000001012,0.000000011569,0.000000026144,0.000000028791,0.000000032,0.00000007147,0.00000008,0.00000011151,0.00000012748,0.00000013348,0.00000014582,0.00000025744,0.00000045745,0.000000485,0.00000056412,0.00000073615,0.0000016222,0.0000016787,0.0000017728,0.0000063911,0.000014508,0.000020299,0.000023367,0.000034322,0.000041271,0.000045086,0.000062604,0.00011497,0.00015827,0.00016887,0.00018039,0.0001822,0.00021064,0.00068856,0.00083998,0.00087722,0.00097262,0.0012932,0.0014844,0.0022404,0.0023586,0.0025302,0.002616,0.0029054,0.0034096,0.0036688,0.0038894,0.0047319,0.0050769,0.0062759,0.0066292,0.0078426,0.008174,0.0086904,0.0087165,0.0091187,0.010352,0.013413,0.013481,0.016625,0.018546,0.020373,0.033272,0.038602,0.039166,0.055803,0.060383,0.060899,0.072187,0.07249,0.083171,0.099449,0.1255,0.1302,0.14194,0.16761,0.17967,0.19098,0.20365,0.24413,0.267,0.26723,0.27954,0.29873,0.30184,0.32974,0.34096,0.35116,0.37959,0.38736,0.4029,0.42013,0.45348,0.48374,0.5926,0.60499,0.6187,0.64245,0.67376,0.67752,0.72296,0.72549,0.73846,0.7541,0.77549,0.96785,0.97558,0.97884,0.98421,0.98605,0.99094,0.99987,1,0.9996,0.99818,0.99668,0.98389,0.9824,0.96224,0.93024,0.89606,0.89288,0.84832,0.80457,0.80184,0.7816,0.73809,0.7371,0.73489,0.6794,0.67405,0.6413,0.6251,0.58874,0.57885,0.53158,0.52319,0.47578,0.46334
1,1.3739E-35,1.8051E-35,2.0999E-35,3.5331E-35,6.827E-35,6.9324E-35,8.2513E-35,1.6619E-34,7.149E-34,9.3616E-34,1.0417E-33,1.0456E-33,1.5872E-33,3.3146E-33,3.6496E-33,6.0239E-33,2.7776E-32,1.2056E-31,1.4634E-31,3.6023E-31,6.0188E-31,9.0757E-31,1.0522E-30,1.8122E-30,1.873E-30,3.1417E-30,6.7505E-30,1.3183E-29,1.7476E-29,6.2149E-29,6.5407E-29,1.8195E-28,3.2469E-28,3.7774E-28,7.2197E-28,1.043E-27,1.0495E-27,1.2741E-27,2.1795E-26,3.5036E-25,6.7061E-25,6.841E-25,6.8558E-25,1.3858E-24,4.3498E-24,5.1425E-24,5.7579E-24,3.439E-23,4.2131E-23,4.6974E-23,2.7661E-22,1.1314E-21,2.672E-21,4.713E-21,9.3184E-21,1.1013E-19,2.5844E-19,2.8615E-19,9.0279E-19,3.2236E-18,5.6978E-18,5.71E-18,1.2758E-17,1.9978E-17,2.7158E-17,4.0101E-17,5.5638E-17,8.765E-17,1.0625E-16,1.854E-16,4.8765E-16,7.4622E-16,1.4602E-15,5.4971E-15,6.2731E-15,1.0396E-14,1.3985E-14,3.3248E-14,1.4597E-13,2.1692E-13,6.4149E-13,1.5065E-12,2.3879E-12,5.3143E-12,5.9095E-12,6.5204E-12,1.0699E-11,1.4109E-11,1.4193E-11,1.7823E-11,2.1163E-11,2.8315E-11,2.9009E-11,2.9319E-11,3.1113E-11,3.6613E-11,4.791E-11,5.5082E-11,1.0416E-10,1.0428E-10,2.2209E-10,2.243E-10,2.6325E-10,2.919E-10,3.1196E-10,3.8706E-10,4.8379E-10,0.000000001,0.0000000010749,0.0000000014761,0.0000000056997,0.0000000085251,0.0000000097516,0.000000022122,0.000000024373,0.000000027132,0.000000060772,0.000000068,0.000000095,0.00000010871,0.00000011385,0.00000012443,0.00000022031,0.00000039265,0.00000041644,0.00000048474,0.00000063345,0.0000014018,0.0000014509,0.0000015328,0.0000055655,0.000012695,0.000017798,0.000020506,0.000030191,0.000036346,0.000039727,0.000055278,0.00010192,0.0001406,0.00015009,0.0001604,0.00016202,0.00018749,0.00061807,0.00075511,0.00078884,0.00087531,0.0011664,0.0013402,0.0020294,0.0021374,0.0022942,0.0023727,0.0026374,0.0030992,0.0033369,0.0035392,0.0043132,0.0046304,0.0057346,0.0060604,0.0071805,0.0074868,0.0079642,0.0079883,0.0083604,0.0095026,0.012342,0.012406,0.015329,0.01712,0.018824,0.0309,0.035909,0.036439,0.052127,0.056458,0.056947,0.067641,0.067928,0.078071,0.093565,0.11845,0.12295,0.1342,0.15885,0.17045,0.18135,0.19358,0.23275,0.25494,0.25516,0.26712,0.2858,0.28884,0.31605,0.32701,0.33698,0.36483,0.37246,0.38771,0.40465,0.43751,0.46739,0.57552,0.58789,0.6016,0.62538,0.65683,0.66061,0.70644,0.709,0.72214,0.738,0.75976,0.96051,0.96909,0.97276,0.97888,0.98101,0.98678,0.99902,0.9996,1,0.99948,0.99858,0.98851,0.98725,0.96941,0.93989,0.90762,0.90458,0.86181,0.81934,0.81669,0.79691,0.75419,0.75321,0.75103,0.69618,0.69087,0.65831,0.64217,0.60583,0.59594,0.54849,0.54003,0.49222,0.47964
1,9.1386E-36,1.2016E-35,1.3983E-35,2.3558E-35,4.5598E-35,4.6304E-35,5.5137E-35,1.1125E-34,4.8039E-34,6.2951E-34,7.0065E-34,7.0332E-34,1.0688E-33,2.2362E-33,2.4629E-33,4.0705E-33,1.8845E-32,8.2121E-32,9.9728E-32,2.461E-31,4.1176E-31,6.2158E-31,7.209E-31,1.2435E-30,1.2853E-30,2.1591E-30,4.6489E-30,9.0956E-30,1.2067E-29,4.3067E-29,4.5332E-29,1.2647E-28,2.2606E-28,2.6311E-28,5.0381E-28,7.2862E-28,7.3318E-28,8.9057E-28,1.5361E-26,2.4899E-25,4.7752E-25,4.8716E-25,4.8821E-25,9.8897E-25,3.1152E-24,3.6848E-24,4.1272E-24,2.4789E-23,3.0389E-23,3.3893E-23,2.0072E-22,8.2474E-22,1.9533E-21,3.4518E-21,6.8403E-21,8.1525E-20,1.9187E-19,2.1252E-19,6.7319E-19,2.4147E-18,4.2768E-18,4.2859E-18,9.6042E-18,1.5064E-17,2.0501E-17,3.0315E-17,4.2111E-17,6.6453E-17,8.0613E-17,1.4096E-16,3.7213E-16,5.7037E-16,1.119E-15,4.2346E-15,4.8349E-15,8.029E-15,1.0813E-14,2.5798E-14,1.1395E-13,1.6963E-13,5.0395E-13,1.1879E-12,1.8867E-12,4.2137E-12,4.6878E-12,5.1746E-12,8.5102E-12,1.1237E-11,1.1303E-11,1.4209E-11,1.6885E-11,2.2621E-11,2.3178E-11,2.3427E-11,2.4868E-11,2.9286E-11,3.837E-11,4.4142E-11,8.3723E-11,8.3823E-11,1.7917E-10,1.8095E-10,2.1254E-10,2.3579E-10,2.5208E-10,3.1309E-10,3.9176E-10,7.9107E-10,8.7384E-10,0.0000000012019,0.0000000046734,0.000000007,0.000000008,0.00000001827,0.00000002014,0.000000022433,0.000000050469,0.000000056548,0.000000079117,0.000000090576,0.000000094885,0.00000010375,0.00000018431,0.00000032959,0.00000034968,0.0000004074,0.00000053324,0.0000011858,0.0000012276,0.0000012973,0.0000047493,0.000010892,0.000015306,0.000017652,0.00002606,0.000031414,0.000034358,0.000047921,0.000088757,0.00012274,0.00013109,0.00014016,0.00014159,0.00016403,0.00054596,0.00066814,0.00069824,0.00077547,0.0010359,0.0011918,0.0018114,0.0019087,0.00205,0.0021208,0.0023597,0.0027771,0.0029921,0.0031754,0.0038771,0.0041652,0.0051694,0.0054661,0.0064875,0.0067671,0.0072032,0.0072253,0.0075654,0.0086105,0.011215,0.011273,0.013962,0.015613,0.017185,0.028374,0.033035,0.033529,0.048186,0.052244,0.052703,0.062747,0.063017,0.072568,0.087199,0.11079,0.11506,0.12576,0.14928,0.16037,0.17081,0.18253,0.22021,0.24162,0.24184,0.2534,0.27149,0.27443,0.30085,0.31151,0.32122,0.34838,0.35582,0.37074,0.38733,0.41958,0.449,0.55612,0.56844,0.58213,0.6059,0.63743,0.64123,0.68741,0.69,0.70329,0.71937,0.74149,0.9513,0.96082,0.96494,0.9719,0.97435,0.98112,0.99709,0.99818,0.99948,1,0.99978,0.99284,0.99183,0.9767,0.9501,0.92008,0.91722,0.8766,0.8357,0.83313,0.81393,0.77222,0.77126,0.76912,0.71511,0.70986,0.67759,0.66155,0.62532,0.61543,0.56786,0.55936,0.51115,0.49844
1,6.9819E-36,9.184E-36,1.069E-35,1.8027E-35,3.493E-35,3.5472E-35,4.2252E-35,8.5355E-35,3.6948E-34,4.844E-34,5.3924E-34,5.4129E-34,8.2316E-34,1.7245E-33,1.8996E-33,3.1422E-33,1.4587E-32,6.3728E-32,7.7418E-32,1.9135E-31,3.2046E-31,4.8411E-31,5.6161E-31,9.6968E-31,1.0024E-30,1.6853E-30,3.6339E-30,7.1185E-30,9.4489E-30,3.3802E-29,3.5583E-29,9.9463E-29,1.7798E-28,2.0721E-28,3.9725E-28,5.7491E-28,5.7852E-28,7.0297E-28,1.2191E-26,1.987E-25,3.8157E-25,3.8929E-25,3.9013E-25,7.9141E-25,2.4987E-24,2.9566E-24,3.3123E-24,1.9968E-23,2.4489E-23,2.7319E-23,1.6239E-22,6.6928E-22,1.5881E-21,2.8099E-21,5.5765E-21,6.6831E-20,1.5759E-19,1.7459E-19,5.5452E-19,1.995E-18,3.5381E-18,3.5457E-18,7.9609E-18,1.25E-17,1.7024E-17,2.5197E-17,3.5031E-17,5.5341E-17,6.7165E-17,1.1761E-16,3.1123E-16,4.7754E-16,9.3846E-16,3.5637E-15,4.0703E-15,6.7683E-15,9.1226E-15,2.1814E-14,9.6746E-14,1.4417E-13,4.2962E-13,1.0152E-12,1.6145E-12,3.6141E-12,4.0221E-12,4.4411E-12,7.3145E-12,9.6658E-12,9.7233E-12,1.2231E-11,1.4542E-11,1.95E-11,1.9982E-11,2.0197E-11,2.1443E-11,2.5264E-11,3.3129E-11,3.8129E-11,7.2461E-11,7.2548E-11,1.5544E-10,1.5699E-10,1.8449E-10,2.0474E-10,2.1893E-10,2.721E-10,3.4072E-10,6.8958E-10,7.6198E-10,0.000000001,0.0000000040981,0.000000006151,0.000000007,0.000000016097,0.000000017751,0.000000019779,0.000000044629,0.00000005,0.000000070078,0.000000080269,0.000000084102,0.000000092,0.00000016377,0.00000029352,0.00000031148,0.00000036311,0.00000047578,0.0000010614,0.0000010989,0.0000011616,0.0000042757,0.0000098415,0.000013851,0.000015984,0.000023639,0.00002852,0.000031206,0.000043593,0.000080981,0.00011216,0.00011983,0.00012817,0.00012949,0.00015012,0.00050283,0.00061603,0.00064395,0.00071559,0.0009575,0.0011024,0.0016797,0.0017705,0.0019024,0.0019685,0.0021917,0.0025819,0.0027831,0.0029547,0.0036122,0.0038823,0.0048251,0.0051039,0.0060644,0.0063276,0.0067382,0.006759,0.0070793,0.0080644,0.010523,0.010578,0.013122,0.014684,0.016175,0.026809,0.031251,0.031722,0.045727,0.049613,0.050052,0.059684,0.059943,0.069117,0.083196,0.10595,0.11008,0.12043,0.14321,0.15397,0.16411,0.1755,0.2122,0.2331,0.23331,0.24461,0.2623,0.26518,0.29107,0.30153,0.31106,0.33775,0.34508,0.35977,0.37611,0.40794,0.43703,0.54338,0.55567,0.56932,0.59306,0.62461,0.62841,0.67477,0.67738,0.69075,0.70696,0.72928,0.94475,0.95488,0.95928,0.96678,0.96944,0.97685,0.99525,0.99668,0.99858,0.99978,1,0.99514,0.9943,0.98099,0.95634,0.92785,0.92512,0.88598,0.84618,0.84367,0.82488,0.78389,0.78294,0.78084,0.72746,0.72225,0.69022,0.67425,0.63814,0.62826,0.58066,0.57214,0.52373,0.51093
1,1.9786E-36,2.6082E-36,3.0396E-36,5.1464E-36,1.0024E-35,1.0181E-35,1.2143E-35,2.4667E-35,1.0802E-34,1.4192E-34,1.5813E-34,1.5874E-34,2.422E-34,5.1042E-34,5.6268E-34,9.3456E-34,4.3927E-33,1.9425E-32,2.3635E-32,5.8858E-32,9.8992E-32,1.5006E-31,1.743E-31,3.0233E-31,3.1261E-31,5.2791E-31,1.1457E-30,2.2572E-30,3.0034E-30,1.0862E-29,1.144E-29,3.2262E-29,5.8022E-29,6.7642E-29,1.3042E-28,1.8937E-28,1.9057E-28,2.3196E-28,4.1266E-27,6.8997E-26,1.333E-25,1.3602E-25,1.3632E-25,2.7837E-25,8.8844E-25,1.0529E-24,1.1809E-24,7.2425E-24,8.8997E-24,9.9388E-24,6.0116E-23,2.5127E-22,6.0141E-22,1.0703E-21,2.1389E-21,2.6302E-20,6.2587E-20,6.9414E-20,2.232E-19,8.1424E-19,1.4532E-18,1.4563E-18,3.2992E-18,5.2064E-18,7.1155E-18,1.0578E-17,1.4761E-17,2.3441E-17,2.8512E-17,5.0248E-17,1.3448E-16,2.0739E-16,4.1082E-16,1.5852E-15,1.8134E-15,3.0342E-15,4.1046E-15,9.9214E-15,4.4835E-14,6.7155E-14,2.0297E-13,4.8506E-13,7.7621E-13,1.7566E-12,1.9578E-12,2.1646E-12,3.5897E-12,4.7619E-12,4.7906E-12,6.0454E-12,7.2053E-12,9.7013E-12,9.9444E-12,1.0053E-11,1.0682E-11,1.2615E-11,1.6606E-11,1.915E-11,3.673E-11,3.6775E-11,7.9671E-11,8.0479E-11,9.4802E-11,1.0537E-10,1.1278E-10,1.4063E-10,1.7668E-10,3.6141E-10,3.9996E-10,5.534E-10,0.0000000022081,0.0000000033358,0.0000000038286,0.0000000088675,0.000000009794,0.000000010933,0.000000025,0.000000028086,0.000000039571,0.000000045432,0.00000004764,0.000000052191,0.000000093856,0.00000017,0.00000018057,0.00000021108,0.00000027794,0.00000062934,0.000000652,0.00000068992,0.0000026044,0.0000060965,0.0000086411,0.000010002,0.000014915,0.000018067,0.000019808,0.000027873,0.000052501,0.000073263,0.000078392,0.000083979,0.000084859,0.000098726,0.00034057,0.00041941,0.00043892,0.00048908,0.00065943,0.00076209,0.0011745,0.0012398,0.0013348,0.0013825,0.0015439,0.0018273,0.001974,0.0020993,0.0025815,0.0027805,0.0034783,0.0036855,0.0044023,0.0045994,0.0049075,0.0049231,0.0051639,0.0059067,0.0077737,0.0078157,0.0097646,0.010969,0.012122,0.020456,0.023981,0.024357,0.035609,0.038762,0.039119,0.046984,0.047197,0.054747,0.066432,0.085534,0.089026,0.097815,0.11731,0.12659,0.13536,0.14528,0.17747,0.196,0.19619,0.20626,0.2221,0.22469,0.24804,0.25753,0.2662,0.29061,0.29735,0.31089,0.32602,0.35569,0.38303,0.48489,0.49685,0.51019,0.53353,0.5648,0.5686,0.61519,0.61784,0.63143,0.648,0.67098,0.90938,0.92215,0.92783,0.93771,0.94129,0.95155,0.98092,0.98389,0.98851,0.99284,0.99514,1,0.99997,0.99528,0.98018,0.9593,0.95719,0.92556,0.89151,0.88931,0.87273,0.83571,0.83484,0.83292,0.78324,0.77832,0.7478,0.73244,0.69732,0.68764,0.64049,0.63197,0.58311,0.57007
1,1.7809E-36,2.3481E-36,2.7367E-36,4.6352E-36,9.0321E-36,9.1733E-36,1.0943E-35,2.2239E-35,9.7483E-35,1.281E-34,1.4274E-34,1.4329E-34,2.1869E-34,4.611E-34,5.0834E-34,8.446E-34,3.974E-33,1.7591E-32,2.1407E-32,5.3341E-32,8.9745E-32,1.3608E-31,1.5808E-31,2.743E-31,2.8363E-31,4.7915E-31,1.0404E-30,2.0508E-30,2.7293E-30,9.88E-30,1.0406E-29,2.9367E-29,5.2838E-29,6.1605E-29,1.1884E-28,1.726E-28,1.7369E-28,2.1145E-28,3.7697E-27,6.3163E-26,1.2209E-25,1.2458E-25,1.2486E-25,2.551E-25,8.1492E-25,9.6592E-25,1.0834E-24,6.6541E-24,8.178E-24,9.1337E-24,5.5326E-23,2.3152E-22,5.5454E-22,9.8733E-22,1.9743E-21,2.433E-20,5.7938E-20,6.4263E-20,2.0686E-19,7.5547E-19,1.349E-18,1.3519E-18,3.0649E-18,4.8387E-18,6.6149E-18,9.8376E-18,1.3732E-17,2.1816E-17,2.6541E-17,4.6799E-17,1.2537E-16,1.9341E-16,3.8339E-16,1.4813E-15,1.6948E-15,2.8372E-15,3.8393E-15,9.2885E-15,4.204E-14,6.2996E-14,1.9062E-13,4.5599E-13,7.3006E-13,1.6537E-12,1.8432E-12,2.0382E-12,3.382E-12,4.4878E-12,4.5149E-12,5.6991E-12,6.7938E-12,9.1504E-12,9.38E-12,9.4825E-12,1.0077E-11,1.1902E-11,1.5673E-11,1.8077E-11,3.4698E-11,3.474E-11,7.5333E-11,7.6098E-11,8.9659E-11,9.9666E-11,1.0669E-10,1.3306E-10,1.6723E-10,3.4236E-10,3.7893E-10,5.2452E-10,0.0000000020965,0.000000003169,0.0000000036378,0.000000008435,0.0000000093177,0.000000010403,0.000000023822,0.000000026758,0.000000037719,0.000000043314,0.000000045422,0.000000049767,0.000000089573,0.00000016236,0.00000017249,0.00000020169,0.00000026568,0.00000060232,0.00000062407,0.0000006604,0.0000024982,0.000005856,0.0000083051,0.0000096154,0.000014349,0.000017387,0.000019065,0.000026844,0.000050622,0.000070684,0.000075643,0.000081044,0.000081895,0.000095304,0.00032957,0.00040605,0.00042497,0.00047365,0.00063902,0.00073874,0.0011396,0.0012031,0.0012955,0.0013419,0.001499,0.0017748,0.0019176,0.0020396,0.0025093,0.0027032,0.0033834,0.0035855,0.0042848,0.0044771,0.0047777,0.004793,0.005028,0.0057532,0.0075772,0.0076182,0.0095236,0.010702,0.01183,0.019993,0.023449,0.023817,0.034862,0.037958,0.038309,0.046039,0.046248,0.053674,0.065173,0.083989,0.087431,0.096096,0.11533,0.12449,0.13316,0.14295,0.17478,0.19311,0.1933,0.20327,0.21895,0.22152,0.24466,0.25406,0.26266,0.28688,0.29356,0.307,0.32203,0.35151,0.37869,0.48011,0.49203,0.50534,0.52863,0.55985,0.56364,0.61022,0.61286,0.62646,0.64304,0.66606,0.9061,0.91908,0.92486,0.93492,0.93858,0.94906,0.97931,0.9824,0.98725,0.99183,0.9943,0.99997,1,0.99605,0.98176,0.96154,0.95948,0.92852,0.89499,0.89282,0.87644,0.8398,0.83894,0.83703,0.78771,0.78283,0.75247,0.73717,0.70217,0.69252,0.64544,0.63693,0.58808,0.57504
1,5.6604E-37,7.4772E-37,8.7241E-37,1.483E-36,2.9033E-36,2.9491E-36,3.5223E-36,7.1941E-36,3.1867E-35,4.1957E-35,4.6787E-35,4.6968E-35,7.1902E-35,1.5241E-34,1.6815E-34,2.804E-34,1.3342E-33,5.9705E-33,7.2763E-33,1.8254E-32,3.0831E-32,4.6895E-32,5.4536E-32,9.5022E-32,9.8278E-32,1.6668E-31,3.6407E-31,7.2131E-31,9.6204E-31,3.5171E-30,3.7057E-30,1.0543E-29,1.9056E-29,2.2244E-29,4.3131E-29,6.2825E-29,6.3226E-29,7.709E-29,1.4063E-27,2.4112E-26,4.6863E-26,4.7828E-26,4.7934E-26,9.8521E-26,3.1781E-25,3.7725E-25,4.2354E-25,2.642E-24,3.2528E-24,3.6364E-24,2.2376E-23,9.4828E-23,2.2892E-22,4.0971E-22,8.2446E-22,1.0398E-20,2.4965E-20,2.7718E-20,9.022E-20,3.3365E-19,5.9918E-19,6.0049E-19,1.3724E-18,2.1765E-18,2.9848E-18,4.4566E-18,6.2418E-18,9.963E-18,1.2145E-17,2.1539E-17,5.8292E-17,9.0338E-17,1.8036E-16,7.07E-16,8.1009E-16,1.3637E-15,1.8514E-15,4.523E-15,2.0821E-14,3.1343E-14,9.606E-14,2.3214E-13,3.7376E-13,8.5495E-13,9.5421E-13,1.0564E-12,1.7638E-12,2.3486E-12,2.363E-12,2.9913E-12,3.5737E-12,4.8312E-12,4.954E-12,5.0088E-12,5.3267E-12,6.3049E-12,8.3309E-12,9.6263E-12,1.8632E-11,1.8655E-11,4.0858E-11,4.1279E-11,4.8739E-11,5.4254E-11,5.8128E-11,7.2711E-11,9.1654E-11,1.8945E-10,2.0997E-10,2.9193E-10,0.0000000011895,0.0000000018085,0.0000000020801,0.0000000048821,0.0000000054009,0.000000006,0.000000014,0.000000015755,0.000000022324,0.00000002569,0.000000027,0.00000002958,0.000000053726,0.0000000983,0.00000010454,0.00000012254,0.00000016213,0.00000037255,0.00000038623,0.00000040909,0.0000015831,0.0000037679,0.0000053779,0.0000062431,0.0000093863,0.000011415,0.000012539,0.000017772,0.000033935,0.000047705,0.000051122,0.00005485,0.000055438,0.000064717,0.00022983,0.00028448,0.00029805,0.00033301,0.00045238,0.00052474,0.00081789,0.00086459,0.0009327,0.00096692,0.001083,0.0012877,0.001394,0.001485,0.0018367,0.0019824,0.0024959,0.002649,0.0031807,0.0033274,0.0035572,0.0035688,0.0037487,0.0043054,0.0057143,0.0057462,0.0072297,0.008152,0.0090383,0.015524,0.018301,0.018598,0.027571,0.030109,0.030397,0.036768,0.036941,0.043105,0.052722,0.068619,0.071547,0.078941,0.095466,0.10339,0.11092,0.11945,0.14742,0.16367,0.16384,0.17272,0.18674,0.18904,0.20988,0.21838,0.22618,0.24824,0.25436,0.26669,0.28053,0.30782,0.33318,0.42932,0.44078,0.45362,0.47618,0.50665,0.51036,0.55634,0.55896,0.57251,0.58909,0.61226,0.86753,0.88257,0.88935,0.9013,0.90569,0.91848,0.95784,0.96224,0.96941,0.9767,0.98099,0.99528,0.99605,1,0.99473,0.98192,0.98047,0.9571,0.92963,0.9278,0.91381,0.88166,0.8809,0.87919,0.83437,0.82985,0.80154,0.78712,0.75377,0.74448,0.69874,0.69039,0.64203,0.62899
1,1.4909E-37,1.9739E-37,2.3059E-37,3.9364E-37,7.7481E-37,7.8711E-37,9.4145E-37,1.934E-36,8.6707E-36,1.1442E-35,1.277E-35,1.282E-35,1.9695E-35,4.2007E-35,4.6381E-35,7.767E-35,3.7441E-34,1.6967E-33,2.0712E-33,5.2366E-33,8.8842E-33,1.3562E-32,1.5792E-32,2.7647E-32,2.8603E-32,4.8733E-32,1.0717E-31,2.1359E-31,2.8559E-31,1.056E-30,1.1132E-30,3.1965E-30,5.8082E-30,6.7894E-30,1.3243E-29,1.9356E-29,1.948E-29,2.3794E-29,4.4575E-28,7.8485E-27,1.535E-26,1.567E-26,1.5705E-26,3.2502E-26,1.0604E-25,1.2607E-25,1.417E-25,8.9991E-25,1.1103E-24,1.2425E-24,7.7857E-24,3.3482E-23,8.1562E-23,1.4685E-22,2.9767E-22,3.8564E-21,9.3466E-21,1.0389E-20,3.4253E-20,1.2852E-19,2.3232E-19,2.3283E-19,5.3711E-19,8.563E-19,1.1785E-18,1.7678E-18,2.4856E-18,3.989E-18,4.8738E-18,8.7019E-18,2.3829E-17,3.7122E-17,7.4734E-17,2.9787E-16,3.4188E-16,5.7924E-16,7.8941E-16,1.9503E-15,9.1548E-15,1.3855E-14,4.3093E-14,1.0538E-13,1.7076E-13,3.9506E-13,4.4159E-13,4.8959E-13,8.2324E-13,1.1006E-12,1.1075E-12,1.4066E-12,1.6847E-12,2.2873E-12,2.3462E-12,2.3726E-12,2.5254E-12,2.9964E-12,3.975E-12,4.6027E-12,8.9945E-12,9.0057E-12,1.9954E-11,2.0163E-11,2.3866E-11,2.6609E-11,2.8538E-11,3.5818E-11,4.5307E-11,9.4694E-11,1.0512E-10,1.469E-10,6.1194E-10,9.367E-10,0.0000000010798,0.0000000025702,0.0000000028481,0.0000000031908,0.0000000075033,0.0000000084601,0.00000001206,0.000000013912,0.000000014612,0.000000016058,0.000000029474,0.000000054515,0.000000058,0.00000006823,0.000000090742,0.00000021176,0.00000021969,0.000000233,0.00000092548,0.0000022416,0.0000032231,0.0000037535,0.0000056921,0.0000069518,0.0000076516,0.000010928,0.00002117,0.000029992,0.000032192,0.000034596,0.000034975,0.000040977,0.00015006,0.00018675,0.00019589,0.00021949,0.00030055,0.00034999,0.00055205,0.00058445,0.00063181,0.00065564,0.00073669,0.00088015,0.00095496,0.0010191,0.0012682,0.0013719,0.0017389,0.0018489,0.0022323,0.0023385,0.002505,0.0025134,0.0026441,0.0030498,0.0040842,0.0041077,0.0052068,0.0058944,0.0065577,0.011476,0.013609,0.013838,0.020819,0.022812,0.023039,0.028078,0.028215,0.03313,0.040863,0.053797,0.056196,0.06228,0.075987,0.082609,0.088928,0.096121,0.11991,0.13387,0.13402,0.14169,0.15386,0.15586,0.17408,0.18155,0.18843,0.20798,0.21342,0.22443,0.23684,0.26148,0.28455,0.37359,0.38438,0.39649,0.41789,0.44702,0.45058,0.49507,0.49763,0.51087,0.52715,0.55004,0.81691,0.83392,0.84168,0.85548,0.8606,0.8757,0.92446,0.93024,0.93989,0.9501,0.95634,0.98018,0.98176,0.99473,1,0.99612,0.99543,0.9815,0.96178,0.96039,0.94957,0.92347,0.92283,0.92141,0.88296,0.87899,0.85377,0.84072,0.81007,0.80143,0.7583,0.75032,0.70357,0.69081
1,4.7094E-38,6.2466E-38,7.305E-38,1.2516E-37,2.475E-37,2.5145E-37,3.0113E-37,6.2165E-37,2.8162E-36,3.7234E-36,4.1589E-36,4.1752E-36,6.4333E-36,1.3794E-35,1.5241E-35,2.5616E-35,1.2486E-34,5.7196E-34,6.9922E-34,1.7797E-33,3.031E-33,4.6411E-33,5.4103E-33,9.5106E-33,9.8418E-33,1.6834E-32,3.7234E-32,7.4589E-32,9.9949E-32,3.7322E-31,3.9356E-31,1.1392E-30,2.0793E-30,2.4334E-30,4.7708E-30,6.9931E-30,7.0385E-30,8.6104E-30,1.6502E-28,2.9726E-27,5.8454E-27,5.968E-27,5.9814E-27,1.2452E-26,4.1019E-26,4.884E-26,5.4949E-26,3.5436E-25,4.3796E-25,4.9061E-25,3.1223E-24,1.3597E-23,3.338E-23,6.0413E-23,1.2322E-22,1.6335E-21,3.9912E-21,4.4406E-21,1.4804E-20,5.6238E-20,1.0223E-19,1.0246E-19,2.3825E-19,3.8155E-19,5.2676E-19,7.9327E-19,1.1191E-18,1.8043E-18,2.2089E-18,3.9666E-18,1.0972E-17,1.717E-17,3.4814E-17,1.4075E-16,1.6178E-16,2.7562E-16,3.7686E-16,9.4005E-16,4.4873E-15,6.8222E-15,2.1489E-14,5.3084E-14,8.6496E-14,2.0206E-13,2.2616E-13,2.5104E-13,4.2472E-13,5.6979E-13,5.7336E-13,7.3032E-13,8.7658E-13,1.1945E-12,1.2257E-12,1.2396E-12,1.3204E-12,1.5699E-12,2.0899E-12,2.4242E-12,4.7764E-12,4.7824E-12,1.0702E-11,1.0815E-11,1.2829E-11,1.4323E-11,1.5375E-11,1.9353E-11,2.4554E-11,5.1808E-11,5.759E-11,8.083E-11,3.4318E-10,5.2837E-10,6.1029E-10,0.0000000014702,0.0000000016315,0.0000000018307,0.0000000043578,0.0000000049221,0.0000000070527,0.0000000081528,0.0000000085691,0.0000000094303,0.000000017466,0.000000032606,0.000000034747,0.000000041,0.000000054701,0.00000012936,0.00000013428,0.00000014252,0.00000057913,0.000001424,0.0000020605,0.0000024059,0.0000036757,0.0000045054,0.0000049675,0.0000071409,0.000014006,0.000019976,0.000021471,0.000023106,0.000023364,0.000027459,0.00010324,0.00012908,0.00013553,0.00015223,0.00020988,0.00024522,0.00039077,0.00041425,0.00044862,0.00046593,0.00052494,0.00062978,0.00068463,0.00073176,0.0009154,0.0009921,0.0012649,0.0013469,0.0016339,0.0017136,0.0018389,0.0018452,0.0019437,0.0022502,0.0030365,0.0030545,0.0038965,0.004426,0.0049387,0.0087821,0.010468,0.010649,0.016225,0.01783,0.018013,0.022095,0.022207,0.026215,0.032567,0.043298,0.045301,0.050397,0.061957,0.067577,0.07296,0.07911,0.099606,0.11173,0.11186,0.11855,0.12922,0.13098,0.14704,0.15366,0.15976,0.17719,0.18207,0.19195,0.20312,0.22543,0.24646,0.32882,0.33892,0.3503,0.37049,0.39813,0.40153,0.44418,0.44665,0.45944,0.47523,0.49754,0.76936,0.78769,0.7961,0.81118,0.81682,0.83355,0.88923,0.89606,0.90762,0.92008,0.92785,0.9593,0.96154,0.98192,0.99612,1,0.99997,0.99449,0.98193,0.98096,0.9731,0.95283,0.95232,0.95117,0.9191,0.91569,0.89369,0.88211,0.85447,0.84657,0.80657,0.79908,0.75463,0.74236
1,4.2658E-38,5.6592E-38,6.6187E-38,1.1344E-37,2.244E-37,2.2799E-37,2.7306E-37,5.6395E-37,2.557E-36,3.3814E-36,3.7771E-36,3.7919E-36,5.8442E-36,1.2537E-35,1.3853E-35,2.3289E-35,1.1363E-34,5.2099E-34,6.3698E-34,1.6222E-33,2.7637E-33,4.2329E-33,4.935E-33,8.678E-33,8.9804E-33,1.5366E-32,3.4003E-32,6.8147E-32,9.1334E-32,3.4133E-31,3.5995E-31,1.0426E-30,1.9037E-30,2.2282E-30,4.3704E-30,6.4077E-30,6.4494E-30,7.8908E-30,1.5152E-28,2.7348E-27,5.3802E-27,5.4931E-27,5.5055E-27,1.1467E-26,3.7806E-26,4.502E-26,5.0655E-26,3.271E-25,4.0433E-25,4.5297E-25,2.8866E-24,1.2584E-23,3.0914E-23,5.5974E-23,1.1423E-22,1.5173E-21,3.7097E-21,4.1278E-21,1.3774E-20,5.2382E-20,9.5265E-20,9.5479E-20,2.2218E-19,3.5594E-19,4.9153E-19,7.4046E-19,1.0449E-18,1.6854E-18,2.0636E-18,3.7075E-18,1.0264E-17,1.6068E-17,3.26E-17,1.3197E-16,1.517E-16,2.5857E-16,3.5364E-16,8.8286E-16,4.2204E-15,6.4188E-15,2.0241E-14,5.0043E-14,8.1579E-14,1.9074E-13,2.135E-13,2.3702E-13,4.012E-13,5.384E-13,5.4178E-13,6.9026E-13,8.2866E-13,1.1295E-12,1.159E-12,1.1722E-12,1.2487E-12,1.485E-12,1.9773E-12,2.294E-12,4.5232E-12,4.5288E-12,1.0143E-11,1.0251E-11,1.2161E-11,1.3579E-11,1.4578E-11,1.8354E-11,2.3292E-11,4.9186E-11,5.4681E-11,7.6777E-11,3.265E-10,5.0294E-10,5.8101E-10,0.0000000014011,0.000000001555,0.0000000017452,0.0000000041585,0.0000000046976,0.000000006734,0.0000000077858,0.0000000081839,0.000000009,0.000000016696,0.000000031193,0.000000033244,0.000000039186,0.000000052365,0.000000124,0.0000001287,0.00000013661,0.00000055617,0.0000013693,0.0000019824,0.0000023153,0.0000035395,0.0000043398,0.0000047856,0.0000068833,0.000013515,0.000019287,0.000020732,0.000022314,0.000022564,0.000026525,0.000099956,0.00012502,0.00013128,0.00014749,0.00020346,0.00023779,0.00037926,0.00040209,0.00043551,0.00045236,0.00050976,0.00061179,0.00066518,0.00071106,0.00088991,0.00096464,0.0012305,0.0013104,0.0015903,0.0016681,0.0017902,0.0017965,0.0018925,0.0021916,0.0029595,0.002977,0.0037997,0.0043173,0.0048187,0.0085804,0.010232,0.010409,0.015877,0.017452,0.017632,0.021639,0.021749,0.025686,0.03193,0.042486,0.044458,0.049475,0.060863,0.066402,0.071709,0.077775,0.098002,0.10998,0.11011,0.11672,0.12726,0.129,0.14488,0.15143,0.15747,0.17472,0.17954,0.18933,0.2004,0.22251,0.24336,0.32513,0.33517,0.34648,0.36656,0.39407,0.39745,0.43992,0.44238,0.45513,0.47086,0.49311,0.76514,0.78357,0.79203,0.80721,0.81289,0.82974,0.88596,0.89288,0.90458,0.91722,0.92512,0.95719,0.95948,0.98047,0.99543,0.99997,1,0.99526,0.98332,0.98238,0.97479,0.95504,0.95454,0.95342,0.92193,0.91857,0.89687,0.88543,0.85807,0.85024,0.81055,0.80311,0.7589,0.74668
1,1.1811E-38,1.5701E-38,1.8385E-38,3.1637E-38,6.2904E-38,6.3918E-38,7.6657E-38,1.5919E-37,7.301E-37,9.6752E-37,1.0817E-36,1.086E-36,1.6792E-36,3.6234E-36,4.0068E-36,6.7633E-36,3.3407E-35,1.5501E-34,1.8982E-34,4.8702E-34,8.3322E-34,1.2805E-33,1.4947E-33,2.6404E-33,2.7331E-33,4.6967E-33,1.046E-32,2.1083E-32,2.8324E-32,1.07E-31,1.1289E-31,3.2986E-31,6.0534E-31,7.0945E-31,1.3994E-30,2.0583E-30,2.0718E-30,2.5391E-30,5E-29,9.2549E-28,1.8317E-27,1.8705E-27,1.8747E-27,3.9303E-27,1.3097E-26,1.5621E-26,1.7595E-26,1.1557E-25,1.4313E-25,1.6052E-25,1.0407E-24,4.6002E-24,1.1398E-23,2.0756E-23,4.2651E-23,5.8109E-22,1.4336E-21,1.5968E-21,5.3938E-21,2.0796E-20,3.8057E-20,3.8143E-20,8.9546E-20,1.4417E-19,1.9978E-19,3.0227E-19,4.2811E-19,6.941E-19,8.5173E-19,1.54E-18,4.3113E-18,6.7827E-18,1.387E-17,5.7039E-17,6.5673E-17,1.1263E-16,1.5459E-16,3.9007E-16,1.8996E-15,2.9037E-15,9.2851E-15,2.3215E-14,3.8077E-14,8.9988E-14,1.0087E-13,1.1214E-13,1.911E-13,2.5743E-13,2.5906E-13,3.311E-13,3.9844E-13,5.4532E-13,5.5975E-13,5.6621E-13,6.0366E-13,7.1951E-13,9.6171E-13,1.1179E-12,2.2244E-12,2.2273E-12,5.0434E-12,5.0976E-12,6.0619E-12,6.779E-12,7.2847E-12,9.2008E-12,1.1715E-11,2.5E-11,2.7835E-11,3.9271E-11,1.7055E-10,2.6441E-10,3.0611E-10,7.4807E-10,8.3157E-10,9.349E-10,0.000000002258,0.0000000025556,0.0000000036844,0.0000000042697,0.0000000044916,0.000000005,0.0000000092692,0.000000017497,0.000000018667,0.000000022064,0.000000029628,0.000000071187,0.000000073946,0.00000007857,0.000000328,0.000000821,0.0000011969,0.000001402,0.000002161,0.0000026602,0.0000029391,0.000004258,0.0000084757,0.000012185,0.000013118,0.000014141,0.000014303,0.000016871,0.000065455,0.000082288,0.000086507,0.000097447,0.00013544,0.00015889,0.0002563,0.00027212,0.00029532,0.00030703,0.00034703,0.0004184,0.00045588,0.00048816,0.00061449,0.0006675,0.00085693,0.00091417,0.0011152,0.0011712,0.0012595,0.001264,0.0013335,0.0015505,0.0021116,0.0021244,0.0027307,0.0031144,0.0034874,0.0063208,0.0075799,0.0077157,0.011934,0.01316,0.0133,0.016439,0.016526,0.019634,0.024602,0.033092,0.034689,0.038767,0.048091,0.052658,0.057052,0.062093,0.079045,0.089176,0.089282,0.094903,0.1039,0.10539,0.11904,0.12469,0.12992,0.14493,0.14914,0.15772,0.16745,0.187,0.20558,0.27958,0.28879,0.29919,0.31774,0.34332,0.34648,0.38639,0.38871,0.40079,0.41576,0.43703,0.70906,0.7285,0.73748,0.7537,0.7598,0.77803,0.84044,0.84832,0.86181,0.8766,0.88598,0.92556,0.92852,0.9571,0.9815,0.99449,0.99526,1,0.99632,0.99587,0.99178,0.97905,0.9787,0.97792,0.95435,0.95171,0.93417,0.92466,0.90135,0.89455,0.85934,0.85262,0.81205,0.80065
1,3.7812E-39,5.0361E-39,5.9029E-39,1.0194E-38,2.036E-38,2.069E-38,2.4843E-38,5.1839E-38,2.4017E-37,3.1887E-37,3.5675E-37,3.5817E-37,5.5547E-37,1.2048E-36,1.3332E-36,2.2583E-36,1.1276E-35,5.2875E-35,6.484E-35,1.6744E-34,2.8754E-34,4.4323E-34,5.1794E-34,9.1856E-34,9.5106E-34,1.6406E-33,3.6745E-33,7.4429E-33,1.002E-32,3.8216E-32,4.0334E-32,1.1877E-31,2.1893E-31,2.5688E-31,5.0921E-31,7.5111E-31,7.5607E-31,9.2801E-31,1.8684E-29,3.536E-28,7.0353E-28,7.1854E-28,7.2018E-28,1.5186E-27,5.1083E-27,6.1011E-27,6.8785E-27,4.586E-26,5.6896E-26,6.3866E-26,4.2038E-25,1.8811E-24,4.6962E-24,8.5949E-24,1.7769E-23,2.4758E-22,6.1561E-22,6.8637E-22,2.3435E-21,9.1455E-21,1.6828E-20,1.6866E-20,3.9906E-20,6.4533E-20,8.9691E-20,1.3623E-19,1.9357E-19,3.1526E-19,3.876E-19,7.0474E-19,1.9924E-18,3.1483E-18,6.4828E-18,2.7034E-17,3.1169E-17,5.3743E-17,7.4004E-17,1.8849E-16,9.33E-16,1.4325E-15,4.6376E-15,1.171E-14,1.931E-14,4.607E-14,5.1709E-14,5.7549E-14,9.866E-14,1.3335E-13,1.3421E-13,1.72E-13,2.0742E-13,2.849E-13,2.9253E-13,2.9594E-13,3.1575E-13,3.771E-13,5.0573E-13,5.8891E-13,1.1812E-12,1.1827E-12,2.7042E-12,2.7335E-12,3.2574E-12,3.6476E-12,3.9231E-12,4.9689E-12,6.3453E-12,1.3667E-11,1.5236E-11,2.1588E-11,9.5509E-11,1.489E-10,1.7272E-10,4.2706E-10,4.7539E-10,5.353E-10,0.0000000013083,0.0000000014833,0.0000000021492,0.0000000024956,0.0000000026272,0.0000000028999,0.0000000054769,0.000000010432,0.00000001114,0.0000000132,0.000000017801,0.000000043327,0.000000045,0.000000047892,0.00000020434,0.00000051907,0.00000076144,0.00000089427,0.0000013883,0.000001715,0.0000018981,0.0000027674,0.0000055754,0.0000080676,0.000008697,0.0000093879,0.0000094972,0.000011237,0.000044728,0.000056485,0.00005944,0.000067115,0.000093907,0.00011052,0.00018006,0.00019142,0.0002081,0.00021654,0.00024539,0.00029706,0.00032428,0.00034776,0.00043999,0.00047883,0.00061821,0.00066048,0.00080944,0.00085109,0.00091676,0.00092011,0.00097193,0.0011342,0.0015561,0.0015659,0.0020253,0.0023175,0.0026025,0.0047912,0.0057741,0.0058804,0.0092075,0.010183,0.010294,0.012804,0.012873,0.015374,0.0194,0.026346,0.02766,0.031027,0.038775,0.042593,0.046279,0.050523,0.064897,0.073556,0.073647,0.078472,0.086222,0.087507,0.099336,0.10426,0.10882,0.12196,0.12567,0.13322,0.14183,0.15919,0.1758,0.24285,0.25129,0.26085,0.27796,0.30168,0.30462,0.34196,0.34415,0.35552,0.36967,0.38986,0.65788,0.67785,0.68713,0.70395,0.71031,0.7294,0.79599,0.80457,0.81934,0.8357,0.84618,0.89151,0.89499,0.92963,0.96178,0.98193,0.98332,0.99632,1,0.99999,0.9991,0.99284,0.99263,0.99216,0.97614,0.97418,0.96071,0.95312,0.93388,0.92814,0.89765,0.89171,0.85517,0.84473
1,3.5321E-39,4.705E-39,5.5151E-39,9.5261E-39,1.9032E-38,1.934E-38,2.3224E-38,4.8474E-38,2.2471E-37,2.9838E-37,3.3385E-37,3.3518E-37,5.199E-37,1.128E-36,1.2482E-36,2.1148E-36,1.0567E-35,4.958E-35,6.0804E-35,1.5708E-34,2.6981E-34,4.1597E-34,4.8612E-34,8.6233E-34,8.9285E-34,1.5405E-33,3.4516E-33,6.9934E-33,9.4162E-33,3.5933E-32,3.7925E-32,1.1173E-31,2.0601E-31,2.4173E-31,4.7932E-31,7.0715E-31,7.1181E-31,8.7376E-31,1.7615E-29,3.3381E-28,6.6437E-28,6.7855E-28,6.8011E-28,1.4346E-27,4.8284E-27,5.7673E-27,6.5025E-27,4.3392E-26,5.3839E-26,6.0438E-26,3.9817E-25,1.7831E-24,4.4534E-24,8.153E-24,1.6862E-23,2.3525E-22,5.8523E-22,6.5253E-22,2.2294E-21,8.7064E-21,1.6025E-20,1.6062E-20,3.802E-20,6.1499E-20,8.5491E-20,1.2988E-19,1.8458E-19,3.007E-19,3.6975E-19,6.725E-19,1.9024E-18,3.0068E-18,6.194E-18,2.5851E-17,2.9808E-17,5.1412E-17,7.0808E-17,1.8045E-16,8.9408E-16,1.3731E-15,4.4485E-15,1.1239E-14,1.854E-14,4.4257E-14,4.9678E-14,5.5293E-14,9.4826E-14,1.2819E-13,1.2902E-13,1.6538E-13,1.9946E-13,2.7402E-13,2.8136E-13,2.8465E-13,3.0371E-13,3.6277E-13,4.8661E-13,5.667E-13,1.1372E-12,1.1387E-12,2.6049E-12,2.6333E-12,3.1383E-12,3.5145E-12,3.7801E-12,4.7886E-12,6.1162E-12,1.318E-11,1.4695E-11,2.0827E-11,9.2243E-11,1.4386E-10,1.6689E-10,4.1293E-10,4.597E-10,5.1768E-10,0.0000000012661,0.0000000014356,0.0000000020807,0.0000000024165,0.0000000025439,0.0000000028083,0.0000000053066,0.000000010113,0.0000000108,0.000000012799,0.000000017264,0.000000042054,0.00000004371,0.000000046488,0.00000019861,0.000000505,0.000000741,0.00000087042,0.0000013519,0.0000016704,0.0000018488,0.0000026966,0.0000054366,0.0000078699,0.0000084845,0.0000091593,0.0000092661,0.000010965,0.000043714,0.000055219,0.000058111,0.000065625,0.000091858,0.00010813,0.00017627,0.0001874,0.00020376,0.00021203,0.00024031,0.00029099,0.00031768,0.00034072,0.00043122,0.00046933,0.00060615,0.00064765,0.00079394,0.00083485,0.00089936,0.00090264,0.00095355,0.001113,0.0015277,0.0015373,0.0019891,0.0022765,0.0025569,0.0047116,0.0056799,0.0057846,0.0090641,0.010026,0.010136,0.012612,0.01268,0.015148,0.019123,0.025984,0.027283,0.030611,0.038272,0.042048,0.045695,0.049894,0.064124,0.0727,0.07279,0.077569,0.085249,0.086522,0.098247,0.10313,0.10765,0.12069,0.12436,0.13186,0.1404,0.15764,0.17412,0.24076,0.24916,0.25867,0.27569,0.29929,0.30222,0.3394,0.34158,0.35291,0.367,0.38712,0.6548,0.67479,0.68408,0.70093,0.7073,0.72643,0.79323,0.80184,0.81669,0.83313,0.84367,0.88931,0.89282,0.9278,0.96039,0.98096,0.98238,0.99587,0.99999,1,0.9993,0.99344,0.99324,0.99279,0.97722,0.97531,0.96209,0.95462,0.93564,0.92997,0.89977,0.89388,0.85761,0.84723
1,2.1451E-39,2.8597E-39,3.3536E-39,5.8015E-39,1.1613E-38,1.1802E-38,1.418E-38,2.9658E-38,1.3809E-37,1.8352E-37,2.0539E-37,2.0622E-37,3.2027E-37,6.9642E-37,7.7089E-37,1.3081E-36,6.5668E-36,3.0954E-35,3.7984E-35,9.8408E-35,1.693E-34,2.6136E-34,3.0558E-34,5.4301E-34,5.6229E-34,9.7177E-34,2.1827E-33,4.432E-33,5.9729E-33,2.2888E-32,2.4161E-32,7.142E-32,1.3194E-31,1.5489E-31,3.078E-31,4.5466E-31,4.5767E-31,5.6216E-31,1.1443E-29,2.1896E-28,4.3679E-28,4.4614E-28,4.4717E-28,9.4558E-28,3.1957E-27,3.8195E-27,4.3081E-27,2.8937E-26,3.593E-26,4.0351E-26,2.6759E-25,1.2047E-24,3.0189E-24,5.5388E-24,1.1485E-23,1.6181E-22,4.0392E-22,4.5056E-22,1.5466E-21,6.0718E-21,1.1203E-20,1.1228E-20,2.6669E-20,4.322E-20,6.016E-20,9.1547E-20,1.3029E-19,2.1268E-19,2.6173E-19,4.772E-19,1.3557E-18,2.1468E-18,4.4359E-18,1.8626E-17,2.149E-17,3.7153E-17,5.124E-17,1.3111E-16,6.5428E-16,1.0068E-15,3.2793E-15,8.3207E-15,1.3758E-14,3.2978E-14,3.7038E-14,4.1245E-14,7.0917E-14,9.6011E-14,9.6632E-14,1.2402E-13,1.4971E-13,2.06E-13,2.1154E-13,2.1402E-13,2.2843E-13,2.7309E-13,3.6684E-13,4.2755E-13,8.6097E-13,8.6209E-13,1.9805E-12,2.0022E-12,2.3883E-12,2.6762E-12,2.8795E-12,3.6522E-12,4.6706E-12,1.0106E-11,1.1274E-11,1.6008E-11,7.1472E-11,1.1174E-10,1.2973E-10,3.2264E-10,3.5941E-10,4.0501E-10,0.000000001,0.0000000011298,0.0000000016411,0.0000000019076,0.000000002,0.0000000022189,0.0000000042089,0.0000000080532,0.0000000086037,0.000000010206,0.000000013793,0.000000033789,0.000000035128,0.000000037376,0.00000016121,0.0000004125,0.000000607,0.00000071377,0.0000011121,0.0000013762,0.0000015243,0.0000022294,0.0000045185,0.0000065594,0.0000070758,0.0000076431,0.0000077329,0.0000091627,0.00003694,0.000046753,0.000049223,0.000055645,0.000078114,0.000092083,0.00015077,0.00016037,0.0001745,0.00018165,0.00020612,0.00025002,0.00027318,0.00029318,0.00037188,0.00040508,0.00052446,0.00056073,0.00068876,0.00072461,0.00078119,0.00078407,0.00082874,0.0009688,0.0013342,0.0013426,0.0017419,0.0019964,0.0022452,0.0041655,0.0050323,0.0051262,0.0080755,0.0089434,0.0090427,0.011283,0.011344,0.013584,0.0172,0.023469,0.024659,0.027711,0.034758,0.038241,0.041609,0.045493,0.058697,0.066683,0.066767,0.071225,0.0784,0.079591,0.090574,0.095154,0.099403,0.11167,0.11513,0.1222,0.13027,0.14659,0.16224,0.22587,0.23392,0.24306,0.25943,0.28219,0.28502,0.32101,0.32312,0.33412,0.34782,0.36741,0.63219,0.6523,0.66166,0.67868,0.68513,0.70452,0.77274,0.7816,0.79691,0.81393,0.82488,0.87273,0.87644,0.91381,0.94957,0.9731,0.97479,0.99178,0.9991,0.9993,1,0.99701,0.99688,0.99657,0.98442,0.98282,0.97147,0.96489,0.94784,0.94266,0.91474,0.90923,0.87497,0.86508
1,7.6206E-40,1.0176E-39,1.1945E-39,2.073E-39,4.1664E-39,4.2347E-39,5.0932E-39,1.0699E-38,5.0272E-38,6.692E-38,7.4948E-38,7.525E-38,1.1718E-37,2.5598E-37,2.8353E-37,4.8265E-37,2.4467E-36,1.1642E-35,1.4305E-35,3.7278E-35,6.435E-35,9.9607E-35,1.1657E-34,2.0789E-34,2.1532E-34,3.734E-34,8.4297E-34,1.7194E-33,2.3215E-33,8.9725E-33,9.4748E-33,2.8204E-32,5.2309E-32,6.1475E-32,1.2271E-31,1.8172E-31,1.8293E-31,2.25E-31,4.6723E-30,9.1209E-29,1.8281E-28,1.8675E-28,1.8719E-28,3.9788E-28,1.3561E-27,1.6228E-27,1.832E-27,1.2472E-26,1.551E-26,1.7433E-26,1.172E-25,5.3348E-25,1.3459E-24,2.4806E-24,5.1721E-24,7.4351E-23,1.8692E-22,2.0868E-22,7.2328E-22,2.8706E-21,5.3224E-21,5.3348E-21,1.276E-20,2.0761E-20,2.8976E-20,4.4247E-20,6.3158E-20,1.0351E-19,1.2761E-19,2.3384E-19,6.7024E-19,1.0655E-18,2.2155E-18,9.4197E-18,1.0882E-17,1.8904E-17,2.6147E-17,6.7474E-17,3.4169E-16,5.2789E-16,1.7386E-15,4.4508E-15,7.3949E-15,1.7877E-14,2.0101E-14,2.2408E-14,3.8736E-14,5.2601E-14,5.2945E-14,6.8118E-14,8.2385E-14,1.1373E-13,1.1682E-13,1.182E-13,1.2625E-13,1.512E-13,2.0372E-13,2.3781E-13,4.8235E-13,4.8298E-13,1.1193E-12,1.1316E-12,1.3524E-12,1.5172E-12,1.6338E-12,2.0774E-12,2.6637E-12,5.8115E-12,6.4911E-12,9.2519E-12,4.2003E-11,6.6002E-11,7.6761E-11,1.9293E-10,2.1518E-10,2.4283E-10,6.034E-10,6.857E-10,0.000000001,0.0000000011651,0.0000000012278,0.0000000013578,0.000000002596,0.000000005,0.0000000053544,0.0000000063655,0.0000000086358,0.000000021403,0.000000022263,0.000000023707,0.0000001043,0.00000027041,0.0000004001,0.00000047161,0.00000073958,0.0000009181,0.0000010185,0.0000014982,0.0000030696,0.0000044822,0.0000048409,0.0000052354,0.0000052979,0.0000062945,0.000025969,0.000033002,0.000034777,0.000039398,0.000055638,0.000065781,0.00010867,0.00011573,0.00012612,0.00013138,0.00014944,0.00018193,0.00019912,0.00021398,0.00027267,0.00029751,0.00038716,0.00041448,0.00051123,0.0005384,0.00058132,0.00058351,0.00061746,0.00072413,0.001004,0.0010104,0.0013183,0.0015155,0.0017087,0.0032149,0.0039013,0.0039759,0.006333,0.0070316,0.0071117,0.0089234,0.0089736,0.010795,0.013756,0.018932,0.01992,0.02246,0.02836,0.031291,0.034135,0.037425,0.04868,0.055534,0.055606,0.059448,0.06565,0.066682,0.076226,0.08022,0.083934,0.094692,0.09774,0.10397,0.11111,0.1256,0.13958,0.19707,0.20442,0.21277,0.2278,0.24879,0.2514,0.28483,0.2868,0.29708,0.30992,0.32834,0.58531,0.60548,0.61491,0.63212,0.63865,0.65839,0.72882,0.73809,0.75419,0.77222,0.78389,0.83571,0.8398,0.88166,0.92347,0.95283,0.95504,0.97905,0.99284,0.99344,0.99701,1,1,0.99998,0.99502,0.99409,0.98676,0.98211,0.96923,0.96516,0.94228,0.93762,0.90793,0.89917
1,7.4463E-40,9.9438E-40,1.1672E-39,2.0258E-39,4.072E-39,4.1387E-39,4.9779E-39,1.0458E-38,4.9148E-38,6.5428E-38,7.3278E-38,7.3573E-38,1.1457E-37,2.5032E-37,2.7726E-37,4.7201E-37,2.3932E-36,1.1391E-35,1.3996E-35,3.6478E-35,6.2973E-35,9.7481E-35,1.1409E-34,2.0348E-34,2.1075E-34,3.655E-34,8.2522E-34,1.6833E-33,2.273E-33,8.7865E-33,9.2785E-33,2.7624E-32,5.1238E-32,6.0217E-32,1.2021E-31,1.7803E-31,1.7922E-31,2.2044E-31,4.5796E-30,8.9439E-29,1.7928E-28,1.8315E-28,1.8357E-28,3.9024E-28,1.3304E-27,1.5921E-27,1.7973E-27,1.2239E-26,1.5222E-26,1.7109E-26,1.1505E-25,5.2385E-25,1.3218E-24,2.4364E-24,5.0806E-24,7.3068E-23,1.8372E-22,2.0511E-22,7.1108E-22,2.8228E-21,5.2345E-21,5.2466E-21,1.2551E-20,2.0423E-20,2.8506E-20,4.3533E-20,6.2142E-20,1.0186E-19,1.2557E-19,2.3014E-19,6.5975E-19,1.049E-18,2.1813E-18,9.277E-18,1.0717E-17,1.8621E-17,2.5756E-17,6.6477E-17,3.3675E-16,5.2031E-16,1.714E-15,4.3888E-15,7.2927E-15,1.7634E-14,1.9828E-14,2.2104E-14,3.8215E-14,5.1896E-14,5.2236E-14,6.721E-14,8.129E-14,1.1222E-13,1.1528E-13,1.1664E-13,1.2458E-13,1.4921E-13,2.0105E-13,2.347E-13,4.7612E-13,4.7675E-13,1.105E-12,1.1172E-12,1.3352E-12,1.498E-12,1.6131E-12,2.0513E-12,2.6304E-12,5.7399E-12,6.4112E-12,9.1389E-12,4.1505E-11,6.5227E-11,7.5863E-11,1.9072E-10,2.1272E-10,2.4006E-10,5.9666E-10,6.7806E-10,0.000000001,0.0000000011523,0.0000000012143,0.0000000013429,0.000000002568,0.000000005,0.0000000052977,0.0000000062985,0.0000000085456,0.000000021185,0.000000022,0.000000023466,0.00000010328,0.00000026786,0.00000039637,0.00000046724,0.00000073284,0.00000090979,0.0000010093,0.0000014848,0.000003043,0.000004444,0.0000047997,0.000005191,0.000005253,0.0000062416,0.000025764,0.000032745,0.000034506,0.000039093,0.000055215,0.000065285,0.00010787,0.00011488,0.0001252,0.00013043,0.00014836,0.00018063,0.00019771,0.00021247,0.00027077,0.00029545,0.00038452,0.00041167,0.00050781,0.00053481,0.00057746,0.00057964,0.00061338,0.0007194,0.00099755,0.001004,0.00131,0.0015061,0.0016982,0.0031962,0.003879,0.0039531,0.0062984,0.0069935,0.0070732,0.0088762,0.0089262,0.01074,0.013687,0.01884,0.019824,0.022354,0.02823,0.03115,0.033982,0.03726,0.048474,0.055304,0.055376,0.059205,0.065387,0.066415,0.075928,0.07991,0.083612,0.094338,0.097377,0.10359,0.11071,0.12516,0.1391,0.19646,0.20379,0.21213,0.22712,0.24807,0.25068,0.28405,0.28602,0.29628,0.3091,0.3275,0.58426,0.60444,0.61387,0.63108,0.63761,0.65736,0.72782,0.7371,0.75321,0.77126,0.78294,0.83484,0.83894,0.8809,0.92283,0.95232,0.95454,0.9787,0.99263,0.99324,0.99688,1,1,0.99999,0.99519,0.99428,0.98704,0.98243,0.96965,0.9656,0.94284,0.9382,0.90862,0.89988
1,7.0726E-40,9.4454E-40,1.1088E-39,1.9247E-39,3.8695E-39,3.9329E-39,4.7306E-39,9.9405E-39,4.6738E-38,6.2224E-38,6.9692E-38,6.9973E-38,1.0898E-37,2.3816E-37,2.6379E-37,4.4916E-37,2.2785E-36,1.0849E-35,1.3332E-35,3.4757E-35,6.0013E-35,9.2912E-35,1.0874E-34,1.9398E-34,2.0092E-34,3.4851E-34,7.8705E-34,1.6058E-33,2.1685E-33,8.3863E-33,8.8561E-33,2.6375E-32,4.8931E-32,5.751E-32,1.1483E-31,1.7008E-31,1.7122E-31,2.1061E-31,4.3798E-30,8.5623E-29,1.7167E-28,1.7538E-28,1.7578E-28,3.7378E-28,1.2748E-27,1.5256E-27,1.7224E-27,1.1737E-26,1.4598E-26,1.6408E-26,1.1042E-25,5.0302E-25,1.2697E-24,2.3409E-24,4.8827E-24,7.0292E-23,1.768E-22,1.974E-22,6.8466E-22,2.7194E-21,5.044E-21,5.0557E-21,1.2098E-20,1.969E-20,2.7487E-20,4.1984E-20,5.994E-20,9.8268E-20,1.2116E-19,2.221E-19,6.37E-19,1.013E-18,2.1071E-18,8.967E-18,1.036E-17,1.8004E-17,2.4907E-17,6.4312E-17,3.2602E-16,5.0383E-16,1.6607E-15,4.254E-15,7.0704E-15,1.7103E-14,1.9232E-14,2.1441E-14,3.7079E-14,5.0362E-14,5.0692E-14,6.5231E-14,7.8904E-14,1.0895E-13,1.1191E-13,1.1324E-13,1.2095E-13,1.4487E-13,1.9524E-13,2.2793E-13,4.6256E-13,4.6317E-13,1.074E-12,1.0859E-12,1.2979E-12,1.4562E-12,1.5682E-12,1.9944E-12,2.5577E-12,5.5836E-12,6.237E-12,8.8923E-12,4.0418E-11,6.3535E-11,7.3901E-11,1.8588E-10,2.0734E-10,2.34E-10,5.8192E-10,6.6137E-10,0.000000001,0.0000000011243,0.0000000011848,0.0000000013104,0.0000000025067,0.0000000048383,0.0000000051737,0.0000000061517,0.000000008348,0.000000020707,0.00000002154,0.000000022938,0.00000010106,0.00000026226,0.0000003882,0.00000045766,0.000000718,0.00000089157,0.00000098916,0.0000014556,0.0000029847,0.0000043601,0.0000047094,0.0000050937,0.0000051546,0.0000061255,0.000025314,0.000032179,0.000033911,0.000038423,0.000054285,0.000064194,0.00010612,0.00011302,0.00012318,0.00012833,0.00014599,0.00017778,0.0001946,0.00020914,0.00026659,0.00029091,0.00037871,0.00040548,0.00050027,0.0005269,0.00056897,0.00057111,0.00060439,0.00070897,0.00098342,0.00098977,0.0012919,0.0014854,0.0016751,0.0031549,0.0038297,0.003903,0.0062219,0.0069095,0.0069883,0.0087721,0.0088216,0.010616,0.013534,0.018637,0.019612,0.022118,0.027942,0.030836,0.033644,0.036894,0.048018,0.054796,0.054867,0.058667,0.064803,0.065824,0.075269,0.079224,0.0829,0.093554,0.096573,0.10275,0.10982,0.12419,0.13804,0.1951,0.2024,0.2107,0.22563,0.24649,0.24909,0.28233,0.28429,0.29451,0.30729,0.32562,0.58194,0.60211,0.61154,0.62875,0.63529,0.65505,0.72559,0.73489,0.75103,0.76912,0.78084,0.83292,0.83703,0.87919,0.92141,0.95117,0.95342,0.97792,0.99216,0.99279,0.99657,0.99998,0.99999,1,0.99556,0.99468,0.98764,0.98313,0.97057,0.96658,0.94407,0.93948,0.91014,0.90146
1,1.9836E-40,2.6546E-40,3.1196E-40,5.4364E-40,1.0984E-39,1.1165E-39,1.3447E-39,2.8407E-39,1.3505E-38,1.8017E-38,2.0196E-38,2.0278E-38,3.1683E-38,6.9631E-38,7.7185E-38,1.3193E-37,6.7727E-37,3.2624E-36,4.015E-36,1.0543E-35,1.8278E-35,2.8391E-35,3.3268E-35,5.9606E-35,6.1753E-35,1.0756E-34,2.4443E-34,5.0145E-34,6.7872E-34,2.6524E-33,2.8022E-33,8.4168E-33,1.5691E-32,1.8465E-32,3.707E-32,5.5078E-32,5.5449E-32,6.8319E-32,1.4558E-30,2.9162E-29,5.8809E-29,6.0089E-29,6.0229E-29,1.2888E-28,4.4412E-28,5.3232E-28,6.0159E-28,4.1675E-27,5.1931E-27,5.843E-27,3.998E-26,1.8459E-25,4.6982E-25,8.7097E-25,1.8289E-24,2.6984E-23,6.8464E-23,7.6518E-23,2.6855E-22,1.0809E-21,2.0169E-21,2.0217E-21,4.8795E-21,7.9797E-21,1.1177E-20,1.7143E-20,2.4562E-20,4.0469E-20,5.0002E-20,9.2225E-20,2.6738E-19,4.2723E-19,8.955E-19,3.8696E-18,4.4776E-18,7.8275E-18,1.0867E-17,2.8349E-17,1.4631E-16,2.2722E-16,7.5911E-16,1.9658E-15,3.2866E-15,8.0333E-15,9.0459E-15,1.0098E-14,1.7577E-14,2.3962E-14,2.4121E-14,3.1134E-14,3.7747E-14,5.2324E-14,5.3766E-14,5.4411E-14,5.8162E-14,6.9821E-14,9.4442E-14,1.1047E-13,2.2616E-13,2.2646E-13,5.3073E-13,5.3667E-13,6.4291E-13,7.224E-13,7.7866E-13,9.9336E-13,1.278E-12,2.8185E-12,3.1529E-12,4.5162E-12,2.0949E-11,3.3136E-11,3.8623E-11,9.8404E-11,1.0994E-10,1.2428E-10,3.1313E-10,3.5653E-10,5.2328E-10,6.1081E-10,6.4416E-10,7.135E-10,0.0000000013782,0.0000000026866,0.0000000028758,0.0000000034285,0.0000000046745,0.000000011761,0.000000012242,0.00000001305,0.000000058894,0.00000015532,0.00000023147,0.00000027367,0.00000043278,0.00000053944,0.00000059961,0.00000088854,0.0000018462,0.0000027163,0.0000029383,0.0000031828,0.0000032215,0.000003841,0.000016327,0.000020858,0.000022004,0.000024997,0.000035575,0.00004222,0.000070561,0.000075255,0.000082179,0.000085691,0.000097762,0.00011958,0.00013116,0.0001412,0.000181,0.00019792,0.00025925,0.00027803,0.00034477,0.00036357,0.00039333,0.00039485,0.00041844,0.00049278,0.00068917,0.00069373,0.00091165,0.001052,0.0011901,0.0022803,0.0027831,0.0028379,0.0045855,0.0051082,0.0051682,0.0065323,0.0065702,0.0079523,0.010216,0.014217,0.014986,0.01697,0.021613,0.023936,0.026198,0.028825,0.037888,0.043457,0.043516,0.046653,0.051738,0.052586,0.060463,0.063775,0.066862,0.075847,0.078403,0.083644,0.089663,0.10197,0.1139,0.16378,0.17023,0.17759,0.19088,0.20955,0.21188,0.24191,0.24369,0.25299,0.26465,0.28145,0.52518,0.54509,0.55444,0.57158,0.57811,0.59793,0.66979,0.6794,0.69618,0.71511,0.72746,0.78324,0.78771,0.83437,0.88296,0.9191,0.92193,0.95435,0.97614,0.97722,0.98442,0.99502,0.99519,0.99556,1,0.99996,0.99799,0.99595,0.9888,0.98625,0.97045,0.96701,0.94397,0.93687
1,1.7574E-40,2.3523E-40,2.7647E-40,4.8196E-40,9.7422E-40,9.9031E-40,1.1929E-39,2.5212E-39,1.1999E-38,1.601E-38,1.7948E-38,1.8021E-38,2.8165E-38,6.1934E-38,6.8657E-38,1.174E-37,6.0335E-37,2.9095E-36,3.5812E-36,9.4099E-36,1.632E-35,2.5358E-35,2.9718E-35,5.3267E-35,5.5187E-35,9.6166E-35,2.1866E-34,4.4881E-34,6.0761E-34,2.3768E-33,2.5111E-33,7.5487E-33,1.4079E-32,1.657E-32,3.3284E-32,4.9467E-32,4.98E-32,6.1368E-32,1.3107E-30,2.6317E-29,5.31E-29,5.4257E-29,5.4383E-29,1.1644E-28,4.0165E-28,4.8148E-28,5.4419E-28,3.7757E-27,4.7058E-27,5.2952E-27,3.6289E-26,1.6777E-25,4.2733E-25,7.9261E-25,1.6654E-24,2.463E-23,6.254E-23,6.9905E-23,2.4561E-22,9.8985E-22,1.8481E-21,1.8524E-21,4.4746E-21,7.3209E-21,1.0257E-20,1.5739E-20,2.2558E-20,3.7185E-20,4.5953E-20,8.4807E-20,2.4612E-19,3.9345E-19,8.2528E-19,3.5714E-18,4.1331E-18,7.2293E-18,1.004E-17,2.6217E-17,1.3554E-16,2.1058E-16,7.0444E-16,1.8261E-15,3.0547E-15,7.474E-15,8.4172E-15,9.3972E-15,1.6368E-14,2.2321E-14,2.2469E-14,2.901E-14,3.518E-14,4.8784E-14,5.013E-14,5.0732E-14,5.4233E-14,6.5119E-14,8.8112E-14,1.0308E-13,2.1122E-13,2.115E-13,4.9616E-13,5.0172E-13,6.0117E-13,6.7559E-13,7.2828E-13,9.2935E-13,1.196E-12,2.6402E-12,2.9539E-12,4.2331E-12,1.9674E-11,3.1137E-11,3.6299E-11,9.2598E-11,1.0346E-10,1.1699E-10,2.9511E-10,3.3608E-10,4.9351E-10,5.7619E-10,6.0769E-10,6.732E-10,0.0000000013015,0.0000000025396,0.0000000027187,0.000000003242,0.0000000044221,0.000000011141,0.000000011597,0.000000012364,0.000000055927,0.00000014772,0.00000022028,0.00000026051,0.00000041229,0.00000051409,0.00000057153,0.00000084749,0.0000017632,0.0000025959,0.0000028083,0.0000030425,0.0000030796,0.0000036729,0.000015654,0.000020008,0.00002111,0.000023987,0.000034161,0.000040556,0.00006785,0.000072373,0.000079046,0.000082431,0.000094069,0.00011511,0.00012629,0.00013597,0.00017439,0.00019072,0.00024998,0.00026813,0.00033265,0.00035083,0.00037962,0.00038109,0.00040391,0.00047584,0.00066599,0.00067042,0.00088159,0.0010177,0.0011516,0.0022101,0.0026988,0.0027521,0.0044526,0.0049615,0.00502,0.0063491,0.0063861,0.0077337,0.0099427,0.01385,0.014602,0.016542,0.021083,0.023356,0.025571,0.028145,0.037028,0.042492,0.04255,0.045628,0.05062,0.051453,0.059191,0.062447,0.065482,0.074317,0.076832,0.081989,0.087914,0.10003,0.11179,0.16101,0.16738,0.17465,0.18778,0.20625,0.20856,0.23828,0.24004,0.24925,0.2608,0.27746,0.51985,0.53972,0.54906,0.56617,0.57269,0.5925,0.66442,0.67405,0.69087,0.70986,0.72225,0.77832,0.78283,0.82985,0.87899,0.91569,0.91857,0.95171,0.97418,0.97531,0.98282,0.99409,0.99428,0.99468,0.99996,1,0.99852,0.99671,0.99009,0.98768,0.97254,0.96922,0.9468,0.93986
1,8.405E-41,1.1263E-40,1.3247E-40,2.3144E-40,4.6917E-40,4.7695E-40,5.7494E-40,1.2189E-39,5.838E-39,7.7992E-39,8.7471E-39,8.7828E-39,1.3752E-38,3.0339E-38,3.3647E-38,5.7662E-38,2.9839E-37,1.4485E-36,1.7845E-36,4.7083E-36,8.1854E-36,1.2742E-35,1.4943E-35,2.6852E-35,2.7824E-35,4.8602E-35,1.1091E-34,2.2836E-34,3.0957E-34,1.2183E-33,1.2874E-33,3.8892E-33,7.2739E-33,8.5673E-33,1.7263E-32,2.5703E-32,2.5876E-32,3.1918E-32,6.9133E-31,1.4078E-29,2.85E-29,2.9124E-29,2.9192E-29,6.2731E-29,2.1768E-28,2.6118E-28,2.9537E-28,2.0688E-27,2.5812E-27,2.9063E-27,2.0109E-26,9.3688E-26,2.3979E-25,4.4617E-25,9.4108E-25,1.4117E-23,3.6025E-23,4.0291E-23,1.4253E-22,5.7883E-22,1.0844E-21,1.087E-21,2.6387E-21,4.3292E-21,6.077E-21,9.3476E-21,1.3425E-20,2.2193E-20,2.746E-20,5.0858E-20,1.4852E-19,2.3808E-19,5.0159E-19,2.1898E-18,2.5365E-18,4.4518E-18,6.1948E-18,1.6273E-17,8.5005E-17,1.3244E-16,4.4651E-16,1.1647E-15,1.9551E-15,4.8122E-15,5.4238E-15,6.0598E-15,1.0595E-14,1.4479E-14,1.4576E-14,1.8852E-14,2.2891E-14,3.1816E-14,3.2699E-14,3.3095E-14,3.5396E-14,4.2555E-14,5.7702E-14,6.758E-14,1.3918E-13,1.3936E-13,3.2895E-13,3.3266E-13,3.9912E-13,4.4891E-13,4.8418E-13,6.1896E-13,7.9805E-13,1.772E-12,1.9842E-12,2.8511E-12,1.3407E-11,2.1295E-11,2.4856E-11,6.3879E-11,7.1438E-11,8.0854E-11,2.055E-10,2.3428E-10,3.4512E-10,4.0346E-10,4.2571E-10,4.72E-10,9.1762E-10,0.0000000018008,0.0000000019289,0.0000000023037,0.0000000031509,0.000000008,0.0000000083346,0.0000000088905,0.000000040778,0.00000010871,0.00000016275,0.00000019279,0.00000030651,0.000000383,0.00000042629,0.00000063468,0.0000013305,0.000001967,0.0000021298,0.0000023094,0.0000023378,0.0000027936,0.000012102,0.000015511,0.000016376,0.000018636,0.000026652,0.000031707,0.000053381,0.000056985,0.000062308,0.00006501,0.000074312,0.000091169,0.00010014,0.00010792,0.00013886,0.00015205,0.0002,0.00021472,0.00026717,0.00028197,0.00030544,0.00030664,0.00032526,0.00038406,0.00054008,0.00054372,0.0007178,0.00083035,0.00094135,0.0018245,0.0022349,0.0022798,0.0037172,0.0041496,0.0041993,0.0053323,0.0053639,0.0065172,0.0084161,0.011795,0.012447,0.014134,0.018099,0.020091,0.022036,0.024301,0.032154,0.037007,0.037058,0.0398,0.044256,0.045,0.051932,0.054856,0.057585,0.06555,0.067822,0.072488,0.07786,0.088876,0.099613,0.14489,0.1508,0.15754,0.16975,0.18697,0.18913,0.21698,0.21864,0.22731,0.23819,0.25393,0.48776,0.50733,0.51654,0.53346,0.53992,0.55959,0.63159,0.6413,0.65831,0.67759,0.69022,0.7478,0.75247,0.80154,0.85377,0.89369,0.89687,0.93417,0.96071,0.96209,0.97147,0.98676,0.98704,0.98764,0.99799,0.99852,1,0.99964,0.99625,0.9947,0.98365,0.98104,0.96256,0.95663
1,5.8415E-41,7.8325E-41,9.2146E-41,1.6117E-40,3.2718E-40,3.3262E-40,4.0111E-40,8.5161E-40,4.0919E-39,5.4696E-39,6.1359E-39,6.161E-39,9.6556E-39,2.1336E-38,2.3667E-38,4.0604E-38,2.1082E-37,1.0268E-36,1.2655E-36,3.3458E-36,5.8234E-36,9.0739E-36,1.0645E-35,1.9152E-35,1.9847E-35,3.4708E-35,7.9341E-35,1.6362E-34,2.2195E-34,8.7607E-34,9.259E-34,2.8038E-33,5.2511E-33,6.187E-33,1.2486E-32,1.8607E-32,1.8733E-32,2.3117E-32,5.0418E-31,1.0338E-29,2.0963E-29,2.1423E-29,2.1474E-29,4.6228E-29,1.6088E-28,1.9311E-28,2.1846E-28,1.5373E-27,1.9191E-27,2.1614E-27,1.5026E-26,7.0271E-26,1.8028E-25,3.3597E-25,7.0997E-25,1.0724E-23,2.7435E-23,3.0693E-23,1.0894E-22,4.441E-22,8.3344E-22,8.3541E-22,2.0329E-21,3.3398E-21,4.6926E-21,7.2268E-21,1.039E-20,1.72E-20,2.1294E-20,3.9507E-20,1.1572E-19,1.8576E-19,3.9221E-19,1.7197E-18,1.9929E-18,3.5035E-18,4.8801E-18,1.2857E-17,6.7504E-17,1.0532E-16,3.5644E-16,9.3261E-16,1.5681E-15,3.8711E-15,4.3648E-15,4.8784E-15,8.545E-15,1.169E-14,1.1768E-14,1.5234E-14,1.8511E-14,2.5756E-14,2.6474E-14,2.6795E-14,2.8664E-14,3.4483E-14,4.6807E-14,5.4849E-14,1.1324E-13,1.1339E-13,2.6845E-13,2.7149E-13,3.2594E-13,3.6676E-13,3.9568E-13,5.0627E-13,6.5335E-13,1.4549E-12,1.6298E-12,2.345E-12,1.1091E-11,1.7647E-11,2.061E-11,5.316E-11,5.9476E-11,6.7349E-11,1.7181E-10,1.9597E-10,2.8914E-10,3.3823E-10,3.5696E-10,3.9595E-10,7.7187E-10,0.0000000015191,0.0000000016276,0.0000000019453,0.0000000026643,0.0000000067951,0.000000007077,0.0000000075512,0.000000034873,0.000000093395,0.00000014008,0.00000016608,0.00000026463,0.00000033107,0.00000036865,0.00000055,0.0000011572,0.0000017143,0.0000018569,0.0000020143,0.0000020393,0.0000024392,0.000010651,0.000013671,0.000014438,0.000016442,0.000023564,0.000028061,0.00004739,0.00005061,0.000055367,0.000057783,0.000066105,0.000081203,0.000089244,0.000096226,0.00012401,0.00013586,0.00017903,0.00019229,0.0002396,0.00025297,0.00027417,0.00027525,0.00029208,0.00034527,0.00048666,0.00048996,0.00064809,0.00075048,0.00085156,0.0016585,0.0020348,0.0020759,0.0033978,0.0037963,0.0038422,0.0048883,0.0049176,0.0059847,0.0077453,0.010887,0.011494,0.013067,0.016772,0.018636,0.020458,0.022583,0.029964,0.034538,0.034586,0.037172,0.041381,0.042084,0.048643,0.051412,0.053999,0.061559,0.063718,0.068154,0.073266,0.083765,0.094017,0.13742,0.1431,0.14959,0.16135,0.17797,0.18005,0.20699,0.2086,0.217,0.22756,0.24284,0.4722,0.49158,0.50072,0.51751,0.52393,0.54349,0.61537,0.6251,0.64217,0.66155,0.67425,0.73244,0.73717,0.78712,0.84072,0.88211,0.88543,0.92466,0.95312,0.95462,0.96489,0.98211,0.98243,0.98313,0.99595,0.99671,0.99964,1,0.9982,0.99709,0.98809,0.98584,0.96936,0.96394
1,2.5773E-41,3.4602E-41,4.0737E-41,7.1431E-41,1.4546E-40,1.4789E-40,1.7849E-40,3.8023E-40,1.8399E-39,2.4626E-39,2.764E-39,2.7754E-39,4.3585E-39,9.6656E-39,1.0727E-38,1.8448E-38,9.6516E-38,4.7354E-37,5.8419E-37,1.5515E-36,2.7075E-36,4.2277E-36,4.9633E-36,8.9547E-36,9.2812E-36,1.6274E-35,3.7349E-35,7.7289E-35,1.05E-34,4.1721E-34,4.4106E-34,1.3429E-33,2.5227E-33,2.9747E-33,6.0242E-33,8.995E-33,9.0563E-33,1.1188E-32,2.4781E-31,5.1605E-30,1.0503E-29,1.0735E-29,1.076E-29,2.3257E-29,8.1475E-29,9.7893E-29,1.1081E-28,7.8798E-28,9.8485E-28,1.1099E-27,7.798E-27,3.6782E-26,9.4861E-26,1.7741E-25,3.7649E-25,5.7767E-24,1.486E-23,1.6635E-23,5.949E-23,2.4456E-22,4.6073E-22,4.6182E-22,1.1299E-21,1.862E-21,2.6218E-21,4.0485E-21,5.8336E-21,9.6877E-21,1.201E-20,2.2369E-20,6.5976E-20,1.0623E-19,2.2538E-19,9.9786E-19,1.1575E-18,2.0426E-18,2.8514E-18,7.5617E-18,4.0156E-17,6.2847E-17,2.1453E-16,5.6519E-16,9.539E-16,2.3705E-15,2.6752E-15,2.9924E-15,5.2633E-15,7.2174E-15,7.2661E-15,9.4242E-15,1.1468E-14,1.5996E-14,1.6446E-14,1.6647E-14,1.7817E-14,2.1465E-14,2.9204E-14,3.4263E-14,7.1136E-14,7.1232E-14,1.6978E-13,1.7172E-13,2.0646E-13,2.3252E-13,2.5101E-13,3.218E-13,4.1613E-13,9.3267E-13,1.0457E-12,1.5091E-12,7.2304E-12,1.155E-11,1.3507E-11,3.5125E-11,3.9338E-11,4.4593E-11,1.147E-10,1.3099E-10,1.9395E-10,2.272E-10,2.399E-10,2.6635E-10,5.2242E-10,0.000000001,0.0000000011093,0.0000000013281,0.0000000018243,0.0000000046952,0.0000000048919,0.000000005223,0.000000024494,0.000000066272,0.00000009983,0.00000011857,0.00000018989,0.00000023814,0.00000026549,0.00000039782,0.00000084419,0.0000012562,0.0000013621,0.0000014789,0.0000014975,0.0000017948,0.0000079792,0.000010274,0.000010858,0.000012386,0.000017832,0.000021284,0.000036196,0.000038689,0.000042378,0.000044253,0.000050719,0.000062479,0.000068756,0.000074213,0.000095981,0.00010529,0.00013929,0.00014977,0.00018722,0.00019782,0.00021465,0.00021551,0.00022889,0.00027125,0.00038433,0.00038698,0.00051409,0.00059668,0.00067841,0.0013358,0.0016445,0.0016783,0.0027706,0.0031018,0.0031399,0.0040124,0.0040368,0.0049308,0.0064126,0.009074,0.0095908,0.010932,0.014103,0.015706,0.017276,0.01911,0.025517,0.029507,0.029549,0.031812,0.035504,0.036122,0.041897,0.044343,0.04663,0.053334,0.055252,0.059202,0.063762,0.073159,0.082372,0.12172,0.12691,0.13284,0.14362,0.15891,0.16083,0.18576,0.18725,0.19505,0.20487,0.21914,0.43796,0.45685,0.46577,0.48221,0.48851,0.50775,0.57901,0.58874,0.60583,0.62532,0.63814,0.69732,0.70217,0.75377,0.81007,0.85447,0.85807,0.90135,0.93388,0.93564,0.94784,0.96923,0.96965,0.97057,0.9888,0.99009,0.99625,0.9982,1,0.99987,0.99551,0.99409,0.9822,0.97797
1,2.0618E-41,2.769E-41,3.2607E-41,5.7212E-41,1.1661E-40,1.1855E-40,1.4312E-40,3.0516E-40,1.4795E-39,1.9809E-39,2.2237E-39,2.2328E-39,3.5084E-39,7.788E-39,8.6441E-39,1.4877E-38,7.799E-38,3.834E-37,4.7312E-37,1.2581E-36,2.197E-36,3.4325E-36,4.0306E-36,7.2774E-36,7.5431E-36,1.3236E-35,3.0409E-35,6.2988E-35,8.5605E-35,3.4076E-34,3.6027E-34,1.0985E-33,2.0654E-33,2.436E-33,4.9378E-33,7.3769E-33,7.4272E-33,9.1777E-33,2.0414E-31,4.2692E-30,8.6978E-30,8.8899E-30,8.911E-30,1.9281E-29,6.7668E-29,8.1325E-29,9.2075E-29,6.566E-28,8.2091E-28,9.2531E-28,6.5198E-27,3.0825E-26,7.9611E-26,1.4903E-25,3.1663E-25,4.8789E-24,1.2569E-23,1.4073E-23,5.0432E-23,2.078E-22,3.9188E-22,3.9281E-22,9.6252E-22,1.5875E-21,2.2364E-21,3.456E-21,4.9829E-21,8.2822E-21,1.0271E-20,1.9151E-20,5.659E-20,9.1191E-20,1.9373E-19,8.6E-19,9.9783E-19,1.7627E-18,2.4622E-18,6.5411E-18,3.4844E-17,5.4579E-17,1.8674E-16,4.9291E-16,8.3275E-16,2.0731E-15,2.3402E-15,2.6183E-15,4.6105E-15,6.3262E-15,6.369E-15,8.265E-15,1.0061E-14,1.4044E-14,1.4439E-14,1.4616E-14,1.5646E-14,1.8856E-14,2.5671E-14,3.0128E-14,6.2647E-14,6.2732E-14,1.498E-13,1.5151E-13,1.8223E-13,2.0529E-13,2.2165E-13,2.8431E-13,3.6785E-13,8.2591E-13,9.2627E-13,1.3378E-12,6.4321E-12,1.0286E-11,1.2033E-11,3.1362E-11,3.5132E-11,3.9837E-11,1.027E-10,1.1732E-10,1.7388E-10,2.0376E-10,2.1518E-10,2.3897E-10,4.695E-10,9.3144E-10,0.000000001,0.0000000011964,0.0000000016447,0.0000000042434,0.0000000044217,0.0000000047218,0.000000022236,0.00000006033,0.000000091,0.00000010812,0.00000017339,0.0000002176,0.00000024266,0.00000036405,0.00000077431,0.0000011537,0.0000012512,0.0000013588,0.000001376,0.0000016501,0.0000073717,0.0000094999,0.000010042,0.00001146,0.00001652,0.00001973,0.000033617,0.000035941,0.000039381,0.00004113,0.000047163,0.000058143,0.000064007,0.000069107,0.000089464,0.000098176,0.00013002,0.00013984,0.00017496,0.00018491,0.00020071,0.00020151,0.00021407,0.00025386,0.0003602,0.00036269,0.0004824,0.00056025,0.00063734,0.0012586,0.0015509,0.001583,0.0026194,0.0029341,0.0029703,0.0038002,0.0038234,0.0046748,0.0060878,0.00863,0.0091243,0.010407,0.013445,0.014982,0.016489,0.018251,0.024411,0.028253,0.028294,0.030474,0.034033,0.03463,0.040205,0.042567,0.044778,0.051261,0.053118,0.056942,0.06136,0.070471,0.079412,0.1177,0.12275,0.12854,0.13906,0.15399,0.15587,0.18025,0.18171,0.18935,0.19898,0.21297,0.42882,0.44755,0.45641,0.47274,0.479,0.49813,0.56914,0.57885,0.59594,0.61543,0.62826,0.68764,0.69252,0.74448,0.80143,0.84657,0.85024,0.89455,0.92814,0.92997,0.94266,0.96516,0.9656,0.96658,0.98625,0.98768,0.9947,0.99709,0.99987,1,0.99692,0.99572,0.98511,0.98122
1,7.0166E-42,9.4395E-42,1.1126E-41,1.9585E-41,4.0082E-41,4.0755E-41,4.9253E-41,1.0548E-40,5.1613E-40,6.9225E-40,7.7762E-40,7.8083E-40,1.2302E-39,2.7437E-39,3.0472E-39,5.2612E-39,2.7856E-38,1.3827E-37,1.7084E-37,4.57E-37,8.0079E-37,1.2545E-36,1.4746E-36,2.6721E-36,2.7703E-36,4.8781E-36,1.1265E-35,2.344E-35,3.1918E-35,1.2816E-34,1.3555E-34,4.1623E-34,7.8576E-34,9.2774E-34,1.8891E-33,2.8295E-33,2.849E-33,3.5252E-33,8.002E-32,1.7078E-30,3.4961E-30,3.5738E-30,3.5823E-30,7.7922E-30,2.7583E-29,3.3192E-29,3.7612E-29,2.7191E-28,3.4049E-28,3.8411E-28,2.7443E-27,1.312E-26,3.412E-26,6.4166E-26,1.3709E-25,2.1561E-24,5.5946E-24,6.2696E-24,2.2689E-23,9.4526E-23,1.7916E-22,1.7959E-22,4.4319E-22,7.3387E-22,1.0367E-21,1.6077E-21,2.3249E-21,3.8803E-21,4.8207E-21,9.0346E-21,2.6937E-20,4.3581E-20,9.3174E-20,4.1891E-19,4.8667E-19,8.6395E-19,1.2103E-18,3.2431E-18,1.7535E-17,2.7579E-17,9.543E-17,2.5417E-16,4.3152E-16,1.0836E-15,1.2246E-15,1.3716E-15,2.4285E-15,3.3424E-15,3.3652E-15,4.3781E-15,5.3399E-15,7.478E-15,7.6906E-15,7.7858E-15,8.34E-15,1.007E-14,1.3751E-14,1.6164E-14,3.3858E-14,3.3904E-14,8.1676E-14,8.262E-14,9.956E-14,1.123E-13,1.2134E-13,1.5604E-13,2.0244E-13,4.5837E-13,5.1469E-13,7.4625E-13,3.6492E-12,5.8657E-12,6.874E-12,1.8109E-11,2.0312E-11,2.3065E-11,6.0113E-11,6.8777E-11,1.024E-10,1.2022E-10,1.2704E-10,1.4126E-10,2.7976E-10,5.5964E-10,6.0064E-10,7.2101E-10,0.000000001,0.000000002598,0.0000000027085,0.0000000028948,0.000000013908,0.000000038245,0.000000058,0.000000069091,0.00000011153,0.00000014042,0.00000015684,0.00000023666,0.000000509,0.00000076281,0.00000082829,0.0000009007,0.00000091221,0.000001097,0.000005017,0.0000064921,0.0000068684,0.0000078555,0.000011393,0.000013648,0.000023466,0.000025118,0.000027565,0.000028811,0.000033117,0.000040978,0.000045189,0.000048856,0.000063543,0.000069849,0.000092986,0.00010014,0.00012582,0.00013311,0.00014471,0.00014531,0.00015454,0.00018386,0.00026267,0.00026452,0.00035383,0.00041218,0.00047013,0.00094175,0.0011657,0.0011903,0.001992,0.0022371,0.0022653,0.0029149,0.0029331,0.0036034,0.0047228,0.0067537,0.0071506,0.0081837,0.010644,0.011896,0.013126,0.01457,0.019648,0.022837,0.022871,0.024688,0.027663,0.028163,0.032846,0.034838,0.036706,0.042202,0.04378,0.047038,0.050813,0.058631,0.066343,0.099745,0.1042,0.1093,0.11861,0.13189,0.13356,0.15539,0.1567,0.16358,0.17226,0.18493,0.38598,0.40389,0.41239,0.4281,0.43413,0.45263,0.52201,0.53158,0.54849,0.56786,0.58066,0.64049,0.64544,0.69874,0.7583,0.80657,0.81055,0.85934,0.89765,0.89977,0.91474,0.94228,0.94284,0.94407,0.97045,0.97254,0.98365,0.98809,0.99551,0.99692,1,0.9999,0.99553,0.99327
1,5.7797E-42,7.7778E-42,9.1688E-42,1.615E-41,3.3075E-41,3.3631E-41,4.0652E-41,8.713E-41,4.2704E-40,5.7293E-40,6.4366E-40,6.4633E-40,1.0188E-39,2.2741E-39,2.5259E-39,4.3637E-39,2.3145E-38,1.1508E-37,1.4222E-37,3.8086E-37,6.6778E-37,1.0467E-36,1.2305E-36,2.2312E-36,2.3133E-36,4.0759E-36,9.4214E-36,1.962E-35,2.6725E-35,1.0748E-34,1.1368E-34,3.4952E-34,6.6031E-34,7.7977E-34,1.5891E-33,2.3813E-33,2.3976E-33,2.9675E-33,6.7605E-32,1.4481E-30,2.967E-30,3.033E-30,3.0403E-30,6.6194E-30,2.3468E-29,2.8247E-29,3.2013E-29,2.32E-28,2.906E-28,3.2788E-28,2.3483E-27,1.125E-26,2.9292E-26,5.5131E-26,1.179E-25,1.8612E-24,4.8356E-24,5.4199E-24,1.9649E-23,8.2021E-23,1.5559E-22,1.5597E-22,3.854E-22,6.3864E-22,9.0265E-22,1.4007E-21,2.0266E-21,3.3849E-21,4.2065E-21,7.8907E-21,2.3565E-20,3.8152E-20,8.166E-20,3.6798E-19,4.276E-19,7.5975E-19,1.0649E-18,2.8578E-18,1.5494E-17,2.4385E-17,8.4551E-17,2.2556E-16,3.8329E-16,9.6398E-16,1.0896E-15,1.2207E-15,2.1633E-15,2.9791E-15,2.9995E-15,3.9041E-15,4.7634E-15,6.6746E-15,6.8647E-15,6.9498E-15,7.4454E-15,8.9923E-15,1.2286E-14,1.4447E-14,3.0301E-14,3.0342E-14,7.3211E-14,7.4059E-14,8.9274E-14,1.0072E-13,1.0884E-13,1.4004E-13,1.8176E-13,4.1217E-13,4.6292E-13,6.7165E-13,3.2944E-12,5.3003E-12,6.2133E-12,1.64E-11,1.8399E-11,2.0899E-11,5.4572E-11,6.2455E-11,9.3061E-11,1.093E-10,1.1551E-10,1.2846E-10,2.5479E-10,5.1044E-10,5.4792E-10,6.5799E-10,9.0878E-10,0.0000000023776,0.000000002479,0.0000000026499,0.000000012777,0.00000003522,0.00000005347,0.000000063718,0.000000103,0.00000012973,0.00000014494,0.00000021893,0.00000047175,0.00000070781,0.00000076873,0.00000083613,0.00000084684,0.0000010189,0.0000046794,0.0000060597,0.000006412,0.0000073364,0.000010652,0.000012767,0.000021987,0.000023539,0.00002584,0.000027012,0.000031062,0.000038461,0.000042426,0.000045881,0.000059723,0.00006567,0.000087504,0.000094261,0.00011852,0.00012541,0.00013638,0.00013694,0.00014567,0.00017342,0.00024805,0.00024981,0.00033448,0.00038985,0.00044487,0.00089344,0.0011068,0.0011303,0.0018953,0.0021295,0.0021565,0.0027777,0.0027952,0.0034368,0.0045096,0.006459,0.0068404,0.0078334,0.010201,0.011406,0.012592,0.013984,0.018886,0.021968,0.022001,0.023758,0.026637,0.02712,0.031656,0.033587,0.035398,0.040729,0.042261,0.045425,0.049091,0.056692,0.064196,0.096765,0.10111,0.1061,0.1152,0.12819,0.12983,0.15121,0.15249,0.15924,0.16776,0.18019,0.37851,0.39626,0.40469,0.42027,0.42627,0.44463,0.51364,0.52319,0.54003,0.55936,0.57214,0.63197,0.63693,0.69039,0.75032,0.79908,0.80311,0.85262,0.89171,0.89388,0.90923,0.93762,0.9382,0.93948,0.96701,0.96922,0.98104,0.98584,0.99409,0.99572,0.9999,1,0.99676,0.9948
1,1.8972E-42,2.5576E-42,3.0179E-42,5.3333E-42,1.0969E-41,1.1155E-41,1.3498E-41,2.9062E-41,1.4379E-40,1.9326E-40,2.1727E-40,2.1818E-40,3.4483E-40,7.7348E-40,8.5968E-40,1.4901E-39,7.9842E-39,4.0092E-38,4.9613E-38,1.3367E-37,2.352E-37,3.6968E-37,4.3504E-37,7.9182E-37,8.2113E-37,1.452E-36,3.374E-36,7.0592E-36,9.6346E-36,3.9095E-35,4.1365E-35,1.2811E-34,2.4302E-34,2.873E-34,5.8823E-34,8.8382E-34,8.8993E-34,1.103E-33,2.5656E-32,5.6112E-31,1.1554E-30,1.1813E-30,1.1841E-30,2.5921E-30,9.2714E-30,1.1174E-29,1.2675E-29,9.3155E-29,1.1687E-28,1.3198E-28,9.5878E-28,4.6461E-27,1.2184E-26,2.3039E-26,4.9554E-26,7.9883E-25,2.0909E-24,2.3456E-24,8.5898E-24,3.6266E-23,6.9151E-23,6.9319E-23,1.7254E-22,2.871E-22,4.0693E-22,6.3372E-22,9.1971E-22,1.5427E-21,1.9206E-21,3.6217E-21,1.0916E-20,1.7746E-20,3.8231E-20,1.7454E-19,2.0309E-19,3.6268E-19,5.0986E-19,1.3804E-18,7.5993E-18,1.201E-17,4.2127E-17,1.1343E-16,1.9372E-16,4.9156E-16,5.563E-16,6.2389E-16,1.1119E-15,1.536E-15,1.5466E-15,2.0183E-15,2.4674E-15,3.469E-15,3.5688E-15,3.6135E-15,3.8738E-15,4.6875E-15,6.4247E-15,7.5668E-15,1.599E-14,1.6013E-14,3.8988E-14,3.9444E-14,4.764E-14,5.3814E-14,5.8203E-14,7.5079E-14,9.7716E-14,2.2352E-13,2.5135E-13,3.6615E-13,1.8274E-12,2.9556E-12,3.471E-12,9.2628E-12,1.0406E-11,1.1837E-11,3.1255E-11,3.5826E-11,5.3635E-11,6.3113E-11,6.6744E-11,7.4325E-11,1.4863E-10,3.0031E-10,3.2264E-10,3.8833E-10,5.385E-10,0.0000000014261,0.0000000014877,0.0000000015916,0.0000000078341,0.000000021893,0.00000003343,0.000000039935,0.000000065,0.000000082129,0.000000091902,0.00000013965,0.00000030435,0.00000045944,0.0000004996,0.0000005441,0.00000055118,0.00000066505,0.0000031287,0.0000040688,0.0000043093,0.0000049416,0.0000072197,0.0000086796,0.000015088,0.000016173,0.000017783,0.000018603,0.000021446,0.000026655,0.000029455,0.000031898,0.000041721,0.000045955,0.00006156,0.000066407,0.000083856,0.000088831,0.000096752,0.000097158,0.00010348,0.0001236,0.00017803,0.00017932,0.0002415,0.00028236,0.00032307,0.00065841,0.00081946,0.00083721,0.0014201,0.0015999,0.0016206,0.0020998,0.0021133,0.0026112,0.0034489,0.0049842,0.0052862,0.0060748,0.0079659,0.0089338,0.0098891,0.011013,0.015,0.017525,0.017552,0.018996,0.02137,0.02177,0.025531,0.027137,0.028647,0.033108,0.034394,0.037054,0.040147,0.046585,0.052975,0.081032,0.084812,0.08916,0.097114,0.10852,0.10996,0.12886,0.13,0.136,0.14359,0.15471,0.33719,0.35395,0.36193,0.37673,0.38244,0.39997,0.46649,0.47578,0.49222,0.51115,0.52373,0.58311,0.58808,0.64203,0.70357,0.75463,0.7589,0.81205,0.85517,0.85761,0.87497,0.90793,0.90862,0.91014,0.94397,0.9468,0.96256,0.96936,0.9822,0.98511,0.99553,0.99676,1,0.99977
1,1.4072E-42,1.8978E-42,2.24E-42,3.962E-42,8.1579E-42,8.2961E-42,1.0042E-41,2.1647E-41,1.0738E-40,1.4438E-40,1.6235E-40,1.6303E-40,2.5786E-40,5.7915E-40,6.438E-40,1.1169E-39,6.0008E-39,3.0212E-38,3.74E-38,1.0093E-37,1.7776E-37,2.7961E-37,3.2913E-37,5.9965E-37,6.2188E-37,1.1007E-36,2.5614E-36,5.3657E-36,7.3271E-36,2.9803E-35,3.1536E-35,9.7859E-35,1.8584E-34,2.1977E-34,4.5052E-34,6.7739E-34,6.8208E-34,8.457E-34,1.9781E-32,4.3504E-31,8.9698E-31,9.1712E-31,9.1933E-31,2.0153E-30,7.2255E-30,8.7111E-30,9.8836E-30,7.2914E-29,9.1516E-29,1.0337E-28,7.5381E-28,3.6641E-27,9.6266E-27,1.8227E-26,3.9263E-26,6.365E-25,1.6693E-24,1.8731E-24,6.878E-24,2.9127E-23,5.5615E-23,5.575E-23,1.3904E-22,2.316E-22,3.2852E-22,5.1211E-22,7.4382E-22,1.2491E-21,1.5558E-21,2.9379E-21,8.8769E-21,1.4447E-20,3.1178E-20,1.4284E-19,1.6626E-19,2.9731E-19,4.183E-19,1.1351E-18,6.2749E-18,9.9282E-18,3.4931E-17,9.4286E-17,1.6125E-16,4.1014E-16,4.643E-16,5.2086E-16,9.2965E-16,1.2853E-15,1.2942E-15,1.6901E-15,2.0673E-15,2.9091E-15,2.993E-15,3.0306E-15,3.2495E-15,3.9341E-15,5.3966E-15,6.3587E-15,1.3464E-14,1.3483E-14,3.2909E-14,3.3295E-14,4.0234E-14,4.5463E-14,4.9182E-14,6.3487E-14,8.2689E-14,1.8959E-13,2.1326E-13,3.11E-13,1.5594E-12,2.5257E-12,2.9675E-12,7.9425E-12,8.9257E-12,1.0157E-11,2.69E-11,3.0847E-11,4.6239E-11,5.4438E-11,5.758E-11,6.4141E-11,1.2855E-10,2.6032E-10,2.7974E-10,3.3691E-10,4.6769E-10,0.0000000012426,0.0000000012965,0.0000000013873,0.0000000068664,0.000000019259,0.000000029454,0.000000035208,0.000000057394,0.000000072603,0.000000081277,0.0000001237,0.00000027041,0.00000040887,0.00000044476,0.00000048454,0.00000049087,0.00000059273,0.0000028065,0.0000036538,0.0000038708,0.0000044414,0.0000064997,0.0000078204,0.000013629,0.000014613,0.000016075,0.00001682,0.000019403,0.00002414,0.000026688,0.000028913,0.000037865,0.000041727,0.000055976,0.000060405,0.000076366,0.000080919,0.000088173,0.000088545,0.000094333,0.00011278,0.00016275,0.00016393,0.00022113,0.00025875,0.00029627,0.00060616,0.00075536,0.00077182,0.0013133,0.0014805,0.0014998,0.0019464,0.001959,0.0024237,0.0032068,0.0046455,0.0049289,0.0056694,0.0074482,0.0083598,0.0092604,0.010321,0.014089,0.01648,0.016505,0.017874,0.020126,0.020506,0.024078,0.025606,0.027042,0.03129,0.032515,0.035053,0.038004,0.044155,0.050268,0.077194,0.08083,0.085015,0.092679,0.10368,0.10507,0.12334,0.12444,0.13024,0.13759,0.14837,0.32657,0.34305,0.35091,0.36548,0.3711,0.38838,0.45414,0.46334,0.47964,0.49844,0.51093,0.57007,0.57504,0.62899,0.69081,0.74236,0.74668,0.80065,0.84473,0.84723,0.86508,0.89917,0.89988,0.90146,0.93687,0.93986,0.95663,0.96394,0.97797,0.98122,0.99327,0.9948,0.99977,1
